Internal Server Error: /api/google/maps/geocode/
Traceback (most recent call last):
  File "C:\Users\Rahul\AppData\Local\Programs\Python\Python310\lib\site-packages\django\core\handlers\exception.py", line 55, in inner
    response = get_response(request)
  File "C:\Users\Rahul\OneDrive\Desktop\atheletiq\Athletiq\athletiq_django\core\middleware\logging.py", line 37, in __call__
    self._log_request_completion(request, response, request_info, duration)
  File "C:\Users\Rahul\OneDrive\Desktop\atheletiq\Athletiq\athletiq_django\core\middleware\logging.py", line 69, in _log_request_completion
    'timestamp': time.strftime('%Y-%m-%dT%H:%M:%S.%fZ', time.gmtime()),
ValueError: Invalid format string
Internal Server Error: /api/google/status/
Traceback (most recent call last):
  File "C:\Users\Rahul\AppData\Local\Programs\Python\Python310\lib\site-packages\django\core\handlers\exception.py", line 55, in inner
    response = get_response(request)
  File "C:\Users\Rahul\OneDrive\Desktop\atheletiq\Athletiq\athletiq_django\core\middleware\logging.py", line 37, in __call__
    self._log_request_completion(request, response, request_info, duration)
  File "C:\Users\Rahul\OneDrive\Desktop\atheletiq\Athletiq\athletiq_django\core\middleware\logging.py", line 69, in _log_request_completion
    'timestamp': time.strftime('%Y-%m-%dT%H:%M:%S.%fZ', time.gmtime()),
ValueError: Invalid format string
Internal Server Error: /api/google/translate/text/
Traceback (most recent call last):
  File "C:\Users\Rahul\AppData\Local\Programs\Python\Python310\lib\site-packages\django\core\handlers\exception.py", line 55, in inner
    response = get_response(request)
  File "C:\Users\Rahul\OneDrive\Desktop\atheletiq\Athletiq\athletiq_django\core\middleware\logging.py", line 37, in __call__
    self._log_request_completion(request, response, request_info, duration)
  File "C:\Users\Rahul\OneDrive\Desktop\atheletiq\Athletiq\athletiq_django\core\middleware\logging.py", line 69, in _log_request_completion
    'timestamp': time.strftime('%Y-%m-%dT%H:%M:%S.%fZ', time.gmtime()),
ValueError: Invalid format string
Internal Server Error: /api/google/translate/text/
Traceback (most recent call last):
  File "C:\Users\Rahul\AppData\Local\Programs\Python\Python310\lib\site-packages\django\core\handlers\exception.py", line 55, in inner
    response = get_response(request)
  File "C:\Users\Rahul\OneDrive\Desktop\atheletiq\Athletiq\athletiq_django\core\middleware\logging.py", line 37, in __call__
    self._log_request_completion(request, response, request_info, duration)
  File "C:\Users\Rahul\OneDrive\Desktop\atheletiq\Athletiq\athletiq_django\core\middleware\logging.py", line 69, in _log_request_completion
    'timestamp': time.strftime('%Y-%m-%dT%H:%M:%S.%fZ', time.gmtime()),
ValueError: Invalid format string
Internal Server Error: /api/google/vision/ocr/
Traceback (most recent call last):
  File "C:\Users\Rahul\AppData\Local\Programs\Python\Python310\lib\site-packages\django\core\handlers\exception.py", line 55, in inner
    response = get_response(request)
  File "C:\Users\Rahul\OneDrive\Desktop\atheletiq\Athletiq\athletiq_django\core\middleware\logging.py", line 37, in __call__
    self._log_request_completion(request, response, request_info, duration)
  File "C:\Users\Rahul\OneDrive\Desktop\atheletiq\Athletiq\athletiq_django\core\middleware\logging.py", line 69, in _log_request_completion
    'timestamp': time.strftime('%Y-%m-%dT%H:%M:%S.%fZ', time.gmtime()),
ValueError: Invalid format string
Internal Server Error: /api/auth/csrf/
Traceback (most recent call last):
  File "C:\Users\Rahul\AppData\Local\Programs\Python\Python310\lib\site-packages\django\core\handlers\exception.py", line 55, in inner
    response = get_response(request)
  File "C:\Users\Rahul\OneDrive\Desktop\atheletiq\Athletiq\athletiq_django\core\middleware\logging.py", line 37, in __call__
    self._log_request_completion(request, response, request_info, duration)
  File "C:\Users\Rahul\OneDrive\Desktop\atheletiq\Athletiq\athletiq_django\core\middleware\logging.py", line 69, in _log_request_completion
    'timestamp': time.strftime('%Y-%m-%dT%H:%M:%S.%fZ', time.gmtime()),
ValueError: Invalid format string
Internal Server Error: /api/auth/csrf/
Traceback (most recent call last):
  File "C:\Users\Rahul\AppData\Local\Programs\Python\Python310\lib\site-packages\django\core\handlers\exception.py", line 55, in inner
    response = get_response(request)
  File "C:\Users\Rahul\OneDrive\Desktop\atheletiq\Athletiq\athletiq_django\core\middleware\logging.py", line 37, in __call__
    self._log_request_completion(request, response, request_info, duration)
  File "C:\Users\Rahul\OneDrive\Desktop\atheletiq\Athletiq\athletiq_django\core\middleware\logging.py", line 69, in _log_request_completion
    'timestamp': time.strftime('%Y-%m-%dT%H:%M:%S.%fZ', time.gmtime()),
ValueError: Invalid format string
Internal Server Error: /api/auth/csrf/
Traceback (most recent call last):
  File "C:\Users\Rahul\AppData\Local\Programs\Python\Python310\lib\site-packages\django\core\handlers\exception.py", line 55, in inner
    response = get_response(request)
  File "C:\Users\Rahul\OneDrive\Desktop\atheletiq\Athletiq\athletiq_django\core\middleware\logging.py", line 37, in __call__
    self._log_request_completion(request, response, request_info, duration)
  File "C:\Users\Rahul\OneDrive\Desktop\atheletiq\Athletiq\athletiq_django\core\middleware\logging.py", line 69, in _log_request_completion
    'timestamp': time.strftime('%Y-%m-%dT%H:%M:%S.%fZ', time.gmtime()),
ValueError: Invalid format string
Internal Server Error: /api/auth/csrf/
Traceback (most recent call last):
  File "C:\Users\Rahul\AppData\Local\Programs\Python\Python310\lib\site-packages\django\core\handlers\exception.py", line 55, in inner
    response = get_response(request)
  File "C:\Users\Rahul\OneDrive\Desktop\atheletiq\Athletiq\athletiq_django\core\middleware\logging.py", line 37, in __call__
    self._log_request_completion(request, response, request_info, duration)
  File "C:\Users\Rahul\OneDrive\Desktop\atheletiq\Athletiq\athletiq_django\core\middleware\logging.py", line 69, in _log_request_completion
    'timestamp': time.strftime('%Y-%m-%dT%H:%M:%S.%fZ', time.gmtime()),
ValueError: Invalid format string
Internal Server Error: /api/auth/csrf/
Traceback (most recent call last):
  File "C:\Users\Rahul\AppData\Local\Programs\Python\Python310\lib\site-packages\django\core\handlers\exception.py", line 55, in inner
    response = get_response(request)
  File "C:\Users\Rahul\OneDrive\Desktop\atheletiq\Athletiq\athletiq_django\core\middleware\logging.py", line 37, in __call__
    self._log_request_completion(request, response, request_info, duration)
  File "C:\Users\Rahul\OneDrive\Desktop\atheletiq\Athletiq\athletiq_django\core\middleware\logging.py", line 69, in _log_request_completion
    'timestamp': time.strftime('%Y-%m-%dT%H:%M:%S.%fZ', time.gmtime()),
ValueError: Invalid format string
Internal Server Error: /api/auth/csrf/
Traceback (most recent call last):
  File "C:\Users\Rahul\AppData\Local\Programs\Python\Python310\lib\site-packages\django\core\handlers\exception.py", line 55, in inner
    response = get_response(request)
  File "C:\Users\Rahul\OneDrive\Desktop\atheletiq\Athletiq\athletiq_django\core\middleware\logging.py", line 37, in __call__
    self._log_request_completion(request, response, request_info, duration)
  File "C:\Users\Rahul\OneDrive\Desktop\atheletiq\Athletiq\athletiq_django\core\middleware\logging.py", line 69, in _log_request_completion
    'timestamp': time.strftime('%Y-%m-%dT%H:%M:%S.000Z', time.gmtime()),
ValueError: Invalid format string
{"level": "error", "message": "Exception: KeyError", "timestamp": "2025-08-22T15:18:42.000Z", "error": {"name": "KeyError", "message": "'username'", "stack": ["Traceback (most recent call last):", "  File \"C:\\Users\\Rahul\\AppData\\Local\\Programs\\Python\\Python310\\lib\\site-packages\\rest_framework\\views.py\", line 512, in dispatch", "    response = handler(request, *args, **kwargs)", "  File \"C:\\Users\\Rahul\\OneDrive\\Desktop\\atheletiq\\Athletiq\\athletiq_django\\apps\\authentication\\views.py\", line 32, in post", "    serializer = self.get_serializer(data=request.data)", "  File \"C:\\Users\\Rahul\\AppData\\Local\\Programs\\Python\\Python310\\lib\\site-packages\\rest_framework\\generics.py\", line 114, in get_serializer", "    return serializer_class(*args, **kwargs)", "  File \"C:\\Users\\Rahul\\OneDrive\\Desktop\\atheletiq\\Athletiq\\athletiq_django\\apps\\authentication\\serializers.py\", line 20, in __init__", "    del self.fields['username']", "  File \"C:\\Users\\Rahul\\AppData\\Local\\Programs\\Python\\Python310\\lib\\site-packages\\rest_framework\\utils\\serializer_helpers.py\", line 173, in __delitem__", "    del self.fields[key]", "KeyError: 'username'", ""]}, "request": {"method": "POST", "path": "/api/auth/login", "ip": "127.0.0.1", "userAgent": "Mozilla/5.0 (Windows NT 10.0; Win64; x64; rv:142.0) Gecko/20100101 Firefox/142.0", "requestId": "c096aa99-bd82-4ee2-9787-f0744a319456", "userId": null}, "response": {"statusCode": 500}, "context": {"view": "CustomTokenObtainPairView", "viewMethod": null}, "meta": {"service": "athletiq-django", "environment": "development"}}
Internal Server Error: /api/auth/login
{"level": "error", "message": "Exception: KeyError", "timestamp": "2025-08-22T15:18:44.000Z", "error": {"name": "KeyError", "message": "'username'", "stack": ["Traceback (most recent call last):", "  File \"C:\\Users\\Rahul\\AppData\\Local\\Programs\\Python\\Python310\\lib\\site-packages\\rest_framework\\views.py\", line 512, in dispatch", "    response = handler(request, *args, **kwargs)", "  File \"C:\\Users\\Rahul\\OneDrive\\Desktop\\atheletiq\\Athletiq\\athletiq_django\\apps\\authentication\\views.py\", line 32, in post", "    serializer = self.get_serializer(data=request.data)", "  File \"C:\\Users\\Rahul\\AppData\\Local\\Programs\\Python\\Python310\\lib\\site-packages\\rest_framework\\generics.py\", line 114, in get_serializer", "    return serializer_class(*args, **kwargs)", "  File \"C:\\Users\\Rahul\\OneDrive\\Desktop\\atheletiq\\Athletiq\\athletiq_django\\apps\\authentication\\serializers.py\", line 20, in __init__", "    del self.fields['username']", "  File \"C:\\Users\\Rahul\\AppData\\Local\\Programs\\Python\\Python310\\lib\\site-packages\\rest_framework\\utils\\serializer_helpers.py\", line 173, in __delitem__", "    del self.fields[key]", "KeyError: 'username'", ""]}, "request": {"method": "POST", "path": "/api/auth/login", "ip": "127.0.0.1", "userAgent": "Mozilla/5.0 (Windows NT 10.0; Win64; x64; rv:142.0) Gecko/20100101 Firefox/142.0", "requestId": "0b68cac4-5a0c-4526-a6b9-c9f0cd28a656", "userId": null}, "response": {"statusCode": 500}, "context": {"view": "CustomTokenObtainPairView", "viewMethod": null}, "meta": {"service": "athletiq-django", "environment": "development"}}
Internal Server Error: /api/auth/login
{"level": "error", "message": "Exception: KeyError", "timestamp": "2025-08-22T15:19:01.000Z", "error": {"name": "KeyError", "message": "'username'", "stack": ["Traceback (most recent call last):", "  File \"C:\\Users\\Rahul\\AppData\\Local\\Programs\\Python\\Python310\\lib\\site-packages\\rest_framework\\views.py\", line 512, in dispatch", "    response = handler(request, *args, **kwargs)", "  File \"C:\\Users\\Rahul\\OneDrive\\Desktop\\atheletiq\\Athletiq\\athletiq_django\\apps\\authentication\\views.py\", line 32, in post", "    serializer = self.get_serializer(data=request.data)", "  File \"C:\\Users\\Rahul\\AppData\\Local\\Programs\\Python\\Python310\\lib\\site-packages\\rest_framework\\generics.py\", line 114, in get_serializer", "    return serializer_class(*args, **kwargs)", "  File \"C:\\Users\\Rahul\\OneDrive\\Desktop\\atheletiq\\Athletiq\\athletiq_django\\apps\\authentication\\serializers.py\", line 20, in __init__", "    del self.fields['username']", "  File \"C:\\Users\\Rahul\\AppData\\Local\\Programs\\Python\\Python310\\lib\\site-packages\\rest_framework\\utils\\serializer_helpers.py\", line 173, in __delitem__", "    del self.fields[key]", "KeyError: 'username'", ""]}, "request": {"method": "POST", "path": "/api/auth/login", "ip": "127.0.0.1", "userAgent": "Mozilla/5.0 (Windows NT 10.0; Win64; x64; rv:142.0) Gecko/20100101 Firefox/142.0", "requestId": "5ede0147-04cf-4609-ba6e-cec86f6da555", "userId": null}, "response": {"statusCode": 500}, "context": {"view": "CustomTokenObtainPairView", "viewMethod": null}, "meta": {"service": "athletiq-django", "environment": "development"}}
Internal Server Error: /api/auth/login
{"level": "error", "message": "Exception: KeyError", "timestamp": "2025-08-22T15:20:38.000Z", "error": {"name": "KeyError", "message": "'username'", "stack": ["Traceback (most recent call last):", "  File \"C:\\Users\\Rahul\\AppData\\Local\\Programs\\Python\\Python310\\lib\\site-packages\\rest_framework\\views.py\", line 512, in dispatch", "    response = handler(request, *args, **kwargs)", "  File \"C:\\Users\\Rahul\\OneDrive\\Desktop\\atheletiq\\Athletiq\\athletiq_django\\apps\\authentication\\views.py\", line 32, in post", "    serializer = self.get_serializer(data=request.data)", "  File \"C:\\Users\\Rahul\\AppData\\Local\\Programs\\Python\\Python310\\lib\\site-packages\\rest_framework\\generics.py\", line 114, in get_serializer", "    return serializer_class(*args, **kwargs)", "  File \"C:\\Users\\Rahul\\OneDrive\\Desktop\\atheletiq\\Athletiq\\athletiq_django\\apps\\authentication\\serializers.py\", line 20, in __init__", "    del self.fields['username']", "  File \"C:\\Users\\Rahul\\AppData\\Local\\Programs\\Python\\Python310\\lib\\site-packages\\rest_framework\\utils\\serializer_helpers.py\", line 173, in __delitem__", "    del self.fields[key]", "KeyError: 'username'", ""]}, "request": {"method": "POST", "path": "/api/auth/login", "ip": "127.0.0.1", "userAgent": "Mozilla/5.0 (Windows NT 10.0; Win64; x64; rv:142.0) Gecko/20100101 Firefox/142.0", "requestId": "acfbda49-dafd-4812-8c72-e556bc45c021", "userId": null}, "response": {"statusCode": 500}, "context": {"view": "CustomTokenObtainPairView", "viewMethod": null}, "meta": {"service": "athletiq-django", "environment": "development"}}
Internal Server Error: /api/auth/login
{"level": "error", "message": "Exception: KeyError", "timestamp": "2025-08-22T15:20:52.000Z", "error": {"name": "KeyError", "message": "'username'", "stack": ["Traceback (most recent call last):", "  File \"C:\\Users\\Rahul\\AppData\\Local\\Programs\\Python\\Python310\\lib\\site-packages\\rest_framework\\views.py\", line 512, in dispatch", "    response = handler(request, *args, **kwargs)", "  File \"C:\\Users\\Rahul\\OneDrive\\Desktop\\atheletiq\\Athletiq\\athletiq_django\\apps\\authentication\\views.py\", line 32, in post", "    serializer = self.get_serializer(data=request.data)", "  File \"C:\\Users\\Rahul\\AppData\\Local\\Programs\\Python\\Python310\\lib\\site-packages\\rest_framework\\generics.py\", line 114, in get_serializer", "    return serializer_class(*args, **kwargs)", "  File \"C:\\Users\\Rahul\\OneDrive\\Desktop\\atheletiq\\Athletiq\\athletiq_django\\apps\\authentication\\serializers.py\", line 20, in __init__", "    del self.fields['username']", "  File \"C:\\Users\\Rahul\\AppData\\Local\\Programs\\Python\\Python310\\lib\\site-packages\\rest_framework\\utils\\serializer_helpers.py\", line 173, in __delitem__", "    del self.fields[key]", "KeyError: 'username'", ""]}, "request": {"method": "POST", "path": "/api/auth/login", "ip": "127.0.0.1", "userAgent": "Mozilla/5.0 (Windows NT 10.0; Win64; x64; rv:142.0) Gecko/20100101 Firefox/142.0", "requestId": "75edab38-f701-46bf-9067-72e0ea5f1203", "userId": null}, "response": {"statusCode": 500}, "context": {"view": "CustomTokenObtainPairView", "viewMethod": null}, "meta": {"service": "athletiq-django", "environment": "development"}}
Internal Server Error: /api/auth/login
{"level": "error", "message": "Exception: KeyError", "timestamp": "2025-08-22T15:21:43.000Z", "error": {"name": "KeyError", "message": "'username'", "stack": ["Traceback (most recent call last):", "  File \"C:\\Users\\Rahul\\AppData\\Local\\Programs\\Python\\Python310\\lib\\site-packages\\rest_framework\\views.py\", line 512, in dispatch", "    response = handler(request, *args, **kwargs)", "  File \"C:\\Users\\Rahul\\OneDrive\\Desktop\\atheletiq\\Athletiq\\athletiq_django\\apps\\authentication\\views.py\", line 32, in post", "    serializer = self.get_serializer(data=request.data)", "  File \"C:\\Users\\Rahul\\AppData\\Local\\Programs\\Python\\Python310\\lib\\site-packages\\rest_framework\\generics.py\", line 114, in get_serializer", "    return serializer_class(*args, **kwargs)", "  File \"C:\\Users\\Rahul\\OneDrive\\Desktop\\atheletiq\\Athletiq\\athletiq_django\\apps\\authentication\\serializers.py\", line 20, in __init__", "    del self.fields['username']", "  File \"C:\\Users\\Rahul\\AppData\\Local\\Programs\\Python\\Python310\\lib\\site-packages\\rest_framework\\utils\\serializer_helpers.py\", line 173, in __delitem__", "    del self.fields[key]", "KeyError: 'username'", ""]}, "request": {"method": "POST", "path": "/api/auth/login", "ip": "127.0.0.1", "userAgent": "Mozilla/5.0 (Windows NT 10.0; Win64; x64; rv:142.0) Gecko/20100101 Firefox/142.0", "requestId": "f042a869-04dd-4781-b3a5-ad8894eab213", "userId": null}, "response": {"statusCode": 500}, "context": {"view": "CustomTokenObtainPairView", "viewMethod": null}, "meta": {"service": "athletiq-django", "environment": "development"}}
Internal Server Error: /api/auth/login
{"level": "error", "message": "Exception: KeyError", "timestamp": "2025-08-22T15:22:26.000Z", "error": {"name": "KeyError", "message": "'username'", "stack": ["Traceback (most recent call last):", "  File \"C:\\Users\\Rahul\\AppData\\Local\\Programs\\Python\\Python310\\lib\\site-packages\\rest_framework\\views.py\", line 512, in dispatch", "    response = handler(request, *args, **kwargs)", "  File \"C:\\Users\\Rahul\\OneDrive\\Desktop\\atheletiq\\Athletiq\\athletiq_django\\apps\\authentication\\views.py\", line 32, in post", "    serializer = self.get_serializer(data=request.data)", "  File \"C:\\Users\\Rahul\\AppData\\Local\\Programs\\Python\\Python310\\lib\\site-packages\\rest_framework\\generics.py\", line 114, in get_serializer", "    return serializer_class(*args, **kwargs)", "  File \"C:\\Users\\Rahul\\OneDrive\\Desktop\\atheletiq\\Athletiq\\athletiq_django\\apps\\authentication\\serializers.py\", line 20, in __init__", "    del self.fields['username']", "  File \"C:\\Users\\Rahul\\AppData\\Local\\Programs\\Python\\Python310\\lib\\site-packages\\rest_framework\\utils\\serializer_helpers.py\", line 173, in __delitem__", "    del self.fields[key]", "KeyError: 'username'", ""]}, "request": {"method": "POST", "path": "/api/auth/login", "ip": "127.0.0.1", "userAgent": "Mozilla/5.0 (Windows NT 10.0; Win64; x64; rv:142.0) Gecko/20100101 Firefox/142.0", "requestId": "e72698c6-0aa2-4dc0-bf16-b00eb52e82c3", "userId": null}, "response": {"statusCode": 500}, "context": {"view": "CustomTokenObtainPairView", "viewMethod": null}, "meta": {"service": "athletiq-django", "environment": "development"}}
Internal Server Error: /api/auth/login
{"level": "error", "message": "Exception: KeyError", "timestamp": "2025-08-22T15:22:39.000Z", "error": {"name": "KeyError", "message": "'username'", "stack": ["Traceback (most recent call last):", "  File \"C:\\Users\\Rahul\\AppData\\Local\\Programs\\Python\\Python310\\lib\\site-packages\\rest_framework\\views.py\", line 512, in dispatch", "    response = handler(request, *args, **kwargs)", "  File \"C:\\Users\\Rahul\\OneDrive\\Desktop\\atheletiq\\Athletiq\\athletiq_django\\apps\\authentication\\views.py\", line 32, in post", "    serializer = self.get_serializer(data=request.data)", "  File \"C:\\Users\\Rahul\\AppData\\Local\\Programs\\Python\\Python310\\lib\\site-packages\\rest_framework\\generics.py\", line 114, in get_serializer", "    return serializer_class(*args, **kwargs)", "  File \"C:\\Users\\Rahul\\OneDrive\\Desktop\\atheletiq\\Athletiq\\athletiq_django\\apps\\authentication\\serializers.py\", line 20, in __init__", "    del self.fields['username']", "  File \"C:\\Users\\Rahul\\AppData\\Local\\Programs\\Python\\Python310\\lib\\site-packages\\rest_framework\\utils\\serializer_helpers.py\", line 173, in __delitem__", "    del self.fields[key]", "KeyError: 'username'", ""]}, "request": {"method": "POST", "path": "/api/auth/login", "ip": "127.0.0.1", "userAgent": "Mozilla/5.0 (Windows NT 10.0; Win64; x64; rv:142.0) Gecko/20100101 Firefox/142.0", "requestId": "f560f6f6-a0de-4bc3-ba9c-7ec4fa64a723", "userId": null}, "response": {"statusCode": 500}, "context": {"view": "CustomTokenObtainPairView", "viewMethod": null}, "meta": {"service": "athletiq-django", "environment": "development"}}
Internal Server Error: /api/auth/login
{"level": "error", "message": "Exception: KeyError", "timestamp": "2025-08-22T15:23:57.000Z", "error": {"name": "KeyError", "message": "'username'", "stack": ["Traceback (most recent call last):", "  File \"C:\\Users\\Rahul\\AppData\\Local\\Programs\\Python\\Python310\\lib\\site-packages\\rest_framework\\views.py\", line 512, in dispatch", "    response = handler(request, *args, **kwargs)", "  File \"C:\\Users\\Rahul\\OneDrive\\Desktop\\atheletiq\\Athletiq\\athletiq_django\\apps\\authentication\\views.py\", line 32, in post", "    serializer = self.get_serializer(data=request.data)", "  File \"C:\\Users\\Rahul\\AppData\\Local\\Programs\\Python\\Python310\\lib\\site-packages\\rest_framework\\generics.py\", line 114, in get_serializer", "    return serializer_class(*args, **kwargs)", "  File \"C:\\Users\\Rahul\\OneDrive\\Desktop\\atheletiq\\Athletiq\\athletiq_django\\apps\\authentication\\serializers.py\", line 20, in __init__", "    del self.fields['username']", "  File \"C:\\Users\\Rahul\\AppData\\Local\\Programs\\Python\\Python310\\lib\\site-packages\\rest_framework\\utils\\serializer_helpers.py\", line 173, in __delitem__", "    del self.fields[key]", "KeyError: 'username'", ""]}, "request": {"method": "POST", "path": "/api/auth/login", "ip": "127.0.0.1", "userAgent": "Mozilla/5.0 (Windows NT 10.0; Win64; x64; rv:142.0) Gecko/20100101 Firefox/142.0", "requestId": "c5e4fee5-b43d-4a20-b999-bacdefecf163", "userId": null}, "response": {"statusCode": 500}, "context": {"view": "CustomTokenObtainPairView", "viewMethod": null}, "meta": {"service": "athletiq-django", "environment": "development"}}
Internal Server Error: /api/auth/login
{"level": "error", "message": "Exception: KeyError", "timestamp": "2025-08-22T15:25:05.000Z", "error": {"name": "KeyError", "message": "'username'", "stack": ["Traceback (most recent call last):", "  File \"C:\\Users\\Rahul\\AppData\\Local\\Programs\\Python\\Python310\\lib\\site-packages\\rest_framework\\views.py\", line 512, in dispatch", "    response = handler(request, *args, **kwargs)", "  File \"C:\\Users\\Rahul\\OneDrive\\Desktop\\atheletiq\\Athletiq\\athletiq_django\\apps\\authentication\\views.py\", line 32, in post", "    serializer = self.get_serializer(data=request.data)", "  File \"C:\\Users\\Rahul\\AppData\\Local\\Programs\\Python\\Python310\\lib\\site-packages\\rest_framework\\generics.py\", line 114, in get_serializer", "    return serializer_class(*args, **kwargs)", "  File \"C:\\Users\\Rahul\\OneDrive\\Desktop\\atheletiq\\Athletiq\\athletiq_django\\apps\\authentication\\serializers.py\", line 20, in __init__", "    del self.fields['username']", "  File \"C:\\Users\\Rahul\\AppData\\Local\\Programs\\Python\\Python310\\lib\\site-packages\\rest_framework\\utils\\serializer_helpers.py\", line 173, in __delitem__", "    del self.fields[key]", "KeyError: 'username'", ""]}, "request": {"method": "POST", "path": "/api/auth/login", "ip": "127.0.0.1", "userAgent": "Mozilla/5.0 (Windows NT 10.0; Win64; x64; rv:142.0) Gecko/20100101 Firefox/142.0", "requestId": "bd2651bb-210f-4b89-a1b4-711839419cc6", "userId": null}, "response": {"statusCode": 500}, "context": {"view": "CustomTokenObtainPairView", "viewMethod": null}, "meta": {"service": "athletiq-django", "environment": "development"}}
Internal Server Error: /api/auth/login
{"level": "error", "message": "Exception: KeyError", "timestamp": "2025-08-22T15:26:04.000Z", "error": {"name": "KeyError", "message": "'username'", "stack": ["Traceback (most recent call last):", "  File \"C:\\Users\\Rahul\\AppData\\Local\\Programs\\Python\\Python310\\lib\\site-packages\\rest_framework\\views.py\", line 512, in dispatch", "    response = handler(request, *args, **kwargs)", "  File \"C:\\Users\\Rahul\\OneDrive\\Desktop\\atheletiq\\Athletiq\\athletiq_django\\apps\\authentication\\views.py\", line 32, in post", "    serializer = self.get_serializer(data=request.data)", "  File \"C:\\Users\\Rahul\\AppData\\Local\\Programs\\Python\\Python310\\lib\\site-packages\\rest_framework\\generics.py\", line 114, in get_serializer", "    return serializer_class(*args, **kwargs)", "  File \"C:\\Users\\Rahul\\OneDrive\\Desktop\\atheletiq\\Athletiq\\athletiq_django\\apps\\authentication\\serializers.py\", line 20, in __init__", "    del self.fields['username']", "  File \"C:\\Users\\Rahul\\AppData\\Local\\Programs\\Python\\Python310\\lib\\site-packages\\rest_framework\\utils\\serializer_helpers.py\", line 173, in __delitem__", "    del self.fields[key]", "KeyError: 'username'", ""]}, "request": {"method": "POST", "path": "/api/auth/login", "ip": "127.0.0.1", "userAgent": "Mozilla/5.0 (Windows NT 10.0; Win64; x64; rv:142.0) Gecko/20100101 Firefox/142.0", "requestId": "9113c98e-e871-4f76-86f2-a8397f0f03cb", "userId": null}, "response": {"statusCode": 500}, "context": {"view": "CustomTokenObtainPairView", "viewMethod": null}, "meta": {"service": "athletiq-django", "environment": "development"}}
Internal Server Error: /api/auth/login
{"level": "error", "message": "Exception: KeyError", "timestamp": "2025-08-22T15:26:06.000Z", "error": {"name": "KeyError", "message": "'username'", "stack": ["Traceback (most recent call last):", "  File \"C:\\Users\\Rahul\\AppData\\Local\\Programs\\Python\\Python310\\lib\\site-packages\\rest_framework\\views.py\", line 512, in dispatch", "    response = handler(request, *args, **kwargs)", "  File \"C:\\Users\\Rahul\\OneDrive\\Desktop\\atheletiq\\Athletiq\\athletiq_django\\apps\\authentication\\views.py\", line 32, in post", "    serializer = self.get_serializer(data=request.data)", "  File \"C:\\Users\\Rahul\\AppData\\Local\\Programs\\Python\\Python310\\lib\\site-packages\\rest_framework\\generics.py\", line 114, in get_serializer", "    return serializer_class(*args, **kwargs)", "  File \"C:\\Users\\Rahul\\OneDrive\\Desktop\\atheletiq\\Athletiq\\athletiq_django\\apps\\authentication\\serializers.py\", line 20, in __init__", "    del self.fields['username']", "  File \"C:\\Users\\Rahul\\AppData\\Local\\Programs\\Python\\Python310\\lib\\site-packages\\rest_framework\\utils\\serializer_helpers.py\", line 173, in __delitem__", "    del self.fields[key]", "KeyError: 'username'", ""]}, "request": {"method": "POST", "path": "/api/auth/login", "ip": "127.0.0.1", "userAgent": "Mozilla/5.0 (Windows NT 10.0; Win64; x64; rv:142.0) Gecko/20100101 Firefox/142.0", "requestId": "5ad3a043-b315-45e4-b4e6-a1c4e2e537b3", "userId": null}, "response": {"statusCode": 500}, "context": {"view": "CustomTokenObtainPairView", "viewMethod": null}, "meta": {"service": "athletiq-django", "environment": "development"}}
Internal Server Error: /api/auth/login
{"level": "error", "message": "Exception: KeyError", "timestamp": "2025-08-22T15:26:06.000Z", "error": {"name": "KeyError", "message": "'username'", "stack": ["Traceback (most recent call last):", "  File \"C:\\Users\\Rahul\\AppData\\Local\\Programs\\Python\\Python310\\lib\\site-packages\\rest_framework\\views.py\", line 512, in dispatch", "    response = handler(request, *args, **kwargs)", "  File \"C:\\Users\\Rahul\\OneDrive\\Desktop\\atheletiq\\Athletiq\\athletiq_django\\apps\\authentication\\views.py\", line 32, in post", "    serializer = self.get_serializer(data=request.data)", "  File \"C:\\Users\\Rahul\\AppData\\Local\\Programs\\Python\\Python310\\lib\\site-packages\\rest_framework\\generics.py\", line 114, in get_serializer", "    return serializer_class(*args, **kwargs)", "  File \"C:\\Users\\Rahul\\OneDrive\\Desktop\\atheletiq\\Athletiq\\athletiq_django\\apps\\authentication\\serializers.py\", line 20, in __init__", "    del self.fields['username']", "  File \"C:\\Users\\Rahul\\AppData\\Local\\Programs\\Python\\Python310\\lib\\site-packages\\rest_framework\\utils\\serializer_helpers.py\", line 173, in __delitem__", "    del self.fields[key]", "KeyError: 'username'", ""]}, "request": {"method": "POST", "path": "/api/auth/login", "ip": "127.0.0.1", "userAgent": "Mozilla/5.0 (Windows NT 10.0; Win64; x64; rv:142.0) Gecko/20100101 Firefox/142.0", "requestId": "9e6fd985-1df7-4ebb-afee-d11b00470f4f", "userId": null}, "response": {"statusCode": 500}, "context": {"view": "CustomTokenObtainPairView", "viewMethod": null}, "meta": {"service": "athletiq-django", "environment": "development"}}
Internal Server Error: /api/auth/login
{"level": "error", "message": "Exception: KeyError", "timestamp": "2025-08-22T15:26:15.000Z", "error": {"name": "KeyError", "message": "'username'", "stack": ["Traceback (most recent call last):", "  File \"C:\\Users\\Rahul\\AppData\\Local\\Programs\\Python\\Python310\\lib\\site-packages\\rest_framework\\views.py\", line 512, in dispatch", "    response = handler(request, *args, **kwargs)", "  File \"C:\\Users\\Rahul\\OneDrive\\Desktop\\atheletiq\\Athletiq\\athletiq_django\\apps\\authentication\\views.py\", line 32, in post", "    serializer = self.get_serializer(data=request.data)", "  File \"C:\\Users\\Rahul\\AppData\\Local\\Programs\\Python\\Python310\\lib\\site-packages\\rest_framework\\generics.py\", line 114, in get_serializer", "    return serializer_class(*args, **kwargs)", "  File \"C:\\Users\\Rahul\\OneDrive\\Desktop\\atheletiq\\Athletiq\\athletiq_django\\apps\\authentication\\serializers.py\", line 20, in __init__", "    del self.fields['username']", "  File \"C:\\Users\\Rahul\\AppData\\Local\\Programs\\Python\\Python310\\lib\\site-packages\\rest_framework\\utils\\serializer_helpers.py\", line 173, in __delitem__", "    del self.fields[key]", "KeyError: 'username'", ""]}, "request": {"method": "POST", "path": "/api/auth/login", "ip": "127.0.0.1", "userAgent": "Mozilla/5.0 (Windows NT 10.0; Win64; x64; rv:142.0) Gecko/20100101 Firefox/142.0", "requestId": "2b792365-ed4b-4aff-b545-0240204bdf0c", "userId": null}, "response": {"statusCode": 500}, "context": {"view": "CustomTokenObtainPairView", "viewMethod": null}, "meta": {"service": "athletiq-django", "environment": "development"}}
Internal Server Error: /api/auth/login
{"level": "error", "message": "Exception: KeyError", "timestamp": "2025-08-22T15:26:24.000Z", "error": {"name": "KeyError", "message": "'username'", "stack": ["Traceback (most recent call last):", "  File \"C:\\Users\\Rahul\\AppData\\Local\\Programs\\Python\\Python310\\lib\\site-packages\\rest_framework\\views.py\", line 512, in dispatch", "    response = handler(request, *args, **kwargs)", "  File \"C:\\Users\\Rahul\\OneDrive\\Desktop\\atheletiq\\Athletiq\\athletiq_django\\apps\\authentication\\views.py\", line 32, in post", "    serializer = self.get_serializer(data=request.data)", "  File \"C:\\Users\\Rahul\\AppData\\Local\\Programs\\Python\\Python310\\lib\\site-packages\\rest_framework\\generics.py\", line 114, in get_serializer", "    return serializer_class(*args, **kwargs)", "  File \"C:\\Users\\Rahul\\OneDrive\\Desktop\\atheletiq\\Athletiq\\athletiq_django\\apps\\authentication\\serializers.py\", line 20, in __init__", "    del self.fields['username']", "  File \"C:\\Users\\Rahul\\AppData\\Local\\Programs\\Python\\Python310\\lib\\site-packages\\rest_framework\\utils\\serializer_helpers.py\", line 173, in __delitem__", "    del self.fields[key]", "KeyError: 'username'", ""]}, "request": {"method": "POST", "path": "/api/auth/login", "ip": "127.0.0.1", "userAgent": "Mozilla/5.0 (Windows NT 10.0; Win64; x64; rv:142.0) Gecko/20100101 Firefox/142.0", "requestId": "cd2f8ac8-40fe-46fd-b373-6e55eb9b4ac0", "userId": null}, "response": {"statusCode": 500}, "context": {"view": "CustomTokenObtainPairView", "viewMethod": null}, "meta": {"service": "athletiq-django", "environment": "development"}}
Internal Server Error: /api/auth/login
{"level": "error", "message": "Exception: KeyError", "timestamp": "2025-08-22T15:28:04.000Z", "error": {"name": "KeyError", "message": "'username'", "stack": ["Traceback (most recent call last):", "  File \"C:\\Users\\Rahul\\AppData\\Local\\Programs\\Python\\Python310\\lib\\site-packages\\rest_framework\\views.py\", line 512, in dispatch", "    response = handler(request, *args, **kwargs)", "  File \"C:\\Users\\Rahul\\OneDrive\\Desktop\\atheletiq\\Athletiq\\athletiq_django\\apps\\authentication\\views.py\", line 32, in post", "    serializer = self.get_serializer(data=request.data)", "  File \"C:\\Users\\Rahul\\AppData\\Local\\Programs\\Python\\Python310\\lib\\site-packages\\rest_framework\\generics.py\", line 114, in get_serializer", "    return serializer_class(*args, **kwargs)", "  File \"C:\\Users\\Rahul\\OneDrive\\Desktop\\atheletiq\\Athletiq\\athletiq_django\\apps\\authentication\\serializers.py\", line 20, in __init__", "    del self.fields['username']", "  File \"C:\\Users\\Rahul\\AppData\\Local\\Programs\\Python\\Python310\\lib\\site-packages\\rest_framework\\utils\\serializer_helpers.py\", line 173, in __delitem__", "    del self.fields[key]", "KeyError: 'username'", ""]}, "request": {"method": "POST", "path": "/api/auth/login", "ip": "127.0.0.1", "userAgent": "Mozilla/5.0 (Windows NT 10.0; Win64; x64; rv:142.0) Gecko/20100101 Firefox/142.0", "requestId": "217081d0-726e-4700-b39d-32c0e6cfbf62", "userId": null}, "response": {"statusCode": 500}, "context": {"view": "CustomTokenObtainPairView", "viewMethod": null}, "meta": {"service": "athletiq-django", "environment": "development"}}
Internal Server Error: /api/auth/login
{"level": "error", "message": "Exception: KeyError", "timestamp": "2025-08-22T15:39:52.000Z", "error": {"name": "KeyError", "message": "'username'", "stack": ["Traceback (most recent call last):", "  File \"C:\\Users\\Rahul\\AppData\\Local\\Programs\\Python\\Python310\\lib\\site-packages\\rest_framework\\views.py\", line 512, in dispatch", "    response = handler(request, *args, **kwargs)", "  File \"C:\\Users\\Rahul\\OneDrive\\Desktop\\atheletiq\\Athletiq\\athletiq_django\\apps\\authentication\\views.py\", line 32, in post", "    serializer = self.get_serializer(data=request.data)", "  File \"C:\\Users\\Rahul\\AppData\\Local\\Programs\\Python\\Python310\\lib\\site-packages\\rest_framework\\generics.py\", line 114, in get_serializer", "    return serializer_class(*args, **kwargs)", "  File \"C:\\Users\\Rahul\\OneDrive\\Desktop\\atheletiq\\Athletiq\\athletiq_django\\apps\\authentication\\serializers.py\", line 20, in __init__", "    del self.fields['username']", "  File \"C:\\Users\\Rahul\\AppData\\Local\\Programs\\Python\\Python310\\lib\\site-packages\\rest_framework\\utils\\serializer_helpers.py\", line 173, in __delitem__", "    del self.fields[key]", "KeyError: 'username'", ""]}, "request": {"method": "POST", "path": "/api/auth/login", "ip": "127.0.0.1", "userAgent": "Mozilla/5.0 (Windows NT 10.0; Win64; x64; rv:142.0) Gecko/20100101 Firefox/142.0", "requestId": "9796db8e-e7c4-477e-b25a-76cf6ddb6a29", "userId": null}, "response": {"statusCode": 500}, "context": {"view": "CustomTokenObtainPairView", "viewMethod": null}, "meta": {"service": "athletiq-django", "environment": "development"}}
Internal Server Error: /api/auth/login
{"level": "error", "message": "Exception: KeyError", "timestamp": "2025-08-22T15:40:15.000Z", "error": {"name": "KeyError", "message": "'username'", "stack": ["Traceback (most recent call last):", "  File \"C:\\Users\\Rahul\\AppData\\Local\\Programs\\Python\\Python310\\lib\\site-packages\\rest_framework\\views.py\", line 512, in dispatch", "    response = handler(request, *args, **kwargs)", "  File \"C:\\Users\\Rahul\\OneDrive\\Desktop\\atheletiq\\Athletiq\\athletiq_django\\apps\\authentication\\views.py\", line 32, in post", "    serializer = self.get_serializer(data=request.data)", "  File \"C:\\Users\\Rahul\\AppData\\Local\\Programs\\Python\\Python310\\lib\\site-packages\\rest_framework\\generics.py\", line 114, in get_serializer", "    return serializer_class(*args, **kwargs)", "  File \"C:\\Users\\Rahul\\OneDrive\\Desktop\\atheletiq\\Athletiq\\athletiq_django\\apps\\authentication\\serializers.py\", line 20, in __init__", "    del self.fields['username']", "  File \"C:\\Users\\Rahul\\AppData\\Local\\Programs\\Python\\Python310\\lib\\site-packages\\rest_framework\\utils\\serializer_helpers.py\", line 173, in __delitem__", "    del self.fields[key]", "KeyError: 'username'", ""]}, "request": {"method": "POST", "path": "/api/auth/login", "ip": "127.0.0.1", "userAgent": "Mozilla/5.0 (Windows NT 10.0; Win64; x64; rv:142.0) Gecko/20100101 Firefox/142.0", "requestId": "c06187df-65ed-4a6a-b8c0-41a85d17356b", "userId": null}, "response": {"statusCode": 500}, "context": {"view": "CustomTokenObtainPairView", "viewMethod": null}, "meta": {"service": "athletiq-django", "environment": "development"}}
Internal Server Error: /api/auth/login
{"level": "error", "message": "Exception: KeyError", "timestamp": "2025-08-22T15:40:36.000Z", "error": {"name": "KeyError", "message": "'username'", "stack": ["Traceback (most recent call last):", "  File \"C:\\Users\\Rahul\\AppData\\Local\\Programs\\Python\\Python310\\lib\\site-packages\\rest_framework\\views.py\", line 512, in dispatch", "    response = handler(request, *args, **kwargs)", "  File \"C:\\Users\\Rahul\\OneDrive\\Desktop\\atheletiq\\Athletiq\\athletiq_django\\apps\\authentication\\views.py\", line 32, in post", "    serializer = self.get_serializer(data=request.data)", "  File \"C:\\Users\\Rahul\\AppData\\Local\\Programs\\Python\\Python310\\lib\\site-packages\\rest_framework\\generics.py\", line 114, in get_serializer", "    return serializer_class(*args, **kwargs)", "  File \"C:\\Users\\Rahul\\OneDrive\\Desktop\\atheletiq\\Athletiq\\athletiq_django\\apps\\authentication\\serializers.py\", line 20, in __init__", "    del self.fields['username']", "  File \"C:\\Users\\Rahul\\AppData\\Local\\Programs\\Python\\Python310\\lib\\site-packages\\rest_framework\\utils\\serializer_helpers.py\", line 173, in __delitem__", "    del self.fields[key]", "KeyError: 'username'", ""]}, "request": {"method": "POST", "path": "/api/auth/login", "ip": "127.0.0.1", "userAgent": "Mozilla/5.0 (Windows NT 10.0; Win64; x64; rv:142.0) Gecko/20100101 Firefox/142.0", "requestId": "442791dd-99bb-4286-bb79-297f82dba359", "userId": null}, "response": {"statusCode": 500}, "context": {"view": "CustomTokenObtainPairView", "viewMethod": null}, "meta": {"service": "athletiq-django", "environment": "development"}}
Internal Server Error: /api/auth/login
{"level": "error", "message": "Exception: KeyError", "timestamp": "2025-08-22T15:41:57.000Z", "error": {"name": "KeyError", "message": "'username'", "stack": ["Traceback (most recent call last):", "  File \"C:\\Users\\Rahul\\AppData\\Local\\Programs\\Python\\Python310\\lib\\site-packages\\rest_framework\\views.py\", line 512, in dispatch", "    response = handler(request, *args, **kwargs)", "  File \"C:\\Users\\Rahul\\OneDrive\\Desktop\\atheletiq\\Athletiq\\athletiq_django\\apps\\authentication\\views.py\", line 32, in post", "    serializer = self.get_serializer(data=request.data)", "  File \"C:\\Users\\Rahul\\AppData\\Local\\Programs\\Python\\Python310\\lib\\site-packages\\rest_framework\\generics.py\", line 114, in get_serializer", "    return serializer_class(*args, **kwargs)", "  File \"C:\\Users\\Rahul\\OneDrive\\Desktop\\atheletiq\\Athletiq\\athletiq_django\\apps\\authentication\\serializers.py\", line 20, in __init__", "    del self.fields['username']", "  File \"C:\\Users\\Rahul\\AppData\\Local\\Programs\\Python\\Python310\\lib\\site-packages\\rest_framework\\utils\\serializer_helpers.py\", line 173, in __delitem__", "    del self.fields[key]", "KeyError: 'username'", ""]}, "request": {"method": "POST", "path": "/api/auth/login", "ip": "127.0.0.1", "userAgent": "Mozilla/5.0 (Windows NT 10.0; Win64; x64; rv:142.0) Gecko/20100101 Firefox/142.0", "requestId": "c38729c8-c5ec-43e1-a1f9-6b03416708be", "userId": null}, "response": {"statusCode": 500}, "context": {"view": "CustomTokenObtainPairView", "viewMethod": null}, "meta": {"service": "athletiq-django", "environment": "development"}}
Internal Server Error: /api/auth/login
{"level": "error", "message": "Exception: KeyError", "timestamp": "2025-08-22T15:42:42.000Z", "error": {"name": "KeyError", "message": "'username'", "stack": ["Traceback (most recent call last):", "  File \"C:\\Users\\Rahul\\AppData\\Local\\Programs\\Python\\Python310\\lib\\site-packages\\rest_framework\\views.py\", line 512, in dispatch", "    response = handler(request, *args, **kwargs)", "  File \"C:\\Users\\Rahul\\OneDrive\\Desktop\\atheletiq\\Athletiq\\athletiq_django\\apps\\authentication\\views.py\", line 32, in post", "    serializer = self.get_serializer(data=request.data)", "  File \"C:\\Users\\Rahul\\AppData\\Local\\Programs\\Python\\Python310\\lib\\site-packages\\rest_framework\\generics.py\", line 114, in get_serializer", "    return serializer_class(*args, **kwargs)", "  File \"C:\\Users\\Rahul\\OneDrive\\Desktop\\atheletiq\\Athletiq\\athletiq_django\\apps\\authentication\\serializers.py\", line 20, in __init__", "    del self.fields['username']", "  File \"C:\\Users\\Rahul\\AppData\\Local\\Programs\\Python\\Python310\\lib\\site-packages\\rest_framework\\utils\\serializer_helpers.py\", line 173, in __delitem__", "    del self.fields[key]", "KeyError: 'username'", ""]}, "request": {"method": "POST", "path": "/api/auth/login", "ip": "127.0.0.1", "userAgent": "Mozilla/5.0 (Windows NT 10.0; Win64; x64; rv:142.0) Gecko/20100101 Firefox/142.0", "requestId": "11dda97f-821f-4e33-9497-b309449ddd57", "userId": null}, "response": {"statusCode": 500}, "context": {"view": "CustomTokenObtainPairView", "viewMethod": null}, "meta": {"service": "athletiq-django", "environment": "development"}}
Internal Server Error: /api/auth/login
{"level": "error", "message": "Exception: KeyError", "timestamp": "2025-08-22T15:43:22.000Z", "error": {"name": "KeyError", "message": "'username'", "stack": ["Traceback (most recent call last):", "  File \"C:\\Users\\Rahul\\AppData\\Local\\Programs\\Python\\Python310\\lib\\site-packages\\rest_framework\\views.py\", line 512, in dispatch", "    response = handler(request, *args, **kwargs)", "  File \"C:\\Users\\Rahul\\OneDrive\\Desktop\\atheletiq\\Athletiq\\athletiq_django\\apps\\authentication\\views.py\", line 32, in post", "    serializer = self.get_serializer(data=request.data)", "  File \"C:\\Users\\Rahul\\AppData\\Local\\Programs\\Python\\Python310\\lib\\site-packages\\rest_framework\\generics.py\", line 114, in get_serializer", "    return serializer_class(*args, **kwargs)", "  File \"C:\\Users\\Rahul\\OneDrive\\Desktop\\atheletiq\\Athletiq\\athletiq_django\\apps\\authentication\\serializers.py\", line 20, in __init__", "    # Only delete 'username' field if it exists", "  File \"C:\\Users\\Rahul\\AppData\\Local\\Programs\\Python\\Python310\\lib\\site-packages\\rest_framework\\utils\\serializer_helpers.py\", line 173, in __delitem__", "    del self.fields[key]", "KeyError: 'username'", ""]}, "request": {"method": "POST", "path": "/api/auth/login", "ip": "127.0.0.1", "userAgent": "Mozilla/5.0 (Windows NT 10.0; Win64; x64; rv:142.0) Gecko/20100101 Firefox/142.0", "requestId": "bffecde9-b130-4786-8b86-50fda6836a99", "userId": null}, "response": {"statusCode": 500}, "context": {"view": "CustomTokenObtainPairView", "viewMethod": null}, "meta": {"service": "athletiq-django", "environment": "development"}}
Internal Server Error: /api/auth/login
{"level": "error", "message": "Exception: KeyError", "timestamp": "2025-08-22T15:43:32.000Z", "error": {"name": "KeyError", "message": "'username'", "stack": ["Traceback (most recent call last):", "  File \"C:\\Users\\Rahul\\AppData\\Local\\Programs\\Python\\Python310\\lib\\site-packages\\rest_framework\\views.py\", line 512, in dispatch", "    response = handler(request, *args, **kwargs)", "  File \"C:\\Users\\Rahul\\OneDrive\\Desktop\\atheletiq\\Athletiq\\athletiq_django\\apps\\authentication\\views.py\", line 32, in post", "    serializer = self.get_serializer(data=request.data)", "  File \"C:\\Users\\Rahul\\AppData\\Local\\Programs\\Python\\Python310\\lib\\site-packages\\rest_framework\\generics.py\", line 114, in get_serializer", "    return serializer_class(*args, **kwargs)", "  File \"C:\\Users\\Rahul\\OneDrive\\Desktop\\atheletiq\\Athletiq\\athletiq_django\\apps\\authentication\\serializers.py\", line 20, in __init__", "    # Only delete 'username' field if it exists", "  File \"C:\\Users\\Rahul\\AppData\\Local\\Programs\\Python\\Python310\\lib\\site-packages\\rest_framework\\utils\\serializer_helpers.py\", line 173, in __delitem__", "    del self.fields[key]", "KeyError: 'username'", ""]}, "request": {"method": "POST", "path": "/api/auth/login", "ip": "127.0.0.1", "userAgent": "Mozilla/5.0 (Windows NT 10.0; Win64; x64; rv:142.0) Gecko/20100101 Firefox/142.0", "requestId": "ced91695-f48a-4f9a-92e7-13436307fd02", "userId": null}, "response": {"statusCode": 500}, "context": {"view": "CustomTokenObtainPairView", "viewMethod": null}, "meta": {"service": "athletiq-django", "environment": "development"}}
Internal Server Error: /api/auth/login
{"level": "error", "message": "Exception: KeyError", "timestamp": "2025-08-22T15:43:40.000Z", "error": {"name": "KeyError", "message": "'username'", "stack": ["Traceback (most recent call last):", "  File \"C:\\Users\\Rahul\\AppData\\Local\\Programs\\Python\\Python310\\lib\\site-packages\\rest_framework\\views.py\", line 512, in dispatch", "    response = handler(request, *args, **kwargs)", "  File \"C:\\Users\\Rahul\\OneDrive\\Desktop\\atheletiq\\Athletiq\\athletiq_django\\apps\\authentication\\views.py\", line 32, in post", "    serializer = self.get_serializer(data=request.data)", "  File \"C:\\Users\\Rahul\\AppData\\Local\\Programs\\Python\\Python310\\lib\\site-packages\\rest_framework\\generics.py\", line 114, in get_serializer", "    return serializer_class(*args, **kwargs)", "  File \"C:\\Users\\Rahul\\OneDrive\\Desktop\\atheletiq\\Athletiq\\athletiq_django\\apps\\authentication\\serializers.py\", line 20, in __init__", "    # Only delete 'username' field if it exists", "  File \"C:\\Users\\Rahul\\AppData\\Local\\Programs\\Python\\Python310\\lib\\site-packages\\rest_framework\\utils\\serializer_helpers.py\", line 173, in __delitem__", "    del self.fields[key]", "KeyError: 'username'", ""]}, "request": {"method": "POST", "path": "/api/auth/login", "ip": "127.0.0.1", "userAgent": "Mozilla/5.0 (Windows NT 10.0; Win64; x64; rv:142.0) Gecko/20100101 Firefox/142.0", "requestId": "4a80c075-55d4-483f-a560-88f7238cf387", "userId": null}, "response": {"statusCode": 500}, "context": {"view": "CustomTokenObtainPairView", "viewMethod": null}, "meta": {"service": "athletiq-django", "environment": "development"}}
Internal Server Error: /api/auth/login
{"level": "error", "message": "Exception: KeyError", "timestamp": "2025-08-22T15:43:57.000Z", "error": {"name": "KeyError", "message": "'username'", "stack": ["Traceback (most recent call last):", "  File \"C:\\Users\\Rahul\\AppData\\Local\\Programs\\Python\\Python310\\lib\\site-packages\\rest_framework\\views.py\", line 512, in dispatch", "    response = handler(request, *args, **kwargs)", "  File \"C:\\Users\\Rahul\\OneDrive\\Desktop\\atheletiq\\Athletiq\\athletiq_django\\apps\\authentication\\views.py\", line 32, in post", "    serializer = self.get_serializer(data=request.data)", "  File \"C:\\Users\\Rahul\\AppData\\Local\\Programs\\Python\\Python310\\lib\\site-packages\\rest_framework\\generics.py\", line 114, in get_serializer", "    return serializer_class(*args, **kwargs)", "  File \"C:\\Users\\Rahul\\OneDrive\\Desktop\\atheletiq\\Athletiq\\athletiq_django\\apps\\authentication\\serializers.py\", line 20, in __init__", "    # Only delete 'username' field if it exists", "  File \"C:\\Users\\Rahul\\AppData\\Local\\Programs\\Python\\Python310\\lib\\site-packages\\rest_framework\\utils\\serializer_helpers.py\", line 173, in __delitem__", "    del self.fields[key]", "KeyError: 'username'", ""]}, "request": {"method": "POST", "path": "/api/auth/login", "ip": "127.0.0.1", "userAgent": "Mozilla/5.0 (Windows NT 10.0; Win64; x64; rv:142.0) Gecko/20100101 Firefox/142.0", "requestId": "2b36bc10-164e-4d5e-97f3-2351e36ad348", "userId": null}, "response": {"statusCode": 500}, "context": {"view": "CustomTokenObtainPairView", "viewMethod": null}, "meta": {"service": "athletiq-django", "environment": "development"}}
Internal Server Error: /api/auth/login
{"level": "error", "message": "Exception: KeyError", "timestamp": "2025-08-22T15:44:48.000Z", "error": {"name": "KeyError", "message": "'username'", "stack": ["Traceback (most recent call last):", "  File \"C:\\Users\\Rahul\\AppData\\Local\\Programs\\Python\\Python310\\lib\\site-packages\\rest_framework\\views.py\", line 512, in dispatch", "    response = handler(request, *args, **kwargs)", "  File \"C:\\Users\\Rahul\\OneDrive\\Desktop\\atheletiq\\Athletiq\\athletiq_django\\apps\\authentication\\views.py\", line 32, in post", "    serializer = self.get_serializer(data=request.data)", "  File \"C:\\Users\\Rahul\\AppData\\Local\\Programs\\Python\\Python310\\lib\\site-packages\\rest_framework\\generics.py\", line 114, in get_serializer", "    return serializer_class(*args, **kwargs)", "  File \"C:\\Users\\Rahul\\OneDrive\\Desktop\\atheletiq\\Athletiq\\athletiq_django\\apps\\authentication\\serializers.py\", line 20, in __init__", "    # Remove username field safely", "  File \"C:\\Users\\Rahul\\AppData\\Local\\Programs\\Python\\Python310\\lib\\site-packages\\rest_framework\\utils\\serializer_helpers.py\", line 173, in __delitem__", "    del self.fields[key]", "KeyError: 'username'", ""]}, "request": {"method": "POST", "path": "/api/auth/login", "ip": "127.0.0.1", "userAgent": "Mozilla/5.0 (Windows NT 10.0; Win64; x64; rv:142.0) Gecko/20100101 Firefox/142.0", "requestId": "1457b74b-5dfa-441c-be1e-d40c5661051c", "userId": null}, "response": {"statusCode": 500}, "context": {"view": "CustomTokenObtainPairView", "viewMethod": null}, "meta": {"service": "athletiq-django", "environment": "development"}}
Internal Server Error: /api/auth/login
Internal Server Error: /api/athletes
Traceback (most recent call last):
  File "C:\Users\Rahul\AppData\Local\Programs\Python\Python310\lib\site-packages\django\core\handlers\exception.py", line 55, in inner
    response = get_response(request)
  File "C:\Users\Rahul\OneDrive\Desktop\atheletiq\Athletiq\athletiq_django\core\middleware\security.py", line 150, in __call__
    self._add_rate_limit_headers(response, endpoint_type, rate_limit_key)
UnboundLocalError: local variable 'rate_limit_key' referenced before assignment
Internal Server Error: /api/health/stats
Traceback (most recent call last):
  File "C:\Users\Rahul\AppData\Local\Programs\Python\Python310\lib\site-packages\django\core\handlers\exception.py", line 55, in inner
    response = get_response(request)
  File "C:\Users\Rahul\OneDrive\Desktop\atheletiq\Athletiq\athletiq_django\core\middleware\security.py", line 150, in __call__
    self._add_rate_limit_headers(response, endpoint_type, rate_limit_key)
UnboundLocalError: local variable 'rate_limit_key' referenced before assignment
Internal Server Error: /api/schools
Traceback (most recent call last):
  File "C:\Users\Rahul\AppData\Local\Programs\Python\Python310\lib\site-packages\django\core\handlers\exception.py", line 55, in inner
    response = get_response(request)
  File "C:\Users\Rahul\OneDrive\Desktop\atheletiq\Athletiq\athletiq_django\core\middleware\security.py", line 150, in __call__
    self._add_rate_limit_headers(response, endpoint_type, rate_limit_key)
UnboundLocalError: local variable 'rate_limit_key' referenced before assignment
Internal Server Error: /api/health/stats
Traceback (most recent call last):
  File "C:\Users\Rahul\AppData\Local\Programs\Python\Python310\lib\site-packages\django\core\handlers\exception.py", line 55, in inner
    response = get_response(request)
  File "C:\Users\Rahul\OneDrive\Desktop\atheletiq\Athletiq\athletiq_django\core\middleware\security.py", line 150, in __call__
    self._add_rate_limit_headers(response, endpoint_type, rate_limit_key)
UnboundLocalError: local variable 'rate_limit_key' referenced before assignment
Internal Server Error: /api/athletes
Traceback (most recent call last):
  File "C:\Users\Rahul\AppData\Local\Programs\Python\Python310\lib\site-packages\django\core\handlers\exception.py", line 55, in inner
    response = get_response(request)
  File "C:\Users\Rahul\OneDrive\Desktop\atheletiq\Athletiq\athletiq_django\core\middleware\security.py", line 150, in __call__
    self._add_rate_limit_headers(response, endpoint_type, rate_limit_key)
UnboundLocalError: local variable 'rate_limit_key' referenced before assignment
Internal Server Error: /api/tournaments
Traceback (most recent call last):
  File "C:\Users\Rahul\AppData\Local\Programs\Python\Python310\lib\site-packages\django\core\handlers\exception.py", line 55, in inner
    response = get_response(request)
  File "C:\Users\Rahul\OneDrive\Desktop\atheletiq\Athletiq\athletiq_django\core\middleware\security.py", line 150, in __call__
    self._add_rate_limit_headers(response, endpoint_type, rate_limit_key)
UnboundLocalError: local variable 'rate_limit_key' referenced before assignment
Internal Server Error: /api/schools
Traceback (most recent call last):
  File "C:\Users\Rahul\AppData\Local\Programs\Python\Python310\lib\site-packages\django\core\handlers\exception.py", line 55, in inner
    response = get_response(request)
  File "C:\Users\Rahul\OneDrive\Desktop\atheletiq\Athletiq\athletiq_django\core\middleware\security.py", line 150, in __call__
    self._add_rate_limit_headers(response, endpoint_type, rate_limit_key)
UnboundLocalError: local variable 'rate_limit_key' referenced before assignment
Internal Server Error: /api/health/stats
Traceback (most recent call last):
  File "C:\Users\Rahul\AppData\Local\Programs\Python\Python310\lib\site-packages\django\core\handlers\exception.py", line 55, in inner
    response = get_response(request)
  File "C:\Users\Rahul\OneDrive\Desktop\atheletiq\Athletiq\athletiq_django\core\middleware\security.py", line 150, in __call__
    self._add_rate_limit_headers(response, endpoint_type, rate_limit_key)
UnboundLocalError: local variable 'rate_limit_key' referenced before assignment
Internal Server Error: /api/athletes
Traceback (most recent call last):
  File "C:\Users\Rahul\AppData\Local\Programs\Python\Python310\lib\site-packages\django\core\handlers\exception.py", line 55, in inner
    response = get_response(request)
  File "C:\Users\Rahul\OneDrive\Desktop\atheletiq\Athletiq\athletiq_django\core\middleware\security.py", line 150, in __call__
    self._add_rate_limit_headers(response, endpoint_type, rate_limit_key)
UnboundLocalError: local variable 'rate_limit_key' referenced before assignment
Internal Server Error: /api/tournaments
Traceback (most recent call last):
  File "C:\Users\Rahul\AppData\Local\Programs\Python\Python310\lib\site-packages\django\core\handlers\exception.py", line 55, in inner
    response = get_response(request)
  File "C:\Users\Rahul\OneDrive\Desktop\atheletiq\Athletiq\athletiq_django\core\middleware\security.py", line 150, in __call__
    self._add_rate_limit_headers(response, endpoint_type, rate_limit_key)
UnboundLocalError: local variable 'rate_limit_key' referenced before assignment
Internal Server Error: /api/schools
Traceback (most recent call last):
  File "C:\Users\Rahul\AppData\Local\Programs\Python\Python310\lib\site-packages\django\core\handlers\exception.py", line 55, in inner
    response = get_response(request)
  File "C:\Users\Rahul\OneDrive\Desktop\atheletiq\Athletiq\athletiq_django\core\middleware\security.py", line 150, in __call__
    self._add_rate_limit_headers(response, endpoint_type, rate_limit_key)
UnboundLocalError: local variable 'rate_limit_key' referenced before assignment
Internal Server Error: /api/tournaments
Traceback (most recent call last):
  File "C:\Users\Rahul\AppData\Local\Programs\Python\Python310\lib\site-packages\django\core\handlers\exception.py", line 55, in inner
    response = get_response(request)
  File "C:\Users\Rahul\OneDrive\Desktop\atheletiq\Athletiq\athletiq_django\core\middleware\security.py", line 150, in __call__
    self._add_rate_limit_headers(response, endpoint_type, rate_limit_key)
UnboundLocalError: local variable 'rate_limit_key' referenced before assignment
Internal Server Error: /api/enterprise/alerts
Traceback (most recent call last):
  File "C:\Users\Rahul\AppData\Local\Programs\Python\Python310\lib\site-packages\django\core\handlers\exception.py", line 55, in inner
    response = get_response(request)
  File "C:\Users\Rahul\OneDrive\Desktop\atheletiq\Athletiq\athletiq_django\core\middleware\security.py", line 150, in __call__
    self._add_rate_limit_headers(response, endpoint_type, rate_limit_key)
UnboundLocalError: local variable 'rate_limit_key' referenced before assignment
Internal Server Error: /api/enterprise/health
Traceback (most recent call last):
  File "C:\Users\Rahul\AppData\Local\Programs\Python\Python310\lib\site-packages\django\core\handlers\exception.py", line 55, in inner
    response = get_response(request)
  File "C:\Users\Rahul\OneDrive\Desktop\atheletiq\Athletiq\athletiq_django\core\middleware\security.py", line 150, in __call__
    self._add_rate_limit_headers(response, endpoint_type, rate_limit_key)
UnboundLocalError: local variable 'rate_limit_key' referenced before assignment
Internal Server Error: /api/enterprise/metrics
Traceback (most recent call last):
  File "C:\Users\Rahul\AppData\Local\Programs\Python\Python310\lib\site-packages\django\core\handlers\exception.py", line 55, in inner
    response = get_response(request)
  File "C:\Users\Rahul\OneDrive\Desktop\atheletiq\Athletiq\athletiq_django\core\middleware\security.py", line 150, in __call__
    self._add_rate_limit_headers(response, endpoint_type, rate_limit_key)
UnboundLocalError: local variable 'rate_limit_key' referenced before assignment
Internal Server Error: /api/enterprise/alerts
Traceback (most recent call last):
  File "C:\Users\Rahul\AppData\Local\Programs\Python\Python310\lib\site-packages\django\core\handlers\exception.py", line 55, in inner
    response = get_response(request)
  File "C:\Users\Rahul\OneDrive\Desktop\atheletiq\Athletiq\athletiq_django\core\middleware\security.py", line 150, in __call__
    self._add_rate_limit_headers(response, endpoint_type, rate_limit_key)
UnboundLocalError: local variable 'rate_limit_key' referenced before assignment
Internal Server Error: /api/enterprise/health
Traceback (most recent call last):
  File "C:\Users\Rahul\AppData\Local\Programs\Python\Python310\lib\site-packages\django\core\handlers\exception.py", line 55, in inner
    response = get_response(request)
  File "C:\Users\Rahul\OneDrive\Desktop\atheletiq\Athletiq\athletiq_django\core\middleware\security.py", line 150, in __call__
    self._add_rate_limit_headers(response, endpoint_type, rate_limit_key)
UnboundLocalError: local variable 'rate_limit_key' referenced before assignment
Internal Server Error: /api/enterprise/metrics
Traceback (most recent call last):
  File "C:\Users\Rahul\AppData\Local\Programs\Python\Python310\lib\site-packages\django\core\handlers\exception.py", line 55, in inner
    response = get_response(request)
  File "C:\Users\Rahul\OneDrive\Desktop\atheletiq\Athletiq\athletiq_django\core\middleware\security.py", line 150, in __call__
    self._add_rate_limit_headers(response, endpoint_type, rate_limit_key)
UnboundLocalError: local variable 'rate_limit_key' referenced before assignment
Internal Server Error: /api/enterprise/alerts
Traceback (most recent call last):
  File "C:\Users\Rahul\AppData\Local\Programs\Python\Python310\lib\site-packages\django\core\handlers\exception.py", line 55, in inner
    response = get_response(request)
  File "C:\Users\Rahul\OneDrive\Desktop\atheletiq\Athletiq\athletiq_django\core\middleware\security.py", line 150, in __call__
    self._add_rate_limit_headers(response, endpoint_type, rate_limit_key)
UnboundLocalError: local variable 'rate_limit_key' referenced before assignment
Internal Server Error: /api/enterprise/metrics
Traceback (most recent call last):
  File "C:\Users\Rahul\AppData\Local\Programs\Python\Python310\lib\site-packages\django\core\handlers\exception.py", line 55, in inner
    response = get_response(request)
  File "C:\Users\Rahul\OneDrive\Desktop\atheletiq\Athletiq\athletiq_django\core\middleware\security.py", line 150, in __call__
    self._add_rate_limit_headers(response, endpoint_type, rate_limit_key)
UnboundLocalError: local variable 'rate_limit_key' referenced before assignment
Internal Server Error: /api/enterprise/health
Traceback (most recent call last):
  File "C:\Users\Rahul\AppData\Local\Programs\Python\Python310\lib\site-packages\django\core\handlers\exception.py", line 55, in inner
    response = get_response(request)
  File "C:\Users\Rahul\OneDrive\Desktop\atheletiq\Athletiq\athletiq_django\core\middleware\security.py", line 150, in __call__
    self._add_rate_limit_headers(response, endpoint_type, rate_limit_key)
UnboundLocalError: local variable 'rate_limit_key' referenced before assignment
Internal Server Error: /api/tournaments
Traceback (most recent call last):
  File "C:\Users\Rahul\AppData\Local\Programs\Python\Python310\lib\site-packages\django\core\handlers\exception.py", line 55, in inner
    response = get_response(request)
  File "C:\Users\Rahul\OneDrive\Desktop\atheletiq\Athletiq\athletiq_django\core\middleware\security.py", line 150, in __call__
    self._add_rate_limit_headers(response, endpoint_type, rate_limit_key)
UnboundLocalError: local variable 'rate_limit_key' referenced before assignment
Internal Server Error: /api/tournaments
Traceback (most recent call last):
  File "C:\Users\Rahul\AppData\Local\Programs\Python\Python310\lib\site-packages\django\core\handlers\exception.py", line 55, in inner
    response = get_response(request)
  File "C:\Users\Rahul\OneDrive\Desktop\atheletiq\Athletiq\athletiq_django\core\middleware\security.py", line 150, in __call__
    self._add_rate_limit_headers(response, endpoint_type, rate_limit_key)
UnboundLocalError: local variable 'rate_limit_key' referenced before assignment
Internal Server Error: /api/athletes
Traceback (most recent call last):
  File "C:\Users\Rahul\AppData\Local\Programs\Python\Python310\lib\site-packages\django\core\handlers\exception.py", line 55, in inner
    response = get_response(request)
  File "C:\Users\Rahul\OneDrive\Desktop\atheletiq\Athletiq\athletiq_django\core\middleware\security.py", line 150, in __call__
    self._add_rate_limit_headers(response, endpoint_type, rate_limit_key)
UnboundLocalError: local variable 'rate_limit_key' referenced before assignment
Internal Server Error: /api/schools
Traceback (most recent call last):
  File "C:\Users\Rahul\AppData\Local\Programs\Python\Python310\lib\site-packages\django\core\handlers\exception.py", line 55, in inner
    response = get_response(request)
  File "C:\Users\Rahul\OneDrive\Desktop\atheletiq\Athletiq\athletiq_django\core\middleware\security.py", line 150, in __call__
    self._add_rate_limit_headers(response, endpoint_type, rate_limit_key)
UnboundLocalError: local variable 'rate_limit_key' referenced before assignment
Internal Server Error: /api/tournaments
Traceback (most recent call last):
  File "C:\Users\Rahul\AppData\Local\Programs\Python\Python310\lib\site-packages\django\core\handlers\exception.py", line 55, in inner
    response = get_response(request)
  File "C:\Users\Rahul\OneDrive\Desktop\atheletiq\Athletiq\athletiq_django\core\middleware\security.py", line 150, in __call__
    self._add_rate_limit_headers(response, endpoint_type, rate_limit_key)
UnboundLocalError: local variable 'rate_limit_key' referenced before assignment
Internal Server Error: /api/health/stats
Traceback (most recent call last):
  File "C:\Users\Rahul\AppData\Local\Programs\Python\Python310\lib\site-packages\django\core\handlers\exception.py", line 55, in inner
    response = get_response(request)
  File "C:\Users\Rahul\OneDrive\Desktop\atheletiq\Athletiq\athletiq_django\core\middleware\security.py", line 150, in __call__
    self._add_rate_limit_headers(response, endpoint_type, rate_limit_key)
UnboundLocalError: local variable 'rate_limit_key' referenced before assignment
Internal Server Error: /api/health/stats
Traceback (most recent call last):
  File "C:\Users\Rahul\AppData\Local\Programs\Python\Python310\lib\site-packages\django\core\handlers\exception.py", line 55, in inner
    response = get_response(request)
  File "C:\Users\Rahul\OneDrive\Desktop\atheletiq\Athletiq\athletiq_django\core\middleware\security.py", line 150, in __call__
    self._add_rate_limit_headers(response, endpoint_type, rate_limit_key)
UnboundLocalError: local variable 'rate_limit_key' referenced before assignment
Internal Server Error: /api/athletes
Traceback (most recent call last):
  File "C:\Users\Rahul\AppData\Local\Programs\Python\Python310\lib\site-packages\django\core\handlers\exception.py", line 55, in inner
    response = get_response(request)
  File "C:\Users\Rahul\OneDrive\Desktop\atheletiq\Athletiq\athletiq_django\core\middleware\security.py", line 150, in __call__
    self._add_rate_limit_headers(response, endpoint_type, rate_limit_key)
UnboundLocalError: local variable 'rate_limit_key' referenced before assignment
Internal Server Error: /api/schools
Traceback (most recent call last):
  File "C:\Users\Rahul\AppData\Local\Programs\Python\Python310\lib\site-packages\django\core\handlers\exception.py", line 55, in inner
    response = get_response(request)
  File "C:\Users\Rahul\OneDrive\Desktop\atheletiq\Athletiq\athletiq_django\core\middleware\security.py", line 150, in __call__
    self._add_rate_limit_headers(response, endpoint_type, rate_limit_key)
UnboundLocalError: local variable 'rate_limit_key' referenced before assignment
Internal Server Error: /api/enterprise/metrics
Traceback (most recent call last):
  File "C:\Users\Rahul\AppData\Local\Programs\Python\Python310\lib\site-packages\django\core\handlers\exception.py", line 55, in inner
    response = get_response(request)
  File "C:\Users\Rahul\OneDrive\Desktop\atheletiq\Athletiq\athletiq_django\core\middleware\security.py", line 150, in __call__
    self._add_rate_limit_headers(response, endpoint_type, rate_limit_key)
UnboundLocalError: local variable 'rate_limit_key' referenced before assignment
Internal Server Error: /api/tournaments
Traceback (most recent call last):
  File "C:\Users\Rahul\AppData\Local\Programs\Python\Python310\lib\site-packages\django\core\handlers\exception.py", line 55, in inner
    response = get_response(request)
  File "C:\Users\Rahul\OneDrive\Desktop\atheletiq\Athletiq\athletiq_django\core\middleware\security.py", line 150, in __call__
    self._add_rate_limit_headers(response, endpoint_type, rate_limit_key)
UnboundLocalError: local variable 'rate_limit_key' referenced before assignment
Internal Server Error: /api/enterprise/health
Traceback (most recent call last):
  File "C:\Users\Rahul\AppData\Local\Programs\Python\Python310\lib\site-packages\django\core\handlers\exception.py", line 55, in inner
    response = get_response(request)
  File "C:\Users\Rahul\OneDrive\Desktop\atheletiq\Athletiq\athletiq_django\core\middleware\security.py", line 150, in __call__
    self._add_rate_limit_headers(response, endpoint_type, rate_limit_key)
UnboundLocalError: local variable 'rate_limit_key' referenced before assignment
Internal Server Error: /api/enterprise/alerts
Traceback (most recent call last):
  File "C:\Users\Rahul\AppData\Local\Programs\Python\Python310\lib\site-packages\django\core\handlers\exception.py", line 55, in inner
    response = get_response(request)
  File "C:\Users\Rahul\OneDrive\Desktop\atheletiq\Athletiq\athletiq_django\core\middleware\security.py", line 150, in __call__
    self._add_rate_limit_headers(response, endpoint_type, rate_limit_key)
UnboundLocalError: local variable 'rate_limit_key' referenced before assignment
Internal Server Error: /api/enterprise/health
Traceback (most recent call last):
  File "C:\Users\Rahul\AppData\Local\Programs\Python\Python310\lib\site-packages\django\core\handlers\exception.py", line 55, in inner
    response = get_response(request)
  File "C:\Users\Rahul\OneDrive\Desktop\atheletiq\Athletiq\athletiq_django\core\middleware\security.py", line 150, in __call__
    self._add_rate_limit_headers(response, endpoint_type, rate_limit_key)
UnboundLocalError: local variable 'rate_limit_key' referenced before assignment
Internal Server Error: /api/enterprise/alerts
Traceback (most recent call last):
  File "C:\Users\Rahul\AppData\Local\Programs\Python\Python310\lib\site-packages\django\core\handlers\exception.py", line 55, in inner
    response = get_response(request)
  File "C:\Users\Rahul\OneDrive\Desktop\atheletiq\Athletiq\athletiq_django\core\middleware\security.py", line 150, in __call__
    self._add_rate_limit_headers(response, endpoint_type, rate_limit_key)
UnboundLocalError: local variable 'rate_limit_key' referenced before assignment
Internal Server Error: /api/enterprise/metrics
Traceback (most recent call last):
  File "C:\Users\Rahul\AppData\Local\Programs\Python\Python310\lib\site-packages\django\core\handlers\exception.py", line 55, in inner
    response = get_response(request)
  File "C:\Users\Rahul\OneDrive\Desktop\atheletiq\Athletiq\athletiq_django\core\middleware\security.py", line 150, in __call__
    self._add_rate_limit_headers(response, endpoint_type, rate_limit_key)
UnboundLocalError: local variable 'rate_limit_key' referenced before assignment
Internal Server Error: /api/health/stats
Traceback (most recent call last):
  File "C:\Users\Rahul\AppData\Local\Programs\Python\Python310\lib\site-packages\django\core\handlers\exception.py", line 55, in inner
    response = get_response(request)
  File "C:\Users\Rahul\OneDrive\Desktop\atheletiq\Athletiq\athletiq_django\core\middleware\security.py", line 150, in __call__
    self._add_rate_limit_headers(response, endpoint_type, rate_limit_key)
UnboundLocalError: local variable 'rate_limit_key' referenced before assignment
Internal Server Error: /api/schools
Traceback (most recent call last):
  File "C:\Users\Rahul\AppData\Local\Programs\Python\Python310\lib\site-packages\django\core\handlers\exception.py", line 55, in inner
    response = get_response(request)
  File "C:\Users\Rahul\OneDrive\Desktop\atheletiq\Athletiq\athletiq_django\core\middleware\security.py", line 150, in __call__
    self._add_rate_limit_headers(response, endpoint_type, rate_limit_key)
UnboundLocalError: local variable 'rate_limit_key' referenced before assignment
Internal Server Error: /api/athletes
Traceback (most recent call last):
  File "C:\Users\Rahul\AppData\Local\Programs\Python\Python310\lib\site-packages\django\core\handlers\exception.py", line 55, in inner
    response = get_response(request)
  File "C:\Users\Rahul\OneDrive\Desktop\atheletiq\Athletiq\athletiq_django\core\middleware\security.py", line 150, in __call__
    self._add_rate_limit_headers(response, endpoint_type, rate_limit_key)
UnboundLocalError: local variable 'rate_limit_key' referenced before assignment
Internal Server Error: /api/tournaments
Traceback (most recent call last):
  File "C:\Users\Rahul\AppData\Local\Programs\Python\Python310\lib\site-packages\django\core\handlers\exception.py", line 55, in inner
    response = get_response(request)
  File "C:\Users\Rahul\OneDrive\Desktop\atheletiq\Athletiq\athletiq_django\core\middleware\security.py", line 150, in __call__
    self._add_rate_limit_headers(response, endpoint_type, rate_limit_key)
UnboundLocalError: local variable 'rate_limit_key' referenced before assignment
Internal Server Error: /api/health/stats
Traceback (most recent call last):
  File "C:\Users\Rahul\AppData\Local\Programs\Python\Python310\lib\site-packages\django\core\handlers\exception.py", line 55, in inner
    response = get_response(request)
  File "C:\Users\Rahul\OneDrive\Desktop\atheletiq\Athletiq\athletiq_django\core\middleware\security.py", line 150, in __call__
    self._add_rate_limit_headers(response, endpoint_type, rate_limit_key)
UnboundLocalError: local variable 'rate_limit_key' referenced before assignment
Internal Server Error: /api/athletes
Traceback (most recent call last):
  File "C:\Users\Rahul\AppData\Local\Programs\Python\Python310\lib\site-packages\django\core\handlers\exception.py", line 55, in inner
    response = get_response(request)
  File "C:\Users\Rahul\OneDrive\Desktop\atheletiq\Athletiq\athletiq_django\core\middleware\security.py", line 150, in __call__
    self._add_rate_limit_headers(response, endpoint_type, rate_limit_key)
UnboundLocalError: local variable 'rate_limit_key' referenced before assignment
Internal Server Error: /api/schools
Traceback (most recent call last):
  File "C:\Users\Rahul\AppData\Local\Programs\Python\Python310\lib\site-packages\django\core\handlers\exception.py", line 55, in inner
    response = get_response(request)
  File "C:\Users\Rahul\OneDrive\Desktop\atheletiq\Athletiq\athletiq_django\core\middleware\security.py", line 150, in __call__
    self._add_rate_limit_headers(response, endpoint_type, rate_limit_key)
UnboundLocalError: local variable 'rate_limit_key' referenced before assignment
Internal Server Error: /api/tournaments
Traceback (most recent call last):
  File "C:\Users\Rahul\AppData\Local\Programs\Python\Python310\lib\site-packages\django\core\handlers\exception.py", line 55, in inner
    response = get_response(request)
  File "C:\Users\Rahul\OneDrive\Desktop\atheletiq\Athletiq\athletiq_django\core\middleware\security.py", line 150, in __call__
    self._add_rate_limit_headers(response, endpoint_type, rate_limit_key)
UnboundLocalError: local variable 'rate_limit_key' referenced before assignment
Internal Server Error: /api/athletes
Traceback (most recent call last):
  File "C:\Users\Rahul\AppData\Local\Programs\Python\Python310\lib\site-packages\django\core\handlers\exception.py", line 55, in inner
    response = get_response(request)
  File "C:\Users\Rahul\OneDrive\Desktop\atheletiq\Athletiq\athletiq_django\core\middleware\security.py", line 150, in __call__
    self._add_rate_limit_headers(response, endpoint_type, rate_limit_key)
UnboundLocalError: local variable 'rate_limit_key' referenced before assignment
Internal Server Error: /api/health/stats
Traceback (most recent call last):
  File "C:\Users\Rahul\AppData\Local\Programs\Python\Python310\lib\site-packages\django\core\handlers\exception.py", line 55, in inner
    response = get_response(request)
  File "C:\Users\Rahul\OneDrive\Desktop\atheletiq\Athletiq\athletiq_django\core\middleware\security.py", line 150, in __call__
    self._add_rate_limit_headers(response, endpoint_type, rate_limit_key)
UnboundLocalError: local variable 'rate_limit_key' referenced before assignment
Internal Server Error: /api/schools
Traceback (most recent call last):
  File "C:\Users\Rahul\AppData\Local\Programs\Python\Python310\lib\site-packages\django\core\handlers\exception.py", line 55, in inner
    response = get_response(request)
  File "C:\Users\Rahul\OneDrive\Desktop\atheletiq\Athletiq\athletiq_django\core\middleware\security.py", line 150, in __call__
    self._add_rate_limit_headers(response, endpoint_type, rate_limit_key)
UnboundLocalError: local variable 'rate_limit_key' referenced before assignment
Internal Server Error: /api/tournaments
Traceback (most recent call last):
  File "C:\Users\Rahul\AppData\Local\Programs\Python\Python310\lib\site-packages\django\core\handlers\exception.py", line 55, in inner
    response = get_response(request)
  File "C:\Users\Rahul\OneDrive\Desktop\atheletiq\Athletiq\athletiq_django\core\middleware\security.py", line 150, in __call__
    self._add_rate_limit_headers(response, endpoint_type, rate_limit_key)
UnboundLocalError: local variable 'rate_limit_key' referenced before assignment
Internal Server Error: /api/enterprise/health
Traceback (most recent call last):
  File "C:\Users\Rahul\AppData\Local\Programs\Python\Python310\lib\site-packages\django\core\handlers\exception.py", line 55, in inner
    response = get_response(request)
  File "C:\Users\Rahul\OneDrive\Desktop\atheletiq\Athletiq\athletiq_django\core\middleware\security.py", line 150, in __call__
    self._add_rate_limit_headers(response, endpoint_type, rate_limit_key)
UnboundLocalError: local variable 'rate_limit_key' referenced before assignment
Internal Server Error: /api/enterprise/alerts
Traceback (most recent call last):
  File "C:\Users\Rahul\AppData\Local\Programs\Python\Python310\lib\site-packages\django\core\handlers\exception.py", line 55, in inner
    response = get_response(request)
  File "C:\Users\Rahul\OneDrive\Desktop\atheletiq\Athletiq\athletiq_django\core\middleware\security.py", line 150, in __call__
    self._add_rate_limit_headers(response, endpoint_type, rate_limit_key)
UnboundLocalError: local variable 'rate_limit_key' referenced before assignment
Internal Server Error: /api/enterprise/metrics
Traceback (most recent call last):
  File "C:\Users\Rahul\AppData\Local\Programs\Python\Python310\lib\site-packages\django\core\handlers\exception.py", line 55, in inner
    response = get_response(request)
  File "C:\Users\Rahul\OneDrive\Desktop\atheletiq\Athletiq\athletiq_django\core\middleware\security.py", line 150, in __call__
    self._add_rate_limit_headers(response, endpoint_type, rate_limit_key)
UnboundLocalError: local variable 'rate_limit_key' referenced before assignment
Internal Server Error: /api/enterprise/health
Traceback (most recent call last):
  File "C:\Users\Rahul\AppData\Local\Programs\Python\Python310\lib\site-packages\django\core\handlers\exception.py", line 55, in inner
    response = get_response(request)
  File "C:\Users\Rahul\OneDrive\Desktop\atheletiq\Athletiq\athletiq_django\core\middleware\security.py", line 150, in __call__
    self._add_rate_limit_headers(response, endpoint_type, rate_limit_key)
UnboundLocalError: local variable 'rate_limit_key' referenced before assignment
Internal Server Error: /api/enterprise/metrics
Traceback (most recent call last):
  File "C:\Users\Rahul\AppData\Local\Programs\Python\Python310\lib\site-packages\django\core\handlers\exception.py", line 55, in inner
    response = get_response(request)
  File "C:\Users\Rahul\OneDrive\Desktop\atheletiq\Athletiq\athletiq_django\core\middleware\security.py", line 150, in __call__
    self._add_rate_limit_headers(response, endpoint_type, rate_limit_key)
UnboundLocalError: local variable 'rate_limit_key' referenced before assignment
Internal Server Error: /api/enterprise/alerts
Traceback (most recent call last):
  File "C:\Users\Rahul\AppData\Local\Programs\Python\Python310\lib\site-packages\django\core\handlers\exception.py", line 55, in inner
    response = get_response(request)
  File "C:\Users\Rahul\OneDrive\Desktop\atheletiq\Athletiq\athletiq_django\core\middleware\security.py", line 150, in __call__
    self._add_rate_limit_headers(response, endpoint_type, rate_limit_key)
UnboundLocalError: local variable 'rate_limit_key' referenced before assignment
Internal Server Error: /api/enterprise/health
Traceback (most recent call last):
  File "C:\Users\Rahul\AppData\Local\Programs\Python\Python310\lib\site-packages\django\core\handlers\exception.py", line 55, in inner
    response = get_response(request)
  File "C:\Users\Rahul\OneDrive\Desktop\atheletiq\Athletiq\athletiq_django\core\middleware\security.py", line 150, in __call__
    self._add_rate_limit_headers(response, endpoint_type, rate_limit_key)
UnboundLocalError: local variable 'rate_limit_key' referenced before assignment
Internal Server Error: /api/enterprise/alerts
Traceback (most recent call last):
  File "C:\Users\Rahul\AppData\Local\Programs\Python\Python310\lib\site-packages\django\core\handlers\exception.py", line 55, in inner
    response = get_response(request)
  File "C:\Users\Rahul\OneDrive\Desktop\atheletiq\Athletiq\athletiq_django\core\middleware\security.py", line 150, in __call__
    self._add_rate_limit_headers(response, endpoint_type, rate_limit_key)
UnboundLocalError: local variable 'rate_limit_key' referenced before assignment
Internal Server Error: /api/enterprise/metrics
Traceback (most recent call last):
  File "C:\Users\Rahul\AppData\Local\Programs\Python\Python310\lib\site-packages\django\core\handlers\exception.py", line 55, in inner
    response = get_response(request)
  File "C:\Users\Rahul\OneDrive\Desktop\atheletiq\Athletiq\athletiq_django\core\middleware\security.py", line 150, in __call__
    self._add_rate_limit_headers(response, endpoint_type, rate_limit_key)
UnboundLocalError: local variable 'rate_limit_key' referenced before assignment
Internal Server Error: /api/tournaments
Traceback (most recent call last):
  File "C:\Users\Rahul\AppData\Local\Programs\Python\Python310\lib\site-packages\django\core\handlers\exception.py", line 55, in inner
    response = get_response(request)
  File "C:\Users\Rahul\AppData\Local\Programs\Python\Python310\lib\site-packages\django\utils\deprecation.py", line 122, in __call__
    response = self.process_response(request, response)
  File "C:\Users\Rahul\AppData\Local\Programs\Python\Python310\lib\site-packages\django\middleware\common.py", line 108, in process_response
    return self.response_redirect_class(self.get_full_path_with_slash(request))
  File "C:\Users\Rahul\AppData\Local\Programs\Python\Python310\lib\site-packages\django\middleware\common.py", line 87, in get_full_path_with_slash
    raise RuntimeError(
RuntimeError: You called this URL via POST, but the URL doesn't end in a slash and you have APPEND_SLASH set. Django can't redirect to the slash URL while maintaining POST data. Change your form to point to localhost:8000/api/tournaments/ (note the trailing slash), or set APPEND_SLASH=False in your Django settings.
Internal Server Error: /api/tournaments
Traceback (most recent call last):
  File "C:\Users\Rahul\AppData\Local\Programs\Python\Python310\lib\site-packages\django\core\handlers\exception.py", line 55, in inner
    response = get_response(request)
  File "C:\Users\Rahul\AppData\Local\Programs\Python\Python310\lib\site-packages\django\utils\deprecation.py", line 122, in __call__
    response = self.process_response(request, response)
  File "C:\Users\Rahul\AppData\Local\Programs\Python\Python310\lib\site-packages\django\middleware\common.py", line 108, in process_response
    return self.response_redirect_class(self.get_full_path_with_slash(request))
  File "C:\Users\Rahul\AppData\Local\Programs\Python\Python310\lib\site-packages\django\middleware\common.py", line 87, in get_full_path_with_slash
    raise RuntimeError(
RuntimeError: You called this URL via POST, but the URL doesn't end in a slash and you have APPEND_SLASH set. Django can't redirect to the slash URL while maintaining POST data. Change your form to point to localhost:8000/api/tournaments/ (note the trailing slash), or set APPEND_SLASH=False in your Django settings.
Internal Server Error: /api/tournaments
Traceback (most recent call last):
  File "C:\Users\Rahul\AppData\Local\Programs\Python\Python310\lib\site-packages\django\core\handlers\exception.py", line 55, in inner
    response = get_response(request)
  File "C:\Users\Rahul\AppData\Local\Programs\Python\Python310\lib\site-packages\django\utils\deprecation.py", line 122, in __call__
    response = self.process_response(request, response)
  File "C:\Users\Rahul\AppData\Local\Programs\Python\Python310\lib\site-packages\django\middleware\common.py", line 108, in process_response
    return self.response_redirect_class(self.get_full_path_with_slash(request))
  File "C:\Users\Rahul\AppData\Local\Programs\Python\Python310\lib\site-packages\django\middleware\common.py", line 87, in get_full_path_with_slash
    raise RuntimeError(
RuntimeError: You called this URL via POST, but the URL doesn't end in a slash and you have APPEND_SLASH set. Django can't redirect to the slash URL while maintaining POST data. Change your form to point to localhost:8000/api/tournaments/ (note the trailing slash), or set APPEND_SLASH=False in your Django settings.
Internal Server Error: /api/tournaments
Traceback (most recent call last):
  File "C:\Users\Rahul\AppData\Local\Programs\Python\Python310\lib\site-packages\django\core\handlers\exception.py", line 55, in inner
    response = get_response(request)
  File "C:\Users\Rahul\AppData\Local\Programs\Python\Python310\lib\site-packages\django\utils\deprecation.py", line 122, in __call__
    response = self.process_response(request, response)
  File "C:\Users\Rahul\AppData\Local\Programs\Python\Python310\lib\site-packages\django\middleware\common.py", line 108, in process_response
    return self.response_redirect_class(self.get_full_path_with_slash(request))
  File "C:\Users\Rahul\AppData\Local\Programs\Python\Python310\lib\site-packages\django\middleware\common.py", line 87, in get_full_path_with_slash
    raise RuntimeError(
RuntimeError: You called this URL via POST, but the URL doesn't end in a slash and you have APPEND_SLASH set. Django can't redirect to the slash URL while maintaining POST data. Change your form to point to localhost:8000/api/tournaments/ (note the trailing slash), or set APPEND_SLASH=False in your Django settings.
{"level": "error", "message": "Exception: FieldError", "timestamp": "2025-08-22T17:37:12.000Z", "error": {"name": "FieldError", "message": "Invalid field name(s) given in select_related: 'guardian'. Choices are: school", "stack": ["Traceback (most recent call last):", "  File \"C:\\Users\\Rahul\\AppData\\Local\\Programs\\Python\\Python310\\lib\\site-packages\\rest_framework\\views.py\", line 512, in dispatch", "    response = handler(request, *args, **kwargs)", "  File \"C:\\Users\\Rahul\\AppData\\Local\\Programs\\Python\\Python310\\lib\\site-packages\\rest_framework\\generics.py\", line 243, in get", "    return self.list(request, *args, **kwargs)", "  File \"C:\\Users\\Rahul\\AppData\\Local\\Programs\\Python\\Python310\\lib\\site-packages\\rest_framework\\mixins.py\", line 40, in list", "    page = self.paginate_queryset(queryset)", "  File \"C:\\Users\\Rahul\\AppData\\Local\\Programs\\Python\\Python310\\lib\\site-packages\\rest_framework\\generics.py\", line 175, in paginate_queryset", "    return self.paginator.paginate_queryset(queryset, self.request, view=self)", "  File \"C:\\Users\\Rahul\\AppData\\Local\\Programs\\Python\\Python310\\lib\\site-packages\\rest_framework\\pagination.py\", line 222, in paginate_queryset", "    return list(self.page)", "  File \"C:\\Users\\Rahul\\AppData\\Local\\Programs\\Python\\Python310\\lib\\site-packages\\django\\core\\paginator.py\", line 191, in __len__", "    return len(self.object_list)", "  File \"C:\\Users\\Rahul\\AppData\\Local\\Programs\\Python\\Python310\\lib\\site-packages\\django\\db\\models\\query.py\", line 366, in __len__", "    self._fetch_all()", "  File \"C:\\Users\\Rahul\\AppData\\Local\\Programs\\Python\\Python310\\lib\\site-packages\\django\\db\\models\\query.py\", line 1949, in _fetch_all", "    self._result_cache = list(self._iterable_class(self))", "  File \"C:\\Users\\Rahul\\AppData\\Local\\Programs\\Python\\Python310\\lib\\site-packages\\django\\db\\models\\query.py\", line 91, in __iter__", "    results = compiler.execute_sql(", "  File \"C:\\Users\\Rahul\\AppData\\Local\\Programs\\Python\\Python310\\lib\\site-packages\\django\\db\\models\\sql\\compiler.py\", line 1610, in execute_sql", "    sql, params = self.as_sql()", "  File \"C:\\Users\\Rahul\\AppData\\Local\\Programs\\Python\\Python310\\lib\\site-packages\\django\\db\\models\\sql\\compiler.py\", line 766, in as_sql", "    extra_select, order_by, group_by = self.pre_sql_setup(", "  File \"C:\\Users\\Rahul\\AppData\\Local\\Programs\\Python\\Python310\\lib\\site-packages\\django\\db\\models\\sql\\compiler.py\", line 85, in pre_sql_setup", "    self.setup_query(with_col_aliases=with_col_aliases)", "  File \"C:\\Users\\Rahul\\AppData\\Local\\Programs\\Python\\Python310\\lib\\site-packages\\django\\db\\models\\sql\\compiler.py\", line 74, in setup_query", "    self.select, self.klass_info, self.annotation_col_map = self.get_select(", "  File \"C:\\Users\\Rahul\\AppData\\Local\\Programs\\Python\\Python310\\lib\\site-packages\\django\\db\\models\\sql\\compiler.py\", line 299, in get_select", "    related_klass_infos = self.get_related_selections(select, select_mask)", "  File \"C:\\Users\\Rahul\\AppData\\Local\\Programs\\Python\\Python310\\lib\\site-packages\\django\\db\\models\\sql\\compiler.py\", line 1396, in get_related_selections", "    raise FieldError(", "django.core.exceptions.FieldError: Invalid field name(s) given in select_related: 'guardian'. Choices are: school", ""]}, "request": {"method": "GET", "path": "/api/athletes/", "ip": "127.0.0.1", "userAgent": "Mozilla/5.0 (Windows NT 10.0; Win64; x64; rv:142.0) Gecko/20100101 Firefox/142.0", "requestId": "ef0339d9-b5d8-46ac-866b-f0199d4b8907", "userId": 3}, "response": {"statusCode": 500}, "context": {"view": "AthleteListCreateView", "viewMethod": null}, "meta": {"service": "athletiq-django", "environment": "development"}}
Internal Server Error: /api/athletes/
{"level": "error", "message": "Exception: FieldError", "timestamp": "2025-08-22T17:37:51.000Z", "error": {"name": "FieldError", "message": "Invalid field name(s) given in select_related: 'guardian'. Choices are: school", "stack": ["Traceback (most recent call last):", "  File \"C:\\Users\\Rahul\\AppData\\Local\\Programs\\Python\\Python310\\lib\\site-packages\\rest_framework\\views.py\", line 512, in dispatch", "    response = handler(request, *args, **kwargs)", "  File \"C:\\Users\\Rahul\\AppData\\Local\\Programs\\Python\\Python310\\lib\\site-packages\\rest_framework\\generics.py\", line 243, in get", "    return self.list(request, *args, **kwargs)", "  File \"C:\\Users\\Rahul\\AppData\\Local\\Programs\\Python\\Python310\\lib\\site-packages\\rest_framework\\mixins.py\", line 40, in list", "    page = self.paginate_queryset(queryset)", "  File \"C:\\Users\\Rahul\\AppData\\Local\\Programs\\Python\\Python310\\lib\\site-packages\\rest_framework\\generics.py\", line 175, in paginate_queryset", "    return self.paginator.paginate_queryset(queryset, self.request, view=self)", "  File \"C:\\Users\\Rahul\\AppData\\Local\\Programs\\Python\\Python310\\lib\\site-packages\\rest_framework\\pagination.py\", line 222, in paginate_queryset", "    return list(self.page)", "  File \"C:\\Users\\Rahul\\AppData\\Local\\Programs\\Python\\Python310\\lib\\site-packages\\django\\core\\paginator.py\", line 191, in __len__", "    return len(self.object_list)", "  File \"C:\\Users\\Rahul\\AppData\\Local\\Programs\\Python\\Python310\\lib\\site-packages\\django\\db\\models\\query.py\", line 366, in __len__", "    self._fetch_all()", "  File \"C:\\Users\\Rahul\\AppData\\Local\\Programs\\Python\\Python310\\lib\\site-packages\\django\\db\\models\\query.py\", line 1949, in _fetch_all", "    self._result_cache = list(self._iterable_class(self))", "  File \"C:\\Users\\Rahul\\AppData\\Local\\Programs\\Python\\Python310\\lib\\site-packages\\django\\db\\models\\query.py\", line 91, in __iter__", "    results = compiler.execute_sql(", "  File \"C:\\Users\\Rahul\\AppData\\Local\\Programs\\Python\\Python310\\lib\\site-packages\\django\\db\\models\\sql\\compiler.py\", line 1610, in execute_sql", "    sql, params = self.as_sql()", "  File \"C:\\Users\\Rahul\\AppData\\Local\\Programs\\Python\\Python310\\lib\\site-packages\\django\\db\\models\\sql\\compiler.py\", line 766, in as_sql", "    extra_select, order_by, group_by = self.pre_sql_setup(", "  File \"C:\\Users\\Rahul\\AppData\\Local\\Programs\\Python\\Python310\\lib\\site-packages\\django\\db\\models\\sql\\compiler.py\", line 85, in pre_sql_setup", "    self.setup_query(with_col_aliases=with_col_aliases)", "  File \"C:\\Users\\Rahul\\AppData\\Local\\Programs\\Python\\Python310\\lib\\site-packages\\django\\db\\models\\sql\\compiler.py\", line 74, in setup_query", "    self.select, self.klass_info, self.annotation_col_map = self.get_select(", "  File \"C:\\Users\\Rahul\\AppData\\Local\\Programs\\Python\\Python310\\lib\\site-packages\\django\\db\\models\\sql\\compiler.py\", line 299, in get_select", "    related_klass_infos = self.get_related_selections(select, select_mask)", "  File \"C:\\Users\\Rahul\\AppData\\Local\\Programs\\Python\\Python310\\lib\\site-packages\\django\\db\\models\\sql\\compiler.py\", line 1396, in get_related_selections", "    raise FieldError(", "django.core.exceptions.FieldError: Invalid field name(s) given in select_related: 'guardian'. Choices are: school", ""]}, "request": {"method": "GET", "path": "/api/athletes/", "ip": "127.0.0.1", "userAgent": "Mozilla/5.0 (Windows NT 10.0; Win64; x64; rv:142.0) Gecko/20100101 Firefox/142.0", "requestId": "f464e8bb-f01b-40a2-a978-506638c982e3", "userId": 3}, "response": {"statusCode": 500}, "context": {"view": "AthleteListCreateView", "viewMethod": null}, "meta": {"service": "athletiq-django", "environment": "development"}}
Internal Server Error: /api/athletes/
Internal Server Error: /api/tournaments
Traceback (most recent call last):
  File "C:\Users\Rahul\AppData\Local\Programs\Python\Python310\lib\site-packages\django\core\handlers\exception.py", line 55, in inner
    response = get_response(request)
  File "C:\Users\Rahul\AppData\Local\Programs\Python\Python310\lib\site-packages\django\utils\deprecation.py", line 122, in __call__
    response = self.process_response(request, response)
  File "C:\Users\Rahul\AppData\Local\Programs\Python\Python310\lib\site-packages\django\middleware\common.py", line 108, in process_response
    return self.response_redirect_class(self.get_full_path_with_slash(request))
  File "C:\Users\Rahul\AppData\Local\Programs\Python\Python310\lib\site-packages\django\middleware\common.py", line 87, in get_full_path_with_slash
    raise RuntimeError(
RuntimeError: You called this URL via POST, but the URL doesn't end in a slash and you have APPEND_SLASH set. Django can't redirect to the slash URL while maintaining POST data. Change your form to point to localhost:8000/api/tournaments/ (note the trailing slash), or set APPEND_SLASH=False in your Django settings.
{"level": "error", "message": "Exception: FieldError", "timestamp": "2025-08-22T17:39:12.000Z", "error": {"name": "FieldError", "message": "Invalid field name(s) given in select_related: 'guardian'. Choices are: school", "stack": ["Traceback (most recent call last):", "  File \"C:\\Users\\Rahul\\AppData\\Local\\Programs\\Python\\Python310\\lib\\site-packages\\rest_framework\\views.py\", line 512, in dispatch", "    response = handler(request, *args, **kwargs)", "  File \"C:\\Users\\Rahul\\AppData\\Local\\Programs\\Python\\Python310\\lib\\site-packages\\rest_framework\\generics.py\", line 243, in get", "    return self.list(request, *args, **kwargs)", "  File \"C:\\Users\\Rahul\\AppData\\Local\\Programs\\Python\\Python310\\lib\\site-packages\\rest_framework\\mixins.py\", line 40, in list", "    page = self.paginate_queryset(queryset)", "  File \"C:\\Users\\Rahul\\AppData\\Local\\Programs\\Python\\Python310\\lib\\site-packages\\rest_framework\\generics.py\", line 175, in paginate_queryset", "    return self.paginator.paginate_queryset(queryset, self.request, view=self)", "  File \"C:\\Users\\Rahul\\AppData\\Local\\Programs\\Python\\Python310\\lib\\site-packages\\rest_framework\\pagination.py\", line 222, in paginate_queryset", "    return list(self.page)", "  File \"C:\\Users\\Rahul\\AppData\\Local\\Programs\\Python\\Python310\\lib\\site-packages\\django\\core\\paginator.py\", line 191, in __len__", "    return len(self.object_list)", "  File \"C:\\Users\\Rahul\\AppData\\Local\\Programs\\Python\\Python310\\lib\\site-packages\\django\\db\\models\\query.py\", line 366, in __len__", "    self._fetch_all()", "  File \"C:\\Users\\Rahul\\AppData\\Local\\Programs\\Python\\Python310\\lib\\site-packages\\django\\db\\models\\query.py\", line 1949, in _fetch_all", "    self._result_cache = list(self._iterable_class(self))", "  File \"C:\\Users\\Rahul\\AppData\\Local\\Programs\\Python\\Python310\\lib\\site-packages\\django\\db\\models\\query.py\", line 91, in __iter__", "    results = compiler.execute_sql(", "  File \"C:\\Users\\Rahul\\AppData\\Local\\Programs\\Python\\Python310\\lib\\site-packages\\django\\db\\models\\sql\\compiler.py\", line 1610, in execute_sql", "    sql, params = self.as_sql()", "  File \"C:\\Users\\Rahul\\AppData\\Local\\Programs\\Python\\Python310\\lib\\site-packages\\django\\db\\models\\sql\\compiler.py\", line 766, in as_sql", "    extra_select, order_by, group_by = self.pre_sql_setup(", "  File \"C:\\Users\\Rahul\\AppData\\Local\\Programs\\Python\\Python310\\lib\\site-packages\\django\\db\\models\\sql\\compiler.py\", line 85, in pre_sql_setup", "    self.setup_query(with_col_aliases=with_col_aliases)", "  File \"C:\\Users\\Rahul\\AppData\\Local\\Programs\\Python\\Python310\\lib\\site-packages\\django\\db\\models\\sql\\compiler.py\", line 74, in setup_query", "    self.select, self.klass_info, self.annotation_col_map = self.get_select(", "  File \"C:\\Users\\Rahul\\AppData\\Local\\Programs\\Python\\Python310\\lib\\site-packages\\django\\db\\models\\sql\\compiler.py\", line 299, in get_select", "    related_klass_infos = self.get_related_selections(select, select_mask)", "  File \"C:\\Users\\Rahul\\AppData\\Local\\Programs\\Python\\Python310\\lib\\site-packages\\django\\db\\models\\sql\\compiler.py\", line 1396, in get_related_selections", "    raise FieldError(", "django.core.exceptions.FieldError: Invalid field name(s) given in select_related: 'guardian'. Choices are: school", ""]}, "request": {"method": "GET", "path": "/api/athletes/", "ip": "127.0.0.1", "userAgent": "Mozilla/5.0 (Windows NT 10.0; Win64; x64; rv:142.0) Gecko/20100101 Firefox/142.0", "requestId": "8b6e2457-5bc6-4121-b75c-fc30d9a4de17", "userId": 3}, "response": {"statusCode": 500}, "context": {"view": "AthleteListCreateView", "viewMethod": null}, "meta": {"service": "athletiq-django", "environment": "development"}}
Internal Server Error: /api/athletes/
{"level": "error", "message": "Exception: FieldError", "timestamp": "2025-08-22T17:39:35.000Z", "error": {"name": "FieldError", "message": "Invalid field name(s) given in select_related: 'guardian'. Choices are: school", "stack": ["Traceback (most recent call last):", "  File \"C:\\Users\\Rahul\\AppData\\Local\\Programs\\Python\\Python310\\lib\\site-packages\\rest_framework\\views.py\", line 512, in dispatch", "    response = handler(request, *args, **kwargs)", "  File \"C:\\Users\\Rahul\\AppData\\Local\\Programs\\Python\\Python310\\lib\\site-packages\\rest_framework\\generics.py\", line 243, in get", "    return self.list(request, *args, **kwargs)", "  File \"C:\\Users\\Rahul\\AppData\\Local\\Programs\\Python\\Python310\\lib\\site-packages\\rest_framework\\mixins.py\", line 40, in list", "    page = self.paginate_queryset(queryset)", "  File \"C:\\Users\\Rahul\\AppData\\Local\\Programs\\Python\\Python310\\lib\\site-packages\\rest_framework\\generics.py\", line 175, in paginate_queryset", "    return self.paginator.paginate_queryset(queryset, self.request, view=self)", "  File \"C:\\Users\\Rahul\\AppData\\Local\\Programs\\Python\\Python310\\lib\\site-packages\\rest_framework\\pagination.py\", line 222, in paginate_queryset", "    return list(self.page)", "  File \"C:\\Users\\Rahul\\AppData\\Local\\Programs\\Python\\Python310\\lib\\site-packages\\django\\core\\paginator.py\", line 191, in __len__", "    return len(self.object_list)", "  File \"C:\\Users\\Rahul\\AppData\\Local\\Programs\\Python\\Python310\\lib\\site-packages\\django\\db\\models\\query.py\", line 366, in __len__", "    self._fetch_all()", "  File \"C:\\Users\\Rahul\\AppData\\Local\\Programs\\Python\\Python310\\lib\\site-packages\\django\\db\\models\\query.py\", line 1949, in _fetch_all", "    self._result_cache = list(self._iterable_class(self))", "  File \"C:\\Users\\Rahul\\AppData\\Local\\Programs\\Python\\Python310\\lib\\site-packages\\django\\db\\models\\query.py\", line 91, in __iter__", "    results = compiler.execute_sql(", "  File \"C:\\Users\\Rahul\\AppData\\Local\\Programs\\Python\\Python310\\lib\\site-packages\\django\\db\\models\\sql\\compiler.py\", line 1610, in execute_sql", "    sql, params = self.as_sql()", "  File \"C:\\Users\\Rahul\\AppData\\Local\\Programs\\Python\\Python310\\lib\\site-packages\\django\\db\\models\\sql\\compiler.py\", line 766, in as_sql", "    extra_select, order_by, group_by = self.pre_sql_setup(", "  File \"C:\\Users\\Rahul\\AppData\\Local\\Programs\\Python\\Python310\\lib\\site-packages\\django\\db\\models\\sql\\compiler.py\", line 85, in pre_sql_setup", "    self.setup_query(with_col_aliases=with_col_aliases)", "  File \"C:\\Users\\Rahul\\AppData\\Local\\Programs\\Python\\Python310\\lib\\site-packages\\django\\db\\models\\sql\\compiler.py\", line 74, in setup_query", "    self.select, self.klass_info, self.annotation_col_map = self.get_select(", "  File \"C:\\Users\\Rahul\\AppData\\Local\\Programs\\Python\\Python310\\lib\\site-packages\\django\\db\\models\\sql\\compiler.py\", line 299, in get_select", "    related_klass_infos = self.get_related_selections(select, select_mask)", "  File \"C:\\Users\\Rahul\\AppData\\Local\\Programs\\Python\\Python310\\lib\\site-packages\\django\\db\\models\\sql\\compiler.py\", line 1396, in get_related_selections", "    raise FieldError(", "django.core.exceptions.FieldError: Invalid field name(s) given in select_related: 'guardian'. Choices are: school", ""]}, "request": {"method": "GET", "path": "/api/athletes/", "ip": "127.0.0.1", "userAgent": "Mozilla/5.0 (Windows NT 10.0; Win64; x64; rv:142.0) Gecko/20100101 Firefox/142.0", "requestId": "96714a0f-2575-4b92-a630-ccafb874533c", "userId": 3}, "response": {"statusCode": 500}, "context": {"view": "AthleteListCreateView", "viewMethod": null}, "meta": {"service": "athletiq-django", "environment": "development"}}
Internal Server Error: /api/athletes/
{"level": "error", "message": "Exception: FieldError", "timestamp": "2025-08-22T17:39:56.000Z", "error": {"name": "FieldError", "message": "Invalid field name(s) given in select_related: 'guardian'. Choices are: school", "stack": ["Traceback (most recent call last):", "  File \"C:\\Users\\Rahul\\AppData\\Local\\Programs\\Python\\Python310\\lib\\site-packages\\rest_framework\\views.py\", line 512, in dispatch", "    response = handler(request, *args, **kwargs)", "  File \"C:\\Users\\Rahul\\AppData\\Local\\Programs\\Python\\Python310\\lib\\site-packages\\rest_framework\\generics.py\", line 243, in get", "    return self.list(request, *args, **kwargs)", "  File \"C:\\Users\\Rahul\\AppData\\Local\\Programs\\Python\\Python310\\lib\\site-packages\\rest_framework\\mixins.py\", line 40, in list", "    page = self.paginate_queryset(queryset)", "  File \"C:\\Users\\Rahul\\AppData\\Local\\Programs\\Python\\Python310\\lib\\site-packages\\rest_framework\\generics.py\", line 175, in paginate_queryset", "    return self.paginator.paginate_queryset(queryset, self.request, view=self)", "  File \"C:\\Users\\Rahul\\AppData\\Local\\Programs\\Python\\Python310\\lib\\site-packages\\rest_framework\\pagination.py\", line 222, in paginate_queryset", "    return list(self.page)", "  File \"C:\\Users\\Rahul\\AppData\\Local\\Programs\\Python\\Python310\\lib\\site-packages\\django\\core\\paginator.py\", line 191, in __len__", "    return len(self.object_list)", "  File \"C:\\Users\\Rahul\\AppData\\Local\\Programs\\Python\\Python310\\lib\\site-packages\\django\\db\\models\\query.py\", line 366, in __len__", "    self._fetch_all()", "  File \"C:\\Users\\Rahul\\AppData\\Local\\Programs\\Python\\Python310\\lib\\site-packages\\django\\db\\models\\query.py\", line 1949, in _fetch_all", "    self._result_cache = list(self._iterable_class(self))", "  File \"C:\\Users\\Rahul\\AppData\\Local\\Programs\\Python\\Python310\\lib\\site-packages\\django\\db\\models\\query.py\", line 91, in __iter__", "    results = compiler.execute_sql(", "  File \"C:\\Users\\Rahul\\AppData\\Local\\Programs\\Python\\Python310\\lib\\site-packages\\django\\db\\models\\sql\\compiler.py\", line 1610, in execute_sql", "    sql, params = self.as_sql()", "  File \"C:\\Users\\Rahul\\AppData\\Local\\Programs\\Python\\Python310\\lib\\site-packages\\django\\db\\models\\sql\\compiler.py\", line 766, in as_sql", "    extra_select, order_by, group_by = self.pre_sql_setup(", "  File \"C:\\Users\\Rahul\\AppData\\Local\\Programs\\Python\\Python310\\lib\\site-packages\\django\\db\\models\\sql\\compiler.py\", line 85, in pre_sql_setup", "    self.setup_query(with_col_aliases=with_col_aliases)", "  File \"C:\\Users\\Rahul\\AppData\\Local\\Programs\\Python\\Python310\\lib\\site-packages\\django\\db\\models\\sql\\compiler.py\", line 74, in setup_query", "    self.select, self.klass_info, self.annotation_col_map = self.get_select(", "  File \"C:\\Users\\Rahul\\AppData\\Local\\Programs\\Python\\Python310\\lib\\site-packages\\django\\db\\models\\sql\\compiler.py\", line 299, in get_select", "    related_klass_infos = self.get_related_selections(select, select_mask)", "  File \"C:\\Users\\Rahul\\AppData\\Local\\Programs\\Python\\Python310\\lib\\site-packages\\django\\db\\models\\sql\\compiler.py\", line 1396, in get_related_selections", "    raise FieldError(", "django.core.exceptions.FieldError: Invalid field name(s) given in select_related: 'guardian'. Choices are: school", ""]}, "request": {"method": "GET", "path": "/api/athletes/", "ip": "127.0.0.1", "userAgent": "Mozilla/5.0 (Windows NT 10.0; Win64; x64; rv:142.0) Gecko/20100101 Firefox/142.0", "requestId": "b83ef648-2138-4388-9cc0-9fe7bafa8a67", "userId": 3}, "response": {"statusCode": 500}, "context": {"view": "AthleteListCreateView", "viewMethod": null}, "meta": {"service": "athletiq-django", "environment": "development"}}
Internal Server Error: /api/athletes/
{"level": "error", "message": "Exception: FieldError", "timestamp": "2025-08-22T17:39:58.000Z", "error": {"name": "FieldError", "message": "Invalid field name(s) given in select_related: 'guardian'. Choices are: school", "stack": ["Traceback (most recent call last):", "  File \"C:\\Users\\Rahul\\AppData\\Local\\Programs\\Python\\Python310\\lib\\site-packages\\rest_framework\\views.py\", line 512, in dispatch", "    response = handler(request, *args, **kwargs)", "  File \"C:\\Users\\Rahul\\AppData\\Local\\Programs\\Python\\Python310\\lib\\site-packages\\rest_framework\\generics.py\", line 243, in get", "    return self.list(request, *args, **kwargs)", "  File \"C:\\Users\\Rahul\\AppData\\Local\\Programs\\Python\\Python310\\lib\\site-packages\\rest_framework\\mixins.py\", line 40, in list", "    page = self.paginate_queryset(queryset)", "  File \"C:\\Users\\Rahul\\AppData\\Local\\Programs\\Python\\Python310\\lib\\site-packages\\rest_framework\\generics.py\", line 175, in paginate_queryset", "    return self.paginator.paginate_queryset(queryset, self.request, view=self)", "  File \"C:\\Users\\Rahul\\AppData\\Local\\Programs\\Python\\Python310\\lib\\site-packages\\rest_framework\\pagination.py\", line 222, in paginate_queryset", "    return list(self.page)", "  File \"C:\\Users\\Rahul\\AppData\\Local\\Programs\\Python\\Python310\\lib\\site-packages\\django\\core\\paginator.py\", line 191, in __len__", "    return len(self.object_list)", "  File \"C:\\Users\\Rahul\\AppData\\Local\\Programs\\Python\\Python310\\lib\\site-packages\\django\\db\\models\\query.py\", line 366, in __len__", "    self._fetch_all()", "  File \"C:\\Users\\Rahul\\AppData\\Local\\Programs\\Python\\Python310\\lib\\site-packages\\django\\db\\models\\query.py\", line 1949, in _fetch_all", "    self._result_cache = list(self._iterable_class(self))", "  File \"C:\\Users\\Rahul\\AppData\\Local\\Programs\\Python\\Python310\\lib\\site-packages\\django\\db\\models\\query.py\", line 91, in __iter__", "    results = compiler.execute_sql(", "  File \"C:\\Users\\Rahul\\AppData\\Local\\Programs\\Python\\Python310\\lib\\site-packages\\django\\db\\models\\sql\\compiler.py\", line 1610, in execute_sql", "    sql, params = self.as_sql()", "  File \"C:\\Users\\Rahul\\AppData\\Local\\Programs\\Python\\Python310\\lib\\site-packages\\django\\db\\models\\sql\\compiler.py\", line 766, in as_sql", "    extra_select, order_by, group_by = self.pre_sql_setup(", "  File \"C:\\Users\\Rahul\\AppData\\Local\\Programs\\Python\\Python310\\lib\\site-packages\\django\\db\\models\\sql\\compiler.py\", line 85, in pre_sql_setup", "    self.setup_query(with_col_aliases=with_col_aliases)", "  File \"C:\\Users\\Rahul\\AppData\\Local\\Programs\\Python\\Python310\\lib\\site-packages\\django\\db\\models\\sql\\compiler.py\", line 74, in setup_query", "    self.select, self.klass_info, self.annotation_col_map = self.get_select(", "  File \"C:\\Users\\Rahul\\AppData\\Local\\Programs\\Python\\Python310\\lib\\site-packages\\django\\db\\models\\sql\\compiler.py\", line 299, in get_select", "    related_klass_infos = self.get_related_selections(select, select_mask)", "  File \"C:\\Users\\Rahul\\AppData\\Local\\Programs\\Python\\Python310\\lib\\site-packages\\django\\db\\models\\sql\\compiler.py\", line 1396, in get_related_selections", "    raise FieldError(", "django.core.exceptions.FieldError: Invalid field name(s) given in select_related: 'guardian'. Choices are: school", ""]}, "request": {"method": "GET", "path": "/api/athletes/", "ip": "127.0.0.1", "userAgent": "Mozilla/5.0 (Windows NT 10.0; Win64; x64; rv:142.0) Gecko/20100101 Firefox/142.0", "requestId": "37fc6764-6382-426d-b6cc-69ebc423d48f", "userId": 3}, "response": {"statusCode": 500}, "context": {"view": "AthleteListCreateView", "viewMethod": null}, "meta": {"service": "athletiq-django", "environment": "development"}}
Internal Server Error: /api/athletes/
{"level": "error", "message": "Exception: FieldError", "timestamp": "2025-08-22T17:40:02.000Z", "error": {"name": "FieldError", "message": "Invalid field name(s) given in select_related: 'guardian'. Choices are: school", "stack": ["Traceback (most recent call last):", "  File \"C:\\Users\\Rahul\\AppData\\Local\\Programs\\Python\\Python310\\lib\\site-packages\\rest_framework\\views.py\", line 512, in dispatch", "    response = handler(request, *args, **kwargs)", "  File \"C:\\Users\\Rahul\\AppData\\Local\\Programs\\Python\\Python310\\lib\\site-packages\\rest_framework\\generics.py\", line 243, in get", "    return self.list(request, *args, **kwargs)", "  File \"C:\\Users\\Rahul\\AppData\\Local\\Programs\\Python\\Python310\\lib\\site-packages\\rest_framework\\mixins.py\", line 40, in list", "    page = self.paginate_queryset(queryset)", "  File \"C:\\Users\\Rahul\\AppData\\Local\\Programs\\Python\\Python310\\lib\\site-packages\\rest_framework\\generics.py\", line 175, in paginate_queryset", "    return self.paginator.paginate_queryset(queryset, self.request, view=self)", "  File \"C:\\Users\\Rahul\\AppData\\Local\\Programs\\Python\\Python310\\lib\\site-packages\\rest_framework\\pagination.py\", line 222, in paginate_queryset", "    return list(self.page)", "  File \"C:\\Users\\Rahul\\AppData\\Local\\Programs\\Python\\Python310\\lib\\site-packages\\django\\core\\paginator.py\", line 191, in __len__", "    return len(self.object_list)", "  File \"C:\\Users\\Rahul\\AppData\\Local\\Programs\\Python\\Python310\\lib\\site-packages\\django\\db\\models\\query.py\", line 366, in __len__", "    self._fetch_all()", "  File \"C:\\Users\\Rahul\\AppData\\Local\\Programs\\Python\\Python310\\lib\\site-packages\\django\\db\\models\\query.py\", line 1949, in _fetch_all", "    self._result_cache = list(self._iterable_class(self))", "  File \"C:\\Users\\Rahul\\AppData\\Local\\Programs\\Python\\Python310\\lib\\site-packages\\django\\db\\models\\query.py\", line 91, in __iter__", "    results = compiler.execute_sql(", "  File \"C:\\Users\\Rahul\\AppData\\Local\\Programs\\Python\\Python310\\lib\\site-packages\\django\\db\\models\\sql\\compiler.py\", line 1610, in execute_sql", "    sql, params = self.as_sql()", "  File \"C:\\Users\\Rahul\\AppData\\Local\\Programs\\Python\\Python310\\lib\\site-packages\\django\\db\\models\\sql\\compiler.py\", line 766, in as_sql", "    extra_select, order_by, group_by = self.pre_sql_setup(", "  File \"C:\\Users\\Rahul\\AppData\\Local\\Programs\\Python\\Python310\\lib\\site-packages\\django\\db\\models\\sql\\compiler.py\", line 85, in pre_sql_setup", "    self.setup_query(with_col_aliases=with_col_aliases)", "  File \"C:\\Users\\Rahul\\AppData\\Local\\Programs\\Python\\Python310\\lib\\site-packages\\django\\db\\models\\sql\\compiler.py\", line 74, in setup_query", "    self.select, self.klass_info, self.annotation_col_map = self.get_select(", "  File \"C:\\Users\\Rahul\\AppData\\Local\\Programs\\Python\\Python310\\lib\\site-packages\\django\\db\\models\\sql\\compiler.py\", line 299, in get_select", "    related_klass_infos = self.get_related_selections(select, select_mask)", "  File \"C:\\Users\\Rahul\\AppData\\Local\\Programs\\Python\\Python310\\lib\\site-packages\\django\\db\\models\\sql\\compiler.py\", line 1396, in get_related_selections", "    raise FieldError(", "django.core.exceptions.FieldError: Invalid field name(s) given in select_related: 'guardian'. Choices are: school", ""]}, "request": {"method": "GET", "path": "/api/athletes/", "ip": "127.0.0.1", "userAgent": "Mozilla/5.0 (Windows NT 10.0; Win64; x64; rv:142.0) Gecko/20100101 Firefox/142.0", "requestId": "788e9db6-b524-4424-9114-270ac6c986e7", "userId": 3}, "response": {"statusCode": 500}, "context": {"view": "AthleteListCreateView", "viewMethod": null}, "meta": {"service": "athletiq-django", "environment": "development"}}
Internal Server Error: /api/athletes/
{"level": "error", "message": "Exception: FieldError", "timestamp": "2025-08-22T18:21:28.000Z", "error": {"name": "FieldError", "message": "Invalid field name(s) given in select_related: 'guardian'. Choices are: school", "stack": ["Traceback (most recent call last):", "  File \"C:\\Users\\Rahul\\AppData\\Local\\Programs\\Python\\Python310\\lib\\site-packages\\rest_framework\\views.py\", line 512, in dispatch", "    response = handler(request, *args, **kwargs)", "  File \"C:\\Users\\Rahul\\AppData\\Local\\Programs\\Python\\Python310\\lib\\site-packages\\rest_framework\\generics.py\", line 243, in get", "    return self.list(request, *args, **kwargs)", "  File \"C:\\Users\\Rahul\\AppData\\Local\\Programs\\Python\\Python310\\lib\\site-packages\\rest_framework\\mixins.py\", line 40, in list", "    page = self.paginate_queryset(queryset)", "  File \"C:\\Users\\Rahul\\AppData\\Local\\Programs\\Python\\Python310\\lib\\site-packages\\rest_framework\\generics.py\", line 175, in paginate_queryset", "    return self.paginator.paginate_queryset(queryset, self.request, view=self)", "  File \"C:\\Users\\Rahul\\AppData\\Local\\Programs\\Python\\Python310\\lib\\site-packages\\rest_framework\\pagination.py\", line 222, in paginate_queryset", "    return list(self.page)", "  File \"C:\\Users\\Rahul\\AppData\\Local\\Programs\\Python\\Python310\\lib\\site-packages\\django\\core\\paginator.py\", line 191, in __len__", "    return len(self.object_list)", "  File \"C:\\Users\\Rahul\\AppData\\Local\\Programs\\Python\\Python310\\lib\\site-packages\\django\\db\\models\\query.py\", line 366, in __len__", "    self._fetch_all()", "  File \"C:\\Users\\Rahul\\AppData\\Local\\Programs\\Python\\Python310\\lib\\site-packages\\django\\db\\models\\query.py\", line 1949, in _fetch_all", "    self._result_cache = list(self._iterable_class(self))", "  File \"C:\\Users\\Rahul\\AppData\\Local\\Programs\\Python\\Python310\\lib\\site-packages\\django\\db\\models\\query.py\", line 91, in __iter__", "    results = compiler.execute_sql(", "  File \"C:\\Users\\Rahul\\AppData\\Local\\Programs\\Python\\Python310\\lib\\site-packages\\django\\db\\models\\sql\\compiler.py\", line 1610, in execute_sql", "    sql, params = self.as_sql()", "  File \"C:\\Users\\Rahul\\AppData\\Local\\Programs\\Python\\Python310\\lib\\site-packages\\django\\db\\models\\sql\\compiler.py\", line 766, in as_sql", "    extra_select, order_by, group_by = self.pre_sql_setup(", "  File \"C:\\Users\\Rahul\\AppData\\Local\\Programs\\Python\\Python310\\lib\\site-packages\\django\\db\\models\\sql\\compiler.py\", line 85, in pre_sql_setup", "    self.setup_query(with_col_aliases=with_col_aliases)", "  File \"C:\\Users\\Rahul\\AppData\\Local\\Programs\\Python\\Python310\\lib\\site-packages\\django\\db\\models\\sql\\compiler.py\", line 74, in setup_query", "    self.select, self.klass_info, self.annotation_col_map = self.get_select(", "  File \"C:\\Users\\Rahul\\AppData\\Local\\Programs\\Python\\Python310\\lib\\site-packages\\django\\db\\models\\sql\\compiler.py\", line 299, in get_select", "    related_klass_infos = self.get_related_selections(select, select_mask)", "  File \"C:\\Users\\Rahul\\AppData\\Local\\Programs\\Python\\Python310\\lib\\site-packages\\django\\db\\models\\sql\\compiler.py\", line 1396, in get_related_selections", "    raise FieldError(", "django.core.exceptions.FieldError: Invalid field name(s) given in select_related: 'guardian'. Choices are: school", ""]}, "request": {"method": "GET", "path": "/api/athletes/", "ip": "127.0.0.1", "userAgent": "Mozilla/5.0 (Windows NT 10.0; Win64; x64; rv:142.0) Gecko/20100101 Firefox/142.0", "requestId": "dca832e5-3922-4d92-81a0-809541855e7e", "userId": 3}, "response": {"statusCode": 500}, "context": {"view": "AthleteListCreateView", "viewMethod": null}, "meta": {"service": "athletiq-django", "environment": "development"}}
{"level": "error", "message": "Exception: FieldError", "timestamp": "2025-08-22T18:21:28.000Z", "error": {"name": "FieldError", "message": "Invalid field name(s) given in select_related: 'guardian'. Choices are: school", "stack": ["Traceback (most recent call last):", "  File \"C:\\Users\\Rahul\\AppData\\Local\\Programs\\Python\\Python310\\lib\\site-packages\\rest_framework\\views.py\", line 512, in dispatch", "    response = handler(request, *args, **kwargs)", "  File \"C:\\Users\\Rahul\\AppData\\Local\\Programs\\Python\\Python310\\lib\\site-packages\\rest_framework\\generics.py\", line 243, in get", "    return self.list(request, *args, **kwargs)", "  File \"C:\\Users\\Rahul\\AppData\\Local\\Programs\\Python\\Python310\\lib\\site-packages\\rest_framework\\mixins.py\", line 40, in list", "    page = self.paginate_queryset(queryset)", "  File \"C:\\Users\\Rahul\\AppData\\Local\\Programs\\Python\\Python310\\lib\\site-packages\\rest_framework\\generics.py\", line 175, in paginate_queryset", "    return self.paginator.paginate_queryset(queryset, self.request, view=self)", "  File \"C:\\Users\\Rahul\\AppData\\Local\\Programs\\Python\\Python310\\lib\\site-packages\\rest_framework\\pagination.py\", line 222, in paginate_queryset", "    return list(self.page)", "  File \"C:\\Users\\Rahul\\AppData\\Local\\Programs\\Python\\Python310\\lib\\site-packages\\django\\core\\paginator.py\", line 191, in __len__", "    return len(self.object_list)", "  File \"C:\\Users\\Rahul\\AppData\\Local\\Programs\\Python\\Python310\\lib\\site-packages\\django\\db\\models\\query.py\", line 366, in __len__", "    self._fetch_all()", "  File \"C:\\Users\\Rahul\\AppData\\Local\\Programs\\Python\\Python310\\lib\\site-packages\\django\\db\\models\\query.py\", line 1949, in _fetch_all", "    self._result_cache = list(self._iterable_class(self))", "  File \"C:\\Users\\Rahul\\AppData\\Local\\Programs\\Python\\Python310\\lib\\site-packages\\django\\db\\models\\query.py\", line 91, in __iter__", "    results = compiler.execute_sql(", "  File \"C:\\Users\\Rahul\\AppData\\Local\\Programs\\Python\\Python310\\lib\\site-packages\\django\\db\\models\\sql\\compiler.py\", line 1610, in execute_sql", "    sql, params = self.as_sql()", "  File \"C:\\Users\\Rahul\\AppData\\Local\\Programs\\Python\\Python310\\lib\\site-packages\\django\\db\\models\\sql\\compiler.py\", line 766, in as_sql", "    extra_select, order_by, group_by = self.pre_sql_setup(", "  File \"C:\\Users\\Rahul\\AppData\\Local\\Programs\\Python\\Python310\\lib\\site-packages\\django\\db\\models\\sql\\compiler.py\", line 85, in pre_sql_setup", "    self.setup_query(with_col_aliases=with_col_aliases)", "  File \"C:\\Users\\Rahul\\AppData\\Local\\Programs\\Python\\Python310\\lib\\site-packages\\django\\db\\models\\sql\\compiler.py\", line 74, in setup_query", "    self.select, self.klass_info, self.annotation_col_map = self.get_select(", "  File \"C:\\Users\\Rahul\\AppData\\Local\\Programs\\Python\\Python310\\lib\\site-packages\\django\\db\\models\\sql\\compiler.py\", line 299, in get_select", "    related_klass_infos = self.get_related_selections(select, select_mask)", "  File \"C:\\Users\\Rahul\\AppData\\Local\\Programs\\Python\\Python310\\lib\\site-packages\\django\\db\\models\\sql\\compiler.py\", line 1396, in get_related_selections", "    raise FieldError(", "django.core.exceptions.FieldError: Invalid field name(s) given in select_related: 'guardian'. Choices are: school", ""]}, "request": {"method": "GET", "path": "/api/athletes/", "ip": "127.0.0.1", "userAgent": "Mozilla/5.0 (Windows NT 10.0; Win64; x64; rv:142.0) Gecko/20100101 Firefox/142.0", "requestId": "92e6b44a-113c-410b-896b-508f613471e0", "userId": 3}, "response": {"statusCode": 500}, "context": {"view": "AthleteListCreateView", "viewMethod": null}, "meta": {"service": "athletiq-django", "environment": "development"}}
Internal Server Error: /api/athletes/
Internal Server Error: /api/athletes/
{"level": "error", "message": "Exception: FieldError", "timestamp": "2025-08-22T18:22:19.000Z", "error": {"name": "FieldError", "message": "Invalid field name(s) given in select_related: 'guardian'. Choices are: school", "stack": ["Traceback (most recent call last):", "  File \"C:\\Users\\Rahul\\AppData\\Local\\Programs\\Python\\Python310\\lib\\site-packages\\rest_framework\\views.py\", line 512, in dispatch", "    response = handler(request, *args, **kwargs)", "  File \"C:\\Users\\Rahul\\AppData\\Local\\Programs\\Python\\Python310\\lib\\site-packages\\rest_framework\\generics.py\", line 243, in get", "    return self.list(request, *args, **kwargs)", "  File \"C:\\Users\\Rahul\\AppData\\Local\\Programs\\Python\\Python310\\lib\\site-packages\\rest_framework\\mixins.py\", line 40, in list", "    page = self.paginate_queryset(queryset)", "  File \"C:\\Users\\Rahul\\AppData\\Local\\Programs\\Python\\Python310\\lib\\site-packages\\rest_framework\\generics.py\", line 175, in paginate_queryset", "    return self.paginator.paginate_queryset(queryset, self.request, view=self)", "  File \"C:\\Users\\Rahul\\AppData\\Local\\Programs\\Python\\Python310\\lib\\site-packages\\rest_framework\\pagination.py\", line 222, in paginate_queryset", "    return list(self.page)", "  File \"C:\\Users\\Rahul\\AppData\\Local\\Programs\\Python\\Python310\\lib\\site-packages\\django\\core\\paginator.py\", line 191, in __len__", "    return len(self.object_list)", "  File \"C:\\Users\\Rahul\\AppData\\Local\\Programs\\Python\\Python310\\lib\\site-packages\\django\\db\\models\\query.py\", line 366, in __len__", "    self._fetch_all()", "  File \"C:\\Users\\Rahul\\AppData\\Local\\Programs\\Python\\Python310\\lib\\site-packages\\django\\db\\models\\query.py\", line 1949, in _fetch_all", "    self._result_cache = list(self._iterable_class(self))", "  File \"C:\\Users\\Rahul\\AppData\\Local\\Programs\\Python\\Python310\\lib\\site-packages\\django\\db\\models\\query.py\", line 91, in __iter__", "    results = compiler.execute_sql(", "  File \"C:\\Users\\Rahul\\AppData\\Local\\Programs\\Python\\Python310\\lib\\site-packages\\django\\db\\models\\sql\\compiler.py\", line 1610, in execute_sql", "    sql, params = self.as_sql()", "  File \"C:\\Users\\Rahul\\AppData\\Local\\Programs\\Python\\Python310\\lib\\site-packages\\django\\db\\models\\sql\\compiler.py\", line 766, in as_sql", "    extra_select, order_by, group_by = self.pre_sql_setup(", "  File \"C:\\Users\\Rahul\\AppData\\Local\\Programs\\Python\\Python310\\lib\\site-packages\\django\\db\\models\\sql\\compiler.py\", line 85, in pre_sql_setup", "    self.setup_query(with_col_aliases=with_col_aliases)", "  File \"C:\\Users\\Rahul\\AppData\\Local\\Programs\\Python\\Python310\\lib\\site-packages\\django\\db\\models\\sql\\compiler.py\", line 74, in setup_query", "    self.select, self.klass_info, self.annotation_col_map = self.get_select(", "  File \"C:\\Users\\Rahul\\AppData\\Local\\Programs\\Python\\Python310\\lib\\site-packages\\django\\db\\models\\sql\\compiler.py\", line 299, in get_select", "    related_klass_infos = self.get_related_selections(select, select_mask)", "  File \"C:\\Users\\Rahul\\AppData\\Local\\Programs\\Python\\Python310\\lib\\site-packages\\django\\db\\models\\sql\\compiler.py\", line 1396, in get_related_selections", "    raise FieldError(", "django.core.exceptions.FieldError: Invalid field name(s) given in select_related: 'guardian'. Choices are: school", ""]}, "request": {"method": "GET", "path": "/api/athletes/", "ip": "127.0.0.1", "userAgent": "Mozilla/5.0 (Windows NT 10.0; Win64; x64; rv:142.0) Gecko/20100101 Firefox/142.0", "requestId": "749de176-9bed-4075-b46f-5d7bb4db28c8", "userId": 3}, "response": {"statusCode": 500}, "context": {"view": "AthleteListCreateView", "viewMethod": null}, "meta": {"service": "athletiq-django", "environment": "development"}}
Internal Server Error: /api/athletes/
{"level": "error", "message": "Exception: FieldError", "timestamp": "2025-08-22T18:24:01.000Z", "error": {"name": "FieldError", "message": "Invalid field name(s) given in select_related: 'guardian'. Choices are: school", "stack": ["Traceback (most recent call last):", "  File \"C:\\Users\\Rahul\\AppData\\Local\\Programs\\Python\\Python310\\lib\\site-packages\\rest_framework\\views.py\", line 512, in dispatch", "    response = handler(request, *args, **kwargs)", "  File \"C:\\Users\\Rahul\\AppData\\Local\\Programs\\Python\\Python310\\lib\\site-packages\\rest_framework\\generics.py\", line 243, in get", "    return self.list(request, *args, **kwargs)", "  File \"C:\\Users\\Rahul\\AppData\\Local\\Programs\\Python\\Python310\\lib\\site-packages\\rest_framework\\mixins.py\", line 40, in list", "    page = self.paginate_queryset(queryset)", "  File \"C:\\Users\\Rahul\\AppData\\Local\\Programs\\Python\\Python310\\lib\\site-packages\\rest_framework\\generics.py\", line 175, in paginate_queryset", "    return self.paginator.paginate_queryset(queryset, self.request, view=self)", "  File \"C:\\Users\\Rahul\\AppData\\Local\\Programs\\Python\\Python310\\lib\\site-packages\\rest_framework\\pagination.py\", line 222, in paginate_queryset", "    return list(self.page)", "  File \"C:\\Users\\Rahul\\AppData\\Local\\Programs\\Python\\Python310\\lib\\site-packages\\django\\core\\paginator.py\", line 191, in __len__", "    return len(self.object_list)", "  File \"C:\\Users\\Rahul\\AppData\\Local\\Programs\\Python\\Python310\\lib\\site-packages\\django\\db\\models\\query.py\", line 366, in __len__", "    self._fetch_all()", "  File \"C:\\Users\\Rahul\\AppData\\Local\\Programs\\Python\\Python310\\lib\\site-packages\\django\\db\\models\\query.py\", line 1949, in _fetch_all", "    self._result_cache = list(self._iterable_class(self))", "  File \"C:\\Users\\Rahul\\AppData\\Local\\Programs\\Python\\Python310\\lib\\site-packages\\django\\db\\models\\query.py\", line 91, in __iter__", "    results = compiler.execute_sql(", "  File \"C:\\Users\\Rahul\\AppData\\Local\\Programs\\Python\\Python310\\lib\\site-packages\\django\\db\\models\\sql\\compiler.py\", line 1610, in execute_sql", "    sql, params = self.as_sql()", "  File \"C:\\Users\\Rahul\\AppData\\Local\\Programs\\Python\\Python310\\lib\\site-packages\\django\\db\\models\\sql\\compiler.py\", line 766, in as_sql", "    extra_select, order_by, group_by = self.pre_sql_setup(", "  File \"C:\\Users\\Rahul\\AppData\\Local\\Programs\\Python\\Python310\\lib\\site-packages\\django\\db\\models\\sql\\compiler.py\", line 85, in pre_sql_setup", "    self.setup_query(with_col_aliases=with_col_aliases)", "  File \"C:\\Users\\Rahul\\AppData\\Local\\Programs\\Python\\Python310\\lib\\site-packages\\django\\db\\models\\sql\\compiler.py\", line 74, in setup_query", "    self.select, self.klass_info, self.annotation_col_map = self.get_select(", "  File \"C:\\Users\\Rahul\\AppData\\Local\\Programs\\Python\\Python310\\lib\\site-packages\\django\\db\\models\\sql\\compiler.py\", line 299, in get_select", "    related_klass_infos = self.get_related_selections(select, select_mask)", "  File \"C:\\Users\\Rahul\\AppData\\Local\\Programs\\Python\\Python310\\lib\\site-packages\\django\\db\\models\\sql\\compiler.py\", line 1396, in get_related_selections", "    raise FieldError(", "django.core.exceptions.FieldError: Invalid field name(s) given in select_related: 'guardian'. Choices are: school", ""]}, "request": {"method": "GET", "path": "/api/athletes/", "ip": "127.0.0.1", "userAgent": "Mozilla/5.0 (Windows NT 10.0; Win64; x64; rv:142.0) Gecko/20100101 Firefox/142.0", "requestId": "a2034c57-0056-490c-9ef5-2b7d16d21078", "userId": 3}, "response": {"statusCode": 500}, "context": {"view": "AthleteListCreateView", "viewMethod": null}, "meta": {"service": "athletiq-django", "environment": "development"}}
Internal Server Error: /api/athletes/
{"level": "error", "message": "Exception: FieldError", "timestamp": "2025-08-22T18:24:03.000Z", "error": {"name": "FieldError", "message": "Invalid field name(s) given in select_related: 'guardian'. Choices are: school", "stack": ["Traceback (most recent call last):", "  File \"C:\\Users\\Rahul\\AppData\\Local\\Programs\\Python\\Python310\\lib\\site-packages\\rest_framework\\views.py\", line 512, in dispatch", "    response = handler(request, *args, **kwargs)", "  File \"C:\\Users\\Rahul\\AppData\\Local\\Programs\\Python\\Python310\\lib\\site-packages\\rest_framework\\generics.py\", line 243, in get", "    return self.list(request, *args, **kwargs)", "  File \"C:\\Users\\Rahul\\AppData\\Local\\Programs\\Python\\Python310\\lib\\site-packages\\rest_framework\\mixins.py\", line 40, in list", "    page = self.paginate_queryset(queryset)", "  File \"C:\\Users\\Rahul\\AppData\\Local\\Programs\\Python\\Python310\\lib\\site-packages\\rest_framework\\generics.py\", line 175, in paginate_queryset", "    return self.paginator.paginate_queryset(queryset, self.request, view=self)", "  File \"C:\\Users\\Rahul\\AppData\\Local\\Programs\\Python\\Python310\\lib\\site-packages\\rest_framework\\pagination.py\", line 222, in paginate_queryset", "    return list(self.page)", "  File \"C:\\Users\\Rahul\\AppData\\Local\\Programs\\Python\\Python310\\lib\\site-packages\\django\\core\\paginator.py\", line 191, in __len__", "    return len(self.object_list)", "  File \"C:\\Users\\Rahul\\AppData\\Local\\Programs\\Python\\Python310\\lib\\site-packages\\django\\db\\models\\query.py\", line 366, in __len__", "    self._fetch_all()", "  File \"C:\\Users\\Rahul\\AppData\\Local\\Programs\\Python\\Python310\\lib\\site-packages\\django\\db\\models\\query.py\", line 1949, in _fetch_all", "    self._result_cache = list(self._iterable_class(self))", "  File \"C:\\Users\\Rahul\\AppData\\Local\\Programs\\Python\\Python310\\lib\\site-packages\\django\\db\\models\\query.py\", line 91, in __iter__", "    results = compiler.execute_sql(", "  File \"C:\\Users\\Rahul\\AppData\\Local\\Programs\\Python\\Python310\\lib\\site-packages\\django\\db\\models\\sql\\compiler.py\", line 1610, in execute_sql", "    sql, params = self.as_sql()", "  File \"C:\\Users\\Rahul\\AppData\\Local\\Programs\\Python\\Python310\\lib\\site-packages\\django\\db\\models\\sql\\compiler.py\", line 766, in as_sql", "    extra_select, order_by, group_by = self.pre_sql_setup(", "  File \"C:\\Users\\Rahul\\AppData\\Local\\Programs\\Python\\Python310\\lib\\site-packages\\django\\db\\models\\sql\\compiler.py\", line 85, in pre_sql_setup", "    self.setup_query(with_col_aliases=with_col_aliases)", "  File \"C:\\Users\\Rahul\\AppData\\Local\\Programs\\Python\\Python310\\lib\\site-packages\\django\\db\\models\\sql\\compiler.py\", line 74, in setup_query", "    self.select, self.klass_info, self.annotation_col_map = self.get_select(", "  File \"C:\\Users\\Rahul\\AppData\\Local\\Programs\\Python\\Python310\\lib\\site-packages\\django\\db\\models\\sql\\compiler.py\", line 299, in get_select", "    related_klass_infos = self.get_related_selections(select, select_mask)", "  File \"C:\\Users\\Rahul\\AppData\\Local\\Programs\\Python\\Python310\\lib\\site-packages\\django\\db\\models\\sql\\compiler.py\", line 1396, in get_related_selections", "    raise FieldError(", "django.core.exceptions.FieldError: Invalid field name(s) given in select_related: 'guardian'. Choices are: school", ""]}, "request": {"method": "GET", "path": "/api/athletes/", "ip": "127.0.0.1", "userAgent": "Mozilla/5.0 (Windows NT 10.0; Win64; x64; rv:142.0) Gecko/20100101 Firefox/142.0", "requestId": "46c5863a-2472-4d39-8cd1-9b916ab570e1", "userId": 3}, "response": {"statusCode": 500}, "context": {"view": "AthleteListCreateView", "viewMethod": null}, "meta": {"service": "athletiq-django", "environment": "development"}}
Internal Server Error: /api/athletes/
{"level": "error", "message": "Exception: FieldError", "timestamp": "2025-08-22T18:29:01.000Z", "error": {"name": "FieldError", "message": "Invalid field name(s) given in select_related: 'guardian'. Choices are: school", "stack": ["Traceback (most recent call last):", "  File \"C:\\Users\\Rahul\\AppData\\Local\\Programs\\Python\\Python310\\lib\\site-packages\\rest_framework\\views.py\", line 512, in dispatch", "    response = handler(request, *args, **kwargs)", "  File \"C:\\Users\\Rahul\\AppData\\Local\\Programs\\Python\\Python310\\lib\\site-packages\\rest_framework\\generics.py\", line 243, in get", "    return self.list(request, *args, **kwargs)", "  File \"C:\\Users\\Rahul\\AppData\\Local\\Programs\\Python\\Python310\\lib\\site-packages\\rest_framework\\mixins.py\", line 40, in list", "    page = self.paginate_queryset(queryset)", "  File \"C:\\Users\\Rahul\\AppData\\Local\\Programs\\Python\\Python310\\lib\\site-packages\\rest_framework\\generics.py\", line 175, in paginate_queryset", "    return self.paginator.paginate_queryset(queryset, self.request, view=self)", "  File \"C:\\Users\\Rahul\\AppData\\Local\\Programs\\Python\\Python310\\lib\\site-packages\\rest_framework\\pagination.py\", line 222, in paginate_queryset", "    return list(self.page)", "  File \"C:\\Users\\Rahul\\AppData\\Local\\Programs\\Python\\Python310\\lib\\site-packages\\django\\core\\paginator.py\", line 191, in __len__", "    return len(self.object_list)", "  File \"C:\\Users\\Rahul\\AppData\\Local\\Programs\\Python\\Python310\\lib\\site-packages\\django\\db\\models\\query.py\", line 366, in __len__", "    self._fetch_all()", "  File \"C:\\Users\\Rahul\\AppData\\Local\\Programs\\Python\\Python310\\lib\\site-packages\\django\\db\\models\\query.py\", line 1949, in _fetch_all", "    self._result_cache = list(self._iterable_class(self))", "  File \"C:\\Users\\Rahul\\AppData\\Local\\Programs\\Python\\Python310\\lib\\site-packages\\django\\db\\models\\query.py\", line 91, in __iter__", "    results = compiler.execute_sql(", "  File \"C:\\Users\\Rahul\\AppData\\Local\\Programs\\Python\\Python310\\lib\\site-packages\\django\\db\\models\\sql\\compiler.py\", line 1610, in execute_sql", "    sql, params = self.as_sql()", "  File \"C:\\Users\\Rahul\\AppData\\Local\\Programs\\Python\\Python310\\lib\\site-packages\\django\\db\\models\\sql\\compiler.py\", line 766, in as_sql", "    extra_select, order_by, group_by = self.pre_sql_setup(", "  File \"C:\\Users\\Rahul\\AppData\\Local\\Programs\\Python\\Python310\\lib\\site-packages\\django\\db\\models\\sql\\compiler.py\", line 85, in pre_sql_setup", "    self.setup_query(with_col_aliases=with_col_aliases)", "  File \"C:\\Users\\Rahul\\AppData\\Local\\Programs\\Python\\Python310\\lib\\site-packages\\django\\db\\models\\sql\\compiler.py\", line 74, in setup_query", "    self.select, self.klass_info, self.annotation_col_map = self.get_select(", "  File \"C:\\Users\\Rahul\\AppData\\Local\\Programs\\Python\\Python310\\lib\\site-packages\\django\\db\\models\\sql\\compiler.py\", line 299, in get_select", "    related_klass_infos = self.get_related_selections(select, select_mask)", "  File \"C:\\Users\\Rahul\\AppData\\Local\\Programs\\Python\\Python310\\lib\\site-packages\\django\\db\\models\\sql\\compiler.py\", line 1396, in get_related_selections", "    raise FieldError(", "django.core.exceptions.FieldError: Invalid field name(s) given in select_related: 'guardian'. Choices are: school", ""]}, "request": {"method": "GET", "path": "/api/athletes/", "ip": "127.0.0.1", "userAgent": "Mozilla/5.0 (Windows NT 10.0; Win64; x64; rv:142.0) Gecko/20100101 Firefox/142.0", "requestId": "09d15c82-5444-4c4c-8f30-e8dab9192a69", "userId": 3}, "response": {"statusCode": 500}, "context": {"view": "AthleteListCreateView", "viewMethod": null}, "meta": {"service": "athletiq-django", "environment": "development"}}
Internal Server Error: /api/athletes/
{"level": "error", "message": "Exception: FieldError", "timestamp": "2025-08-22T18:30:45.000Z", "error": {"name": "FieldError", "message": "Invalid field name(s) given in select_related: 'guardian'. Choices are: school", "stack": ["Traceback (most recent call last):", "  File \"C:\\Users\\Rahul\\AppData\\Local\\Programs\\Python\\Python310\\lib\\site-packages\\rest_framework\\views.py\", line 512, in dispatch", "    response = handler(request, *args, **kwargs)", "  File \"C:\\Users\\Rahul\\AppData\\Local\\Programs\\Python\\Python310\\lib\\site-packages\\rest_framework\\generics.py\", line 243, in get", "    return self.list(request, *args, **kwargs)", "  File \"C:\\Users\\Rahul\\AppData\\Local\\Programs\\Python\\Python310\\lib\\site-packages\\rest_framework\\mixins.py\", line 40, in list", "    page = self.paginate_queryset(queryset)", "  File \"C:\\Users\\Rahul\\AppData\\Local\\Programs\\Python\\Python310\\lib\\site-packages\\rest_framework\\generics.py\", line 175, in paginate_queryset", "    return self.paginator.paginate_queryset(queryset, self.request, view=self)", "  File \"C:\\Users\\Rahul\\AppData\\Local\\Programs\\Python\\Python310\\lib\\site-packages\\rest_framework\\pagination.py\", line 222, in paginate_queryset", "    return list(self.page)", "  File \"C:\\Users\\Rahul\\AppData\\Local\\Programs\\Python\\Python310\\lib\\site-packages\\django\\core\\paginator.py\", line 191, in __len__", "    return len(self.object_list)", "  File \"C:\\Users\\Rahul\\AppData\\Local\\Programs\\Python\\Python310\\lib\\site-packages\\django\\db\\models\\query.py\", line 366, in __len__", "    self._fetch_all()", "  File \"C:\\Users\\Rahul\\AppData\\Local\\Programs\\Python\\Python310\\lib\\site-packages\\django\\db\\models\\query.py\", line 1949, in _fetch_all", "    self._result_cache = list(self._iterable_class(self))", "  File \"C:\\Users\\Rahul\\AppData\\Local\\Programs\\Python\\Python310\\lib\\site-packages\\django\\db\\models\\query.py\", line 91, in __iter__", "    results = compiler.execute_sql(", "  File \"C:\\Users\\Rahul\\AppData\\Local\\Programs\\Python\\Python310\\lib\\site-packages\\django\\db\\models\\sql\\compiler.py\", line 1610, in execute_sql", "    sql, params = self.as_sql()", "  File \"C:\\Users\\Rahul\\AppData\\Local\\Programs\\Python\\Python310\\lib\\site-packages\\django\\db\\models\\sql\\compiler.py\", line 766, in as_sql", "    extra_select, order_by, group_by = self.pre_sql_setup(", "  File \"C:\\Users\\Rahul\\AppData\\Local\\Programs\\Python\\Python310\\lib\\site-packages\\django\\db\\models\\sql\\compiler.py\", line 85, in pre_sql_setup", "    self.setup_query(with_col_aliases=with_col_aliases)", "  File \"C:\\Users\\Rahul\\AppData\\Local\\Programs\\Python\\Python310\\lib\\site-packages\\django\\db\\models\\sql\\compiler.py\", line 74, in setup_query", "    self.select, self.klass_info, self.annotation_col_map = self.get_select(", "  File \"C:\\Users\\Rahul\\AppData\\Local\\Programs\\Python\\Python310\\lib\\site-packages\\django\\db\\models\\sql\\compiler.py\", line 299, in get_select", "    related_klass_infos = self.get_related_selections(select, select_mask)", "  File \"C:\\Users\\Rahul\\AppData\\Local\\Programs\\Python\\Python310\\lib\\site-packages\\django\\db\\models\\sql\\compiler.py\", line 1396, in get_related_selections", "    raise FieldError(", "django.core.exceptions.FieldError: Invalid field name(s) given in select_related: 'guardian'. Choices are: school", ""]}, "request": {"method": "GET", "path": "/api/athletes/", "ip": "127.0.0.1", "userAgent": "Mozilla/5.0 (Windows NT 10.0; Win64; x64; rv:142.0) Gecko/20100101 Firefox/142.0", "requestId": "3a18f3ac-be2d-4263-8537-6d5b5c9a6a90", "userId": 3}, "response": {"statusCode": 500}, "context": {"view": "AthleteListCreateView", "viewMethod": null}, "meta": {"service": "athletiq-django", "environment": "development"}}
{"level": "error", "message": "Exception: FieldError", "timestamp": "2025-08-22T18:30:45.000Z", "error": {"name": "FieldError", "message": "Invalid field name(s) given in select_related: 'guardian'. Choices are: school", "stack": ["Traceback (most recent call last):", "  File \"C:\\Users\\Rahul\\AppData\\Local\\Programs\\Python\\Python310\\lib\\site-packages\\rest_framework\\views.py\", line 512, in dispatch", "    response = handler(request, *args, **kwargs)", "  File \"C:\\Users\\Rahul\\AppData\\Local\\Programs\\Python\\Python310\\lib\\site-packages\\rest_framework\\generics.py\", line 243, in get", "    return self.list(request, *args, **kwargs)", "  File \"C:\\Users\\Rahul\\AppData\\Local\\Programs\\Python\\Python310\\lib\\site-packages\\rest_framework\\mixins.py\", line 40, in list", "    page = self.paginate_queryset(queryset)", "  File \"C:\\Users\\Rahul\\AppData\\Local\\Programs\\Python\\Python310\\lib\\site-packages\\rest_framework\\generics.py\", line 175, in paginate_queryset", "    return self.paginator.paginate_queryset(queryset, self.request, view=self)", "  File \"C:\\Users\\Rahul\\AppData\\Local\\Programs\\Python\\Python310\\lib\\site-packages\\rest_framework\\pagination.py\", line 222, in paginate_queryset", "    return list(self.page)", "  File \"C:\\Users\\Rahul\\AppData\\Local\\Programs\\Python\\Python310\\lib\\site-packages\\django\\core\\paginator.py\", line 191, in __len__", "    return len(self.object_list)", "  File \"C:\\Users\\Rahul\\AppData\\Local\\Programs\\Python\\Python310\\lib\\site-packages\\django\\db\\models\\query.py\", line 366, in __len__", "    self._fetch_all()", "  File \"C:\\Users\\Rahul\\AppData\\Local\\Programs\\Python\\Python310\\lib\\site-packages\\django\\db\\models\\query.py\", line 1949, in _fetch_all", "    self._result_cache = list(self._iterable_class(self))", "  File \"C:\\Users\\Rahul\\AppData\\Local\\Programs\\Python\\Python310\\lib\\site-packages\\django\\db\\models\\query.py\", line 91, in __iter__", "    results = compiler.execute_sql(", "  File \"C:\\Users\\Rahul\\AppData\\Local\\Programs\\Python\\Python310\\lib\\site-packages\\django\\db\\models\\sql\\compiler.py\", line 1610, in execute_sql", "    sql, params = self.as_sql()", "  File \"C:\\Users\\Rahul\\AppData\\Local\\Programs\\Python\\Python310\\lib\\site-packages\\django\\db\\models\\sql\\compiler.py\", line 766, in as_sql", "    extra_select, order_by, group_by = self.pre_sql_setup(", "  File \"C:\\Users\\Rahul\\AppData\\Local\\Programs\\Python\\Python310\\lib\\site-packages\\django\\db\\models\\sql\\compiler.py\", line 85, in pre_sql_setup", "    self.setup_query(with_col_aliases=with_col_aliases)", "  File \"C:\\Users\\Rahul\\AppData\\Local\\Programs\\Python\\Python310\\lib\\site-packages\\django\\db\\models\\sql\\compiler.py\", line 74, in setup_query", "    self.select, self.klass_info, self.annotation_col_map = self.get_select(", "  File \"C:\\Users\\Rahul\\AppData\\Local\\Programs\\Python\\Python310\\lib\\site-packages\\django\\db\\models\\sql\\compiler.py\", line 299, in get_select", "    related_klass_infos = self.get_related_selections(select, select_mask)", "  File \"C:\\Users\\Rahul\\AppData\\Local\\Programs\\Python\\Python310\\lib\\site-packages\\django\\db\\models\\sql\\compiler.py\", line 1396, in get_related_selections", "    raise FieldError(", "django.core.exceptions.FieldError: Invalid field name(s) given in select_related: 'guardian'. Choices are: school", ""]}, "request": {"method": "GET", "path": "/api/athletes/", "ip": "127.0.0.1", "userAgent": "Mozilla/5.0 (Windows NT 10.0; Win64; x64; rv:142.0) Gecko/20100101 Firefox/142.0", "requestId": "66287de0-1cb7-4be1-bace-ea1313aacf56", "userId": 3}, "response": {"statusCode": 500}, "context": {"view": "AthleteListCreateView", "viewMethod": null}, "meta": {"service": "athletiq-django", "environment": "development"}}
Internal Server Error: /api/athletes/
Internal Server Error: /api/athletes/
{"level": "error", "message": "Exception: FieldError", "timestamp": "2025-08-22T18:30:47.000Z", "error": {"name": "FieldError", "message": "Invalid field name(s) given in select_related: 'guardian'. Choices are: school", "stack": ["Traceback (most recent call last):", "  File \"C:\\Users\\Rahul\\AppData\\Local\\Programs\\Python\\Python310\\lib\\site-packages\\rest_framework\\views.py\", line 512, in dispatch", "    response = handler(request, *args, **kwargs)", "  File \"C:\\Users\\Rahul\\AppData\\Local\\Programs\\Python\\Python310\\lib\\site-packages\\rest_framework\\generics.py\", line 243, in get", "    return self.list(request, *args, **kwargs)", "  File \"C:\\Users\\Rahul\\AppData\\Local\\Programs\\Python\\Python310\\lib\\site-packages\\rest_framework\\mixins.py\", line 40, in list", "    page = self.paginate_queryset(queryset)", "  File \"C:\\Users\\Rahul\\AppData\\Local\\Programs\\Python\\Python310\\lib\\site-packages\\rest_framework\\generics.py\", line 175, in paginate_queryset", "    return self.paginator.paginate_queryset(queryset, self.request, view=self)", "  File \"C:\\Users\\Rahul\\AppData\\Local\\Programs\\Python\\Python310\\lib\\site-packages\\rest_framework\\pagination.py\", line 222, in paginate_queryset", "    return list(self.page)", "  File \"C:\\Users\\Rahul\\AppData\\Local\\Programs\\Python\\Python310\\lib\\site-packages\\django\\core\\paginator.py\", line 191, in __len__", "    return len(self.object_list)", "  File \"C:\\Users\\Rahul\\AppData\\Local\\Programs\\Python\\Python310\\lib\\site-packages\\django\\db\\models\\query.py\", line 366, in __len__", "    self._fetch_all()", "  File \"C:\\Users\\Rahul\\AppData\\Local\\Programs\\Python\\Python310\\lib\\site-packages\\django\\db\\models\\query.py\", line 1949, in _fetch_all", "    self._result_cache = list(self._iterable_class(self))", "  File \"C:\\Users\\Rahul\\AppData\\Local\\Programs\\Python\\Python310\\lib\\site-packages\\django\\db\\models\\query.py\", line 91, in __iter__", "    results = compiler.execute_sql(", "  File \"C:\\Users\\Rahul\\AppData\\Local\\Programs\\Python\\Python310\\lib\\site-packages\\django\\db\\models\\sql\\compiler.py\", line 1610, in execute_sql", "    sql, params = self.as_sql()", "  File \"C:\\Users\\Rahul\\AppData\\Local\\Programs\\Python\\Python310\\lib\\site-packages\\django\\db\\models\\sql\\compiler.py\", line 766, in as_sql", "    extra_select, order_by, group_by = self.pre_sql_setup(", "  File \"C:\\Users\\Rahul\\AppData\\Local\\Programs\\Python\\Python310\\lib\\site-packages\\django\\db\\models\\sql\\compiler.py\", line 85, in pre_sql_setup", "    self.setup_query(with_col_aliases=with_col_aliases)", "  File \"C:\\Users\\Rahul\\AppData\\Local\\Programs\\Python\\Python310\\lib\\site-packages\\django\\db\\models\\sql\\compiler.py\", line 74, in setup_query", "    self.select, self.klass_info, self.annotation_col_map = self.get_select(", "  File \"C:\\Users\\Rahul\\AppData\\Local\\Programs\\Python\\Python310\\lib\\site-packages\\django\\db\\models\\sql\\compiler.py\", line 299, in get_select", "    related_klass_infos = self.get_related_selections(select, select_mask)", "  File \"C:\\Users\\Rahul\\AppData\\Local\\Programs\\Python\\Python310\\lib\\site-packages\\django\\db\\models\\sql\\compiler.py\", line 1396, in get_related_selections", "    raise FieldError(", "django.core.exceptions.FieldError: Invalid field name(s) given in select_related: 'guardian'. Choices are: school", ""]}, "request": {"method": "GET", "path": "/api/athletes/", "ip": "127.0.0.1", "userAgent": "Mozilla/5.0 (Windows NT 10.0; Win64; x64; rv:142.0) Gecko/20100101 Firefox/142.0", "requestId": "dc160f47-4964-4e35-9fce-03852520adab", "userId": 3}, "response": {"statusCode": 500}, "context": {"view": "AthleteListCreateView", "viewMethod": null}, "meta": {"service": "athletiq-django", "environment": "development"}}
Internal Server Error: /api/athletes/
{"level": "error", "message": "Exception: FieldError", "timestamp": "2025-08-22T18:32:52.000Z", "error": {"name": "FieldError", "message": "Invalid field name(s) given in select_related: 'guardian'. Choices are: school", "stack": ["Traceback (most recent call last):", "  File \"C:\\Users\\Rahul\\AppData\\Local\\Programs\\Python\\Python310\\lib\\site-packages\\rest_framework\\views.py\", line 512, in dispatch", "    response = handler(request, *args, **kwargs)", "  File \"C:\\Users\\Rahul\\AppData\\Local\\Programs\\Python\\Python310\\lib\\site-packages\\rest_framework\\generics.py\", line 243, in get", "    return self.list(request, *args, **kwargs)", "  File \"C:\\Users\\Rahul\\AppData\\Local\\Programs\\Python\\Python310\\lib\\site-packages\\rest_framework\\mixins.py\", line 40, in list", "    page = self.paginate_queryset(queryset)", "  File \"C:\\Users\\Rahul\\AppData\\Local\\Programs\\Python\\Python310\\lib\\site-packages\\rest_framework\\generics.py\", line 175, in paginate_queryset", "    return self.paginator.paginate_queryset(queryset, self.request, view=self)", "  File \"C:\\Users\\Rahul\\AppData\\Local\\Programs\\Python\\Python310\\lib\\site-packages\\rest_framework\\pagination.py\", line 222, in paginate_queryset", "    return list(self.page)", "  File \"C:\\Users\\Rahul\\AppData\\Local\\Programs\\Python\\Python310\\lib\\site-packages\\django\\core\\paginator.py\", line 191, in __len__", "    return len(self.object_list)", "  File \"C:\\Users\\Rahul\\AppData\\Local\\Programs\\Python\\Python310\\lib\\site-packages\\django\\db\\models\\query.py\", line 366, in __len__", "    self._fetch_all()", "  File \"C:\\Users\\Rahul\\AppData\\Local\\Programs\\Python\\Python310\\lib\\site-packages\\django\\db\\models\\query.py\", line 1949, in _fetch_all", "    self._result_cache = list(self._iterable_class(self))", "  File \"C:\\Users\\Rahul\\AppData\\Local\\Programs\\Python\\Python310\\lib\\site-packages\\django\\db\\models\\query.py\", line 91, in __iter__", "    results = compiler.execute_sql(", "  File \"C:\\Users\\Rahul\\AppData\\Local\\Programs\\Python\\Python310\\lib\\site-packages\\django\\db\\models\\sql\\compiler.py\", line 1610, in execute_sql", "    sql, params = self.as_sql()", "  File \"C:\\Users\\Rahul\\AppData\\Local\\Programs\\Python\\Python310\\lib\\site-packages\\django\\db\\models\\sql\\compiler.py\", line 766, in as_sql", "    extra_select, order_by, group_by = self.pre_sql_setup(", "  File \"C:\\Users\\Rahul\\AppData\\Local\\Programs\\Python\\Python310\\lib\\site-packages\\django\\db\\models\\sql\\compiler.py\", line 85, in pre_sql_setup", "    self.setup_query(with_col_aliases=with_col_aliases)", "  File \"C:\\Users\\Rahul\\AppData\\Local\\Programs\\Python\\Python310\\lib\\site-packages\\django\\db\\models\\sql\\compiler.py\", line 74, in setup_query", "    self.select, self.klass_info, self.annotation_col_map = self.get_select(", "  File \"C:\\Users\\Rahul\\AppData\\Local\\Programs\\Python\\Python310\\lib\\site-packages\\django\\db\\models\\sql\\compiler.py\", line 299, in get_select", "    related_klass_infos = self.get_related_selections(select, select_mask)", "  File \"C:\\Users\\Rahul\\AppData\\Local\\Programs\\Python\\Python310\\lib\\site-packages\\django\\db\\models\\sql\\compiler.py\", line 1396, in get_related_selections", "    raise FieldError(", "django.core.exceptions.FieldError: Invalid field name(s) given in select_related: 'guardian'. Choices are: school", ""]}, "request": {"method": "GET", "path": "/api/athletes/", "ip": "127.0.0.1", "userAgent": "Mozilla/5.0 (Windows NT 10.0; Win64; x64; rv:142.0) Gecko/20100101 Firefox/142.0", "requestId": "74860c6c-321a-4843-9be1-f080ec6ad9cd", "userId": 3}, "response": {"statusCode": 500}, "context": {"view": "AthleteListCreateView", "viewMethod": null}, "meta": {"service": "athletiq-django", "environment": "development"}}
Internal Server Error: /api/athletes/
{"level": "error", "message": "Exception: FieldError", "timestamp": "2025-08-22T18:33:06.000Z", "error": {"name": "FieldError", "message": "Invalid field name(s) given in select_related: 'guardian'. Choices are: school", "stack": ["Traceback (most recent call last):", "  File \"C:\\Users\\Rahul\\AppData\\Local\\Programs\\Python\\Python310\\lib\\site-packages\\rest_framework\\views.py\", line 512, in dispatch", "    response = handler(request, *args, **kwargs)", "  File \"C:\\Users\\Rahul\\AppData\\Local\\Programs\\Python\\Python310\\lib\\site-packages\\rest_framework\\generics.py\", line 243, in get", "    return self.list(request, *args, **kwargs)", "  File \"C:\\Users\\Rahul\\AppData\\Local\\Programs\\Python\\Python310\\lib\\site-packages\\rest_framework\\mixins.py\", line 40, in list", "    page = self.paginate_queryset(queryset)", "  File \"C:\\Users\\Rahul\\AppData\\Local\\Programs\\Python\\Python310\\lib\\site-packages\\rest_framework\\generics.py\", line 175, in paginate_queryset", "    return self.paginator.paginate_queryset(queryset, self.request, view=self)", "  File \"C:\\Users\\Rahul\\AppData\\Local\\Programs\\Python\\Python310\\lib\\site-packages\\rest_framework\\pagination.py\", line 222, in paginate_queryset", "    return list(self.page)", "  File \"C:\\Users\\Rahul\\AppData\\Local\\Programs\\Python\\Python310\\lib\\site-packages\\django\\core\\paginator.py\", line 191, in __len__", "    return len(self.object_list)", "  File \"C:\\Users\\Rahul\\AppData\\Local\\Programs\\Python\\Python310\\lib\\site-packages\\django\\db\\models\\query.py\", line 366, in __len__", "    self._fetch_all()", "  File \"C:\\Users\\Rahul\\AppData\\Local\\Programs\\Python\\Python310\\lib\\site-packages\\django\\db\\models\\query.py\", line 1949, in _fetch_all", "    self._result_cache = list(self._iterable_class(self))", "  File \"C:\\Users\\Rahul\\AppData\\Local\\Programs\\Python\\Python310\\lib\\site-packages\\django\\db\\models\\query.py\", line 91, in __iter__", "    results = compiler.execute_sql(", "  File \"C:\\Users\\Rahul\\AppData\\Local\\Programs\\Python\\Python310\\lib\\site-packages\\django\\db\\models\\sql\\compiler.py\", line 1610, in execute_sql", "    sql, params = self.as_sql()", "  File \"C:\\Users\\Rahul\\AppData\\Local\\Programs\\Python\\Python310\\lib\\site-packages\\django\\db\\models\\sql\\compiler.py\", line 766, in as_sql", "    extra_select, order_by, group_by = self.pre_sql_setup(", "  File \"C:\\Users\\Rahul\\AppData\\Local\\Programs\\Python\\Python310\\lib\\site-packages\\django\\db\\models\\sql\\compiler.py\", line 85, in pre_sql_setup", "    self.setup_query(with_col_aliases=with_col_aliases)", "  File \"C:\\Users\\Rahul\\AppData\\Local\\Programs\\Python\\Python310\\lib\\site-packages\\django\\db\\models\\sql\\compiler.py\", line 74, in setup_query", "    self.select, self.klass_info, self.annotation_col_map = self.get_select(", "  File \"C:\\Users\\Rahul\\AppData\\Local\\Programs\\Python\\Python310\\lib\\site-packages\\django\\db\\models\\sql\\compiler.py\", line 299, in get_select", "    related_klass_infos = self.get_related_selections(select, select_mask)", "  File \"C:\\Users\\Rahul\\AppData\\Local\\Programs\\Python\\Python310\\lib\\site-packages\\django\\db\\models\\sql\\compiler.py\", line 1396, in get_related_selections", "    raise FieldError(", "django.core.exceptions.FieldError: Invalid field name(s) given in select_related: 'guardian'. Choices are: school", ""]}, "request": {"method": "GET", "path": "/api/athletes/", "ip": "127.0.0.1", "userAgent": "Mozilla/5.0 (Windows NT 10.0; Win64; x64; rv:142.0) Gecko/20100101 Firefox/142.0", "requestId": "3e746c67-7df2-4a6d-9c54-ad76bf9e81fb", "userId": 3}, "response": {"statusCode": 500}, "context": {"view": "AthleteListCreateView", "viewMethod": null}, "meta": {"service": "athletiq-django", "environment": "development"}}
Internal Server Error: /api/athletes/
{"level": "error", "message": "Exception: FieldError", "timestamp": "2025-08-22T18:35:45.000Z", "error": {"name": "FieldError", "message": "Invalid field name(s) given in select_related: 'guardian'. Choices are: school", "stack": ["Traceback (most recent call last):", "  File \"C:\\Users\\Rahul\\AppData\\Local\\Programs\\Python\\Python310\\lib\\site-packages\\rest_framework\\views.py\", line 512, in dispatch", "    response = handler(request, *args, **kwargs)", "  File \"C:\\Users\\Rahul\\AppData\\Local\\Programs\\Python\\Python310\\lib\\site-packages\\rest_framework\\generics.py\", line 243, in get", "    return self.list(request, *args, **kwargs)", "  File \"C:\\Users\\Rahul\\AppData\\Local\\Programs\\Python\\Python310\\lib\\site-packages\\rest_framework\\mixins.py\", line 40, in list", "    page = self.paginate_queryset(queryset)", "  File \"C:\\Users\\Rahul\\AppData\\Local\\Programs\\Python\\Python310\\lib\\site-packages\\rest_framework\\generics.py\", line 175, in paginate_queryset", "    return self.paginator.paginate_queryset(queryset, self.request, view=self)", "  File \"C:\\Users\\Rahul\\AppData\\Local\\Programs\\Python\\Python310\\lib\\site-packages\\rest_framework\\pagination.py\", line 222, in paginate_queryset", "    return list(self.page)", "  File \"C:\\Users\\Rahul\\AppData\\Local\\Programs\\Python\\Python310\\lib\\site-packages\\django\\core\\paginator.py\", line 191, in __len__", "    return len(self.object_list)", "  File \"C:\\Users\\Rahul\\AppData\\Local\\Programs\\Python\\Python310\\lib\\site-packages\\django\\db\\models\\query.py\", line 366, in __len__", "    self._fetch_all()", "  File \"C:\\Users\\Rahul\\AppData\\Local\\Programs\\Python\\Python310\\lib\\site-packages\\django\\db\\models\\query.py\", line 1949, in _fetch_all", "    self._result_cache = list(self._iterable_class(self))", "  File \"C:\\Users\\Rahul\\AppData\\Local\\Programs\\Python\\Python310\\lib\\site-packages\\django\\db\\models\\query.py\", line 91, in __iter__", "    results = compiler.execute_sql(", "  File \"C:\\Users\\Rahul\\AppData\\Local\\Programs\\Python\\Python310\\lib\\site-packages\\django\\db\\models\\sql\\compiler.py\", line 1610, in execute_sql", "    sql, params = self.as_sql()", "  File \"C:\\Users\\Rahul\\AppData\\Local\\Programs\\Python\\Python310\\lib\\site-packages\\django\\db\\models\\sql\\compiler.py\", line 766, in as_sql", "    extra_select, order_by, group_by = self.pre_sql_setup(", "  File \"C:\\Users\\Rahul\\AppData\\Local\\Programs\\Python\\Python310\\lib\\site-packages\\django\\db\\models\\sql\\compiler.py\", line 85, in pre_sql_setup", "    self.setup_query(with_col_aliases=with_col_aliases)", "  File \"C:\\Users\\Rahul\\AppData\\Local\\Programs\\Python\\Python310\\lib\\site-packages\\django\\db\\models\\sql\\compiler.py\", line 74, in setup_query", "    self.select, self.klass_info, self.annotation_col_map = self.get_select(", "  File \"C:\\Users\\Rahul\\AppData\\Local\\Programs\\Python\\Python310\\lib\\site-packages\\django\\db\\models\\sql\\compiler.py\", line 299, in get_select", "    related_klass_infos = self.get_related_selections(select, select_mask)", "  File \"C:\\Users\\Rahul\\AppData\\Local\\Programs\\Python\\Python310\\lib\\site-packages\\django\\db\\models\\sql\\compiler.py\", line 1396, in get_related_selections", "    raise FieldError(", "django.core.exceptions.FieldError: Invalid field name(s) given in select_related: 'guardian'. Choices are: school", ""]}, "request": {"method": "GET", "path": "/api/athletes/", "ip": "127.0.0.1", "userAgent": "Mozilla/5.0 (Windows NT 10.0; Win64; x64; rv:142.0) Gecko/20100101 Firefox/142.0", "requestId": "ad716809-b856-4fc0-a2c6-84e98c93b8ca", "userId": 3}, "response": {"statusCode": 500}, "context": {"view": "AthleteListCreateView", "viewMethod": null}, "meta": {"service": "athletiq-django", "environment": "development"}}
Internal Server Error: /api/athletes/
{"level": "error", "message": "Exception: FieldError", "timestamp": "2025-08-22T18:36:03.000Z", "error": {"name": "FieldError", "message": "Invalid field name(s) given in select_related: 'guardian'. Choices are: school", "stack": ["Traceback (most recent call last):", "  File \"C:\\Users\\Rahul\\AppData\\Local\\Programs\\Python\\Python310\\lib\\site-packages\\rest_framework\\views.py\", line 512, in dispatch", "    response = handler(request, *args, **kwargs)", "  File \"C:\\Users\\Rahul\\AppData\\Local\\Programs\\Python\\Python310\\lib\\site-packages\\rest_framework\\generics.py\", line 243, in get", "    return self.list(request, *args, **kwargs)", "  File \"C:\\Users\\Rahul\\AppData\\Local\\Programs\\Python\\Python310\\lib\\site-packages\\rest_framework\\mixins.py\", line 40, in list", "    page = self.paginate_queryset(queryset)", "  File \"C:\\Users\\Rahul\\AppData\\Local\\Programs\\Python\\Python310\\lib\\site-packages\\rest_framework\\generics.py\", line 175, in paginate_queryset", "    return self.paginator.paginate_queryset(queryset, self.request, view=self)", "  File \"C:\\Users\\Rahul\\AppData\\Local\\Programs\\Python\\Python310\\lib\\site-packages\\rest_framework\\pagination.py\", line 222, in paginate_queryset", "    return list(self.page)", "  File \"C:\\Users\\Rahul\\AppData\\Local\\Programs\\Python\\Python310\\lib\\site-packages\\django\\core\\paginator.py\", line 191, in __len__", "    return len(self.object_list)", "  File \"C:\\Users\\Rahul\\AppData\\Local\\Programs\\Python\\Python310\\lib\\site-packages\\django\\db\\models\\query.py\", line 366, in __len__", "    self._fetch_all()", "  File \"C:\\Users\\Rahul\\AppData\\Local\\Programs\\Python\\Python310\\lib\\site-packages\\django\\db\\models\\query.py\", line 1949, in _fetch_all", "    self._result_cache = list(self._iterable_class(self))", "  File \"C:\\Users\\Rahul\\AppData\\Local\\Programs\\Python\\Python310\\lib\\site-packages\\django\\db\\models\\query.py\", line 91, in __iter__", "    results = compiler.execute_sql(", "  File \"C:\\Users\\Rahul\\AppData\\Local\\Programs\\Python\\Python310\\lib\\site-packages\\django\\db\\models\\sql\\compiler.py\", line 1610, in execute_sql", "    sql, params = self.as_sql()", "  File \"C:\\Users\\Rahul\\AppData\\Local\\Programs\\Python\\Python310\\lib\\site-packages\\django\\db\\models\\sql\\compiler.py\", line 766, in as_sql", "    extra_select, order_by, group_by = self.pre_sql_setup(", "  File \"C:\\Users\\Rahul\\AppData\\Local\\Programs\\Python\\Python310\\lib\\site-packages\\django\\db\\models\\sql\\compiler.py\", line 85, in pre_sql_setup", "    self.setup_query(with_col_aliases=with_col_aliases)", "  File \"C:\\Users\\Rahul\\AppData\\Local\\Programs\\Python\\Python310\\lib\\site-packages\\django\\db\\models\\sql\\compiler.py\", line 74, in setup_query", "    self.select, self.klass_info, self.annotation_col_map = self.get_select(", "  File \"C:\\Users\\Rahul\\AppData\\Local\\Programs\\Python\\Python310\\lib\\site-packages\\django\\db\\models\\sql\\compiler.py\", line 299, in get_select", "    related_klass_infos = self.get_related_selections(select, select_mask)", "  File \"C:\\Users\\Rahul\\AppData\\Local\\Programs\\Python\\Python310\\lib\\site-packages\\django\\db\\models\\sql\\compiler.py\", line 1396, in get_related_selections", "    raise FieldError(", "django.core.exceptions.FieldError: Invalid field name(s) given in select_related: 'guardian'. Choices are: school", ""]}, "request": {"method": "GET", "path": "/api/athletes/", "ip": "127.0.0.1", "userAgent": "Mozilla/5.0 (Windows NT 10.0; Win64; x64; rv:142.0) Gecko/20100101 Firefox/142.0", "requestId": "17a8dad0-e7f9-488d-9523-13bcf1f316c6", "userId": 3}, "response": {"statusCode": 500}, "context": {"view": "AthleteListCreateView", "viewMethod": null}, "meta": {"service": "athletiq-django", "environment": "development"}}
Internal Server Error: /api/athletes/
{"level": "error", "message": "Exception: FieldError", "timestamp": "2025-08-22T18:36:23.000Z", "error": {"name": "FieldError", "message": "Invalid field name(s) given in select_related: 'guardian'. Choices are: school", "stack": ["Traceback (most recent call last):", "  File \"C:\\Users\\Rahul\\AppData\\Local\\Programs\\Python\\Python310\\lib\\site-packages\\rest_framework\\views.py\", line 512, in dispatch", "    response = handler(request, *args, **kwargs)", "  File \"C:\\Users\\Rahul\\AppData\\Local\\Programs\\Python\\Python310\\lib\\site-packages\\rest_framework\\generics.py\", line 243, in get", "    return self.list(request, *args, **kwargs)", "  File \"C:\\Users\\Rahul\\AppData\\Local\\Programs\\Python\\Python310\\lib\\site-packages\\rest_framework\\mixins.py\", line 40, in list", "    page = self.paginate_queryset(queryset)", "  File \"C:\\Users\\Rahul\\AppData\\Local\\Programs\\Python\\Python310\\lib\\site-packages\\rest_framework\\generics.py\", line 175, in paginate_queryset", "    return self.paginator.paginate_queryset(queryset, self.request, view=self)", "  File \"C:\\Users\\Rahul\\AppData\\Local\\Programs\\Python\\Python310\\lib\\site-packages\\rest_framework\\pagination.py\", line 222, in paginate_queryset", "    return list(self.page)", "  File \"C:\\Users\\Rahul\\AppData\\Local\\Programs\\Python\\Python310\\lib\\site-packages\\django\\core\\paginator.py\", line 191, in __len__", "    return len(self.object_list)", "  File \"C:\\Users\\Rahul\\AppData\\Local\\Programs\\Python\\Python310\\lib\\site-packages\\django\\db\\models\\query.py\", line 366, in __len__", "    self._fetch_all()", "  File \"C:\\Users\\Rahul\\AppData\\Local\\Programs\\Python\\Python310\\lib\\site-packages\\django\\db\\models\\query.py\", line 1949, in _fetch_all", "    self._result_cache = list(self._iterable_class(self))", "  File \"C:\\Users\\Rahul\\AppData\\Local\\Programs\\Python\\Python310\\lib\\site-packages\\django\\db\\models\\query.py\", line 91, in __iter__", "    results = compiler.execute_sql(", "  File \"C:\\Users\\Rahul\\AppData\\Local\\Programs\\Python\\Python310\\lib\\site-packages\\django\\db\\models\\sql\\compiler.py\", line 1610, in execute_sql", "    sql, params = self.as_sql()", "  File \"C:\\Users\\Rahul\\AppData\\Local\\Programs\\Python\\Python310\\lib\\site-packages\\django\\db\\models\\sql\\compiler.py\", line 766, in as_sql", "    extra_select, order_by, group_by = self.pre_sql_setup(", "  File \"C:\\Users\\Rahul\\AppData\\Local\\Programs\\Python\\Python310\\lib\\site-packages\\django\\db\\models\\sql\\compiler.py\", line 85, in pre_sql_setup", "    self.setup_query(with_col_aliases=with_col_aliases)", "  File \"C:\\Users\\Rahul\\AppData\\Local\\Programs\\Python\\Python310\\lib\\site-packages\\django\\db\\models\\sql\\compiler.py\", line 74, in setup_query", "    self.select, self.klass_info, self.annotation_col_map = self.get_select(", "  File \"C:\\Users\\Rahul\\AppData\\Local\\Programs\\Python\\Python310\\lib\\site-packages\\django\\db\\models\\sql\\compiler.py\", line 299, in get_select", "    related_klass_infos = self.get_related_selections(select, select_mask)", "  File \"C:\\Users\\Rahul\\AppData\\Local\\Programs\\Python\\Python310\\lib\\site-packages\\django\\db\\models\\sql\\compiler.py\", line 1396, in get_related_selections", "    raise FieldError(", "django.core.exceptions.FieldError: Invalid field name(s) given in select_related: 'guardian'. Choices are: school", ""]}, "request": {"method": "GET", "path": "/api/athletes/", "ip": "127.0.0.1", "userAgent": "Mozilla/5.0 (Windows NT 10.0; Win64; x64; rv:142.0) Gecko/20100101 Firefox/142.0", "requestId": "1aabb580-1068-471a-8bef-d561447275a4", "userId": 3}, "response": {"statusCode": 500}, "context": {"view": "AthleteListCreateView", "viewMethod": null}, "meta": {"service": "athletiq-django", "environment": "development"}}
Internal Server Error: /api/athletes/
{"level": "error", "message": "Exception: FieldError", "timestamp": "2025-08-22T18:36:32.000Z", "error": {"name": "FieldError", "message": "Invalid field name(s) given in select_related: 'guardian'. Choices are: school", "stack": ["Traceback (most recent call last):", "  File \"C:\\Users\\Rahul\\AppData\\Local\\Programs\\Python\\Python310\\lib\\site-packages\\rest_framework\\views.py\", line 512, in dispatch", "    response = handler(request, *args, **kwargs)", "  File \"C:\\Users\\Rahul\\AppData\\Local\\Programs\\Python\\Python310\\lib\\site-packages\\rest_framework\\generics.py\", line 243, in get", "    return self.list(request, *args, **kwargs)", "  File \"C:\\Users\\Rahul\\AppData\\Local\\Programs\\Python\\Python310\\lib\\site-packages\\rest_framework\\mixins.py\", line 40, in list", "    page = self.paginate_queryset(queryset)", "  File \"C:\\Users\\Rahul\\AppData\\Local\\Programs\\Python\\Python310\\lib\\site-packages\\rest_framework\\generics.py\", line 175, in paginate_queryset", "    return self.paginator.paginate_queryset(queryset, self.request, view=self)", "  File \"C:\\Users\\Rahul\\AppData\\Local\\Programs\\Python\\Python310\\lib\\site-packages\\rest_framework\\pagination.py\", line 222, in paginate_queryset", "    return list(self.page)", "  File \"C:\\Users\\Rahul\\AppData\\Local\\Programs\\Python\\Python310\\lib\\site-packages\\django\\core\\paginator.py\", line 191, in __len__", "    return len(self.object_list)", "  File \"C:\\Users\\Rahul\\AppData\\Local\\Programs\\Python\\Python310\\lib\\site-packages\\django\\db\\models\\query.py\", line 366, in __len__", "    self._fetch_all()", "  File \"C:\\Users\\Rahul\\AppData\\Local\\Programs\\Python\\Python310\\lib\\site-packages\\django\\db\\models\\query.py\", line 1949, in _fetch_all", "    self._result_cache = list(self._iterable_class(self))", "  File \"C:\\Users\\Rahul\\AppData\\Local\\Programs\\Python\\Python310\\lib\\site-packages\\django\\db\\models\\query.py\", line 91, in __iter__", "    results = compiler.execute_sql(", "  File \"C:\\Users\\Rahul\\AppData\\Local\\Programs\\Python\\Python310\\lib\\site-packages\\django\\db\\models\\sql\\compiler.py\", line 1610, in execute_sql", "    sql, params = self.as_sql()", "  File \"C:\\Users\\Rahul\\AppData\\Local\\Programs\\Python\\Python310\\lib\\site-packages\\django\\db\\models\\sql\\compiler.py\", line 766, in as_sql", "    extra_select, order_by, group_by = self.pre_sql_setup(", "  File \"C:\\Users\\Rahul\\AppData\\Local\\Programs\\Python\\Python310\\lib\\site-packages\\django\\db\\models\\sql\\compiler.py\", line 85, in pre_sql_setup", "    self.setup_query(with_col_aliases=with_col_aliases)", "  File \"C:\\Users\\Rahul\\AppData\\Local\\Programs\\Python\\Python310\\lib\\site-packages\\django\\db\\models\\sql\\compiler.py\", line 74, in setup_query", "    self.select, self.klass_info, self.annotation_col_map = self.get_select(", "  File \"C:\\Users\\Rahul\\AppData\\Local\\Programs\\Python\\Python310\\lib\\site-packages\\django\\db\\models\\sql\\compiler.py\", line 299, in get_select", "    related_klass_infos = self.get_related_selections(select, select_mask)", "  File \"C:\\Users\\Rahul\\AppData\\Local\\Programs\\Python\\Python310\\lib\\site-packages\\django\\db\\models\\sql\\compiler.py\", line 1396, in get_related_selections", "    raise FieldError(", "django.core.exceptions.FieldError: Invalid field name(s) given in select_related: 'guardian'. Choices are: school", ""]}, "request": {"method": "GET", "path": "/api/athletes/", "ip": "127.0.0.1", "userAgent": "Mozilla/5.0 (Windows NT 10.0; Win64; x64; rv:142.0) Gecko/20100101 Firefox/142.0", "requestId": "235dc44e-a0fd-44c1-bae6-3e9a29bd49cb", "userId": 3}, "response": {"statusCode": 500}, "context": {"view": "AthleteListCreateView", "viewMethod": null}, "meta": {"service": "athletiq-django", "environment": "development"}}
Internal Server Error: /api/athletes/
{"level": "error", "message": "Exception: FieldError", "timestamp": "2025-08-22T18:37:10.000Z", "error": {"name": "FieldError", "message": "Invalid field name(s) given in select_related: 'guardian'. Choices are: school", "stack": ["Traceback (most recent call last):", "  File \"C:\\Users\\Rahul\\AppData\\Local\\Programs\\Python\\Python310\\lib\\site-packages\\rest_framework\\views.py\", line 512, in dispatch", "    response = handler(request, *args, **kwargs)", "  File \"C:\\Users\\Rahul\\AppData\\Local\\Programs\\Python\\Python310\\lib\\site-packages\\rest_framework\\generics.py\", line 243, in get", "    return self.list(request, *args, **kwargs)", "  File \"C:\\Users\\Rahul\\AppData\\Local\\Programs\\Python\\Python310\\lib\\site-packages\\rest_framework\\mixins.py\", line 40, in list", "    page = self.paginate_queryset(queryset)", "  File \"C:\\Users\\Rahul\\AppData\\Local\\Programs\\Python\\Python310\\lib\\site-packages\\rest_framework\\generics.py\", line 175, in paginate_queryset", "    return self.paginator.paginate_queryset(queryset, self.request, view=self)", "  File \"C:\\Users\\Rahul\\AppData\\Local\\Programs\\Python\\Python310\\lib\\site-packages\\rest_framework\\pagination.py\", line 222, in paginate_queryset", "    return list(self.page)", "  File \"C:\\Users\\Rahul\\AppData\\Local\\Programs\\Python\\Python310\\lib\\site-packages\\django\\core\\paginator.py\", line 191, in __len__", "    return len(self.object_list)", "  File \"C:\\Users\\Rahul\\AppData\\Local\\Programs\\Python\\Python310\\lib\\site-packages\\django\\db\\models\\query.py\", line 366, in __len__", "    self._fetch_all()", "  File \"C:\\Users\\Rahul\\AppData\\Local\\Programs\\Python\\Python310\\lib\\site-packages\\django\\db\\models\\query.py\", line 1949, in _fetch_all", "    self._result_cache = list(self._iterable_class(self))", "  File \"C:\\Users\\Rahul\\AppData\\Local\\Programs\\Python\\Python310\\lib\\site-packages\\django\\db\\models\\query.py\", line 91, in __iter__", "    results = compiler.execute_sql(", "  File \"C:\\Users\\Rahul\\AppData\\Local\\Programs\\Python\\Python310\\lib\\site-packages\\django\\db\\models\\sql\\compiler.py\", line 1610, in execute_sql", "    sql, params = self.as_sql()", "  File \"C:\\Users\\Rahul\\AppData\\Local\\Programs\\Python\\Python310\\lib\\site-packages\\django\\db\\models\\sql\\compiler.py\", line 766, in as_sql", "    extra_select, order_by, group_by = self.pre_sql_setup(", "  File \"C:\\Users\\Rahul\\AppData\\Local\\Programs\\Python\\Python310\\lib\\site-packages\\django\\db\\models\\sql\\compiler.py\", line 85, in pre_sql_setup", "    self.setup_query(with_col_aliases=with_col_aliases)", "  File \"C:\\Users\\Rahul\\AppData\\Local\\Programs\\Python\\Python310\\lib\\site-packages\\django\\db\\models\\sql\\compiler.py\", line 74, in setup_query", "    self.select, self.klass_info, self.annotation_col_map = self.get_select(", "  File \"C:\\Users\\Rahul\\AppData\\Local\\Programs\\Python\\Python310\\lib\\site-packages\\django\\db\\models\\sql\\compiler.py\", line 299, in get_select", "    related_klass_infos = self.get_related_selections(select, select_mask)", "  File \"C:\\Users\\Rahul\\AppData\\Local\\Programs\\Python\\Python310\\lib\\site-packages\\django\\db\\models\\sql\\compiler.py\", line 1396, in get_related_selections", "    raise FieldError(", "django.core.exceptions.FieldError: Invalid field name(s) given in select_related: 'guardian'. Choices are: school", ""]}, "request": {"method": "GET", "path": "/api/athletes/", "ip": "127.0.0.1", "userAgent": "Mozilla/5.0 (Windows NT 10.0; Win64; x64; rv:142.0) Gecko/20100101 Firefox/142.0", "requestId": "ba2ade20-e304-4213-b75e-679432500d6f", "userId": 3}, "response": {"statusCode": 500}, "context": {"view": "AthleteListCreateView", "viewMethod": null}, "meta": {"service": "athletiq-django", "environment": "development"}}
Internal Server Error: /api/athletes/
{"level": "error", "message": "Exception: FieldError", "timestamp": "2025-08-22T18:37:14.000Z", "error": {"name": "FieldError", "message": "Invalid field name(s) given in select_related: 'guardian'. Choices are: school", "stack": ["Traceback (most recent call last):", "  File \"C:\\Users\\Rahul\\AppData\\Local\\Programs\\Python\\Python310\\lib\\site-packages\\rest_framework\\views.py\", line 512, in dispatch", "    response = handler(request, *args, **kwargs)", "  File \"C:\\Users\\Rahul\\AppData\\Local\\Programs\\Python\\Python310\\lib\\site-packages\\rest_framework\\generics.py\", line 243, in get", "    return self.list(request, *args, **kwargs)", "  File \"C:\\Users\\Rahul\\AppData\\Local\\Programs\\Python\\Python310\\lib\\site-packages\\rest_framework\\mixins.py\", line 40, in list", "    page = self.paginate_queryset(queryset)", "  File \"C:\\Users\\Rahul\\AppData\\Local\\Programs\\Python\\Python310\\lib\\site-packages\\rest_framework\\generics.py\", line 175, in paginate_queryset", "    return self.paginator.paginate_queryset(queryset, self.request, view=self)", "  File \"C:\\Users\\Rahul\\AppData\\Local\\Programs\\Python\\Python310\\lib\\site-packages\\rest_framework\\pagination.py\", line 222, in paginate_queryset", "    return list(self.page)", "  File \"C:\\Users\\Rahul\\AppData\\Local\\Programs\\Python\\Python310\\lib\\site-packages\\django\\core\\paginator.py\", line 191, in __len__", "    return len(self.object_list)", "  File \"C:\\Users\\Rahul\\AppData\\Local\\Programs\\Python\\Python310\\lib\\site-packages\\django\\db\\models\\query.py\", line 366, in __len__", "    self._fetch_all()", "  File \"C:\\Users\\Rahul\\AppData\\Local\\Programs\\Python\\Python310\\lib\\site-packages\\django\\db\\models\\query.py\", line 1949, in _fetch_all", "    self._result_cache = list(self._iterable_class(self))", "  File \"C:\\Users\\Rahul\\AppData\\Local\\Programs\\Python\\Python310\\lib\\site-packages\\django\\db\\models\\query.py\", line 91, in __iter__", "    results = compiler.execute_sql(", "  File \"C:\\Users\\Rahul\\AppData\\Local\\Programs\\Python\\Python310\\lib\\site-packages\\django\\db\\models\\sql\\compiler.py\", line 1610, in execute_sql", "    sql, params = self.as_sql()", "  File \"C:\\Users\\Rahul\\AppData\\Local\\Programs\\Python\\Python310\\lib\\site-packages\\django\\db\\models\\sql\\compiler.py\", line 766, in as_sql", "    extra_select, order_by, group_by = self.pre_sql_setup(", "  File \"C:\\Users\\Rahul\\AppData\\Local\\Programs\\Python\\Python310\\lib\\site-packages\\django\\db\\models\\sql\\compiler.py\", line 85, in pre_sql_setup", "    self.setup_query(with_col_aliases=with_col_aliases)", "  File \"C:\\Users\\Rahul\\AppData\\Local\\Programs\\Python\\Python310\\lib\\site-packages\\django\\db\\models\\sql\\compiler.py\", line 74, in setup_query", "    self.select, self.klass_info, self.annotation_col_map = self.get_select(", "  File \"C:\\Users\\Rahul\\AppData\\Local\\Programs\\Python\\Python310\\lib\\site-packages\\django\\db\\models\\sql\\compiler.py\", line 299, in get_select", "    related_klass_infos = self.get_related_selections(select, select_mask)", "  File \"C:\\Users\\Rahul\\AppData\\Local\\Programs\\Python\\Python310\\lib\\site-packages\\django\\db\\models\\sql\\compiler.py\", line 1396, in get_related_selections", "    raise FieldError(", "django.core.exceptions.FieldError: Invalid field name(s) given in select_related: 'guardian'. Choices are: school", ""]}, "request": {"method": "GET", "path": "/api/athletes/", "ip": "127.0.0.1", "userAgent": "Mozilla/5.0 (Windows NT 10.0; Win64; x64; rv:142.0) Gecko/20100101 Firefox/142.0", "requestId": "bcbe5fad-ccca-49aa-95bf-221660da5d4f", "userId": 3}, "response": {"statusCode": 500}, "context": {"view": "AthleteListCreateView", "viewMethod": null}, "meta": {"service": "athletiq-django", "environment": "development"}}
Internal Server Error: /api/athletes/
{"level": "error", "message": "Exception: FieldError", "timestamp": "2025-08-22T18:37:15.000Z", "error": {"name": "FieldError", "message": "Invalid field name(s) given in select_related: 'guardian'. Choices are: school", "stack": ["Traceback (most recent call last):", "  File \"C:\\Users\\Rahul\\AppData\\Local\\Programs\\Python\\Python310\\lib\\site-packages\\rest_framework\\views.py\", line 512, in dispatch", "    response = handler(request, *args, **kwargs)", "  File \"C:\\Users\\Rahul\\AppData\\Local\\Programs\\Python\\Python310\\lib\\site-packages\\rest_framework\\generics.py\", line 243, in get", "    return self.list(request, *args, **kwargs)", "  File \"C:\\Users\\Rahul\\AppData\\Local\\Programs\\Python\\Python310\\lib\\site-packages\\rest_framework\\mixins.py\", line 40, in list", "    page = self.paginate_queryset(queryset)", "  File \"C:\\Users\\Rahul\\AppData\\Local\\Programs\\Python\\Python310\\lib\\site-packages\\rest_framework\\generics.py\", line 175, in paginate_queryset", "    return self.paginator.paginate_queryset(queryset, self.request, view=self)", "  File \"C:\\Users\\Rahul\\AppData\\Local\\Programs\\Python\\Python310\\lib\\site-packages\\rest_framework\\pagination.py\", line 222, in paginate_queryset", "    return list(self.page)", "  File \"C:\\Users\\Rahul\\AppData\\Local\\Programs\\Python\\Python310\\lib\\site-packages\\django\\core\\paginator.py\", line 191, in __len__", "    return len(self.object_list)", "  File \"C:\\Users\\Rahul\\AppData\\Local\\Programs\\Python\\Python310\\lib\\site-packages\\django\\db\\models\\query.py\", line 366, in __len__", "    self._fetch_all()", "  File \"C:\\Users\\Rahul\\AppData\\Local\\Programs\\Python\\Python310\\lib\\site-packages\\django\\db\\models\\query.py\", line 1949, in _fetch_all", "    self._result_cache = list(self._iterable_class(self))", "  File \"C:\\Users\\Rahul\\AppData\\Local\\Programs\\Python\\Python310\\lib\\site-packages\\django\\db\\models\\query.py\", line 91, in __iter__", "    results = compiler.execute_sql(", "  File \"C:\\Users\\Rahul\\AppData\\Local\\Programs\\Python\\Python310\\lib\\site-packages\\django\\db\\models\\sql\\compiler.py\", line 1610, in execute_sql", "    sql, params = self.as_sql()", "  File \"C:\\Users\\Rahul\\AppData\\Local\\Programs\\Python\\Python310\\lib\\site-packages\\django\\db\\models\\sql\\compiler.py\", line 766, in as_sql", "    extra_select, order_by, group_by = self.pre_sql_setup(", "  File \"C:\\Users\\Rahul\\AppData\\Local\\Programs\\Python\\Python310\\lib\\site-packages\\django\\db\\models\\sql\\compiler.py\", line 85, in pre_sql_setup", "    self.setup_query(with_col_aliases=with_col_aliases)", "  File \"C:\\Users\\Rahul\\AppData\\Local\\Programs\\Python\\Python310\\lib\\site-packages\\django\\db\\models\\sql\\compiler.py\", line 74, in setup_query", "    self.select, self.klass_info, self.annotation_col_map = self.get_select(", "  File \"C:\\Users\\Rahul\\AppData\\Local\\Programs\\Python\\Python310\\lib\\site-packages\\django\\db\\models\\sql\\compiler.py\", line 299, in get_select", "    related_klass_infos = self.get_related_selections(select, select_mask)", "  File \"C:\\Users\\Rahul\\AppData\\Local\\Programs\\Python\\Python310\\lib\\site-packages\\django\\db\\models\\sql\\compiler.py\", line 1396, in get_related_selections", "    raise FieldError(", "django.core.exceptions.FieldError: Invalid field name(s) given in select_related: 'guardian'. Choices are: school", ""]}, "request": {"method": "GET", "path": "/api/athletes/", "ip": "127.0.0.1", "userAgent": "Mozilla/5.0 (Windows NT 10.0; Win64; x64; rv:142.0) Gecko/20100101 Firefox/142.0", "requestId": "c7190978-fa4c-4bc6-8901-a6cd96b3b173", "userId": 3}, "response": {"statusCode": 500}, "context": {"view": "AthleteListCreateView", "viewMethod": null}, "meta": {"service": "athletiq-django", "environment": "development"}}
{"level": "error", "message": "Exception: FieldError", "timestamp": "2025-08-22T18:37:15.000Z", "error": {"name": "FieldError", "message": "Invalid field name(s) given in select_related: 'guardian'. Choices are: school", "stack": ["Traceback (most recent call last):", "  File \"C:\\Users\\Rahul\\AppData\\Local\\Programs\\Python\\Python310\\lib\\site-packages\\rest_framework\\views.py\", line 512, in dispatch", "    response = handler(request, *args, **kwargs)", "  File \"C:\\Users\\Rahul\\AppData\\Local\\Programs\\Python\\Python310\\lib\\site-packages\\rest_framework\\generics.py\", line 243, in get", "    return self.list(request, *args, **kwargs)", "  File \"C:\\Users\\Rahul\\AppData\\Local\\Programs\\Python\\Python310\\lib\\site-packages\\rest_framework\\mixins.py\", line 40, in list", "    page = self.paginate_queryset(queryset)", "  File \"C:\\Users\\Rahul\\AppData\\Local\\Programs\\Python\\Python310\\lib\\site-packages\\rest_framework\\generics.py\", line 175, in paginate_queryset", "    return self.paginator.paginate_queryset(queryset, self.request, view=self)", "  File \"C:\\Users\\Rahul\\AppData\\Local\\Programs\\Python\\Python310\\lib\\site-packages\\rest_framework\\pagination.py\", line 222, in paginate_queryset", "    return list(self.page)", "  File \"C:\\Users\\Rahul\\AppData\\Local\\Programs\\Python\\Python310\\lib\\site-packages\\django\\core\\paginator.py\", line 191, in __len__", "    return len(self.object_list)", "  File \"C:\\Users\\Rahul\\AppData\\Local\\Programs\\Python\\Python310\\lib\\site-packages\\django\\db\\models\\query.py\", line 366, in __len__", "    self._fetch_all()", "  File \"C:\\Users\\Rahul\\AppData\\Local\\Programs\\Python\\Python310\\lib\\site-packages\\django\\db\\models\\query.py\", line 1949, in _fetch_all", "    self._result_cache = list(self._iterable_class(self))", "  File \"C:\\Users\\Rahul\\AppData\\Local\\Programs\\Python\\Python310\\lib\\site-packages\\django\\db\\models\\query.py\", line 91, in __iter__", "    results = compiler.execute_sql(", "  File \"C:\\Users\\Rahul\\AppData\\Local\\Programs\\Python\\Python310\\lib\\site-packages\\django\\db\\models\\sql\\compiler.py\", line 1610, in execute_sql", "    sql, params = self.as_sql()", "  File \"C:\\Users\\Rahul\\AppData\\Local\\Programs\\Python\\Python310\\lib\\site-packages\\django\\db\\models\\sql\\compiler.py\", line 766, in as_sql", "    extra_select, order_by, group_by = self.pre_sql_setup(", "  File \"C:\\Users\\Rahul\\AppData\\Local\\Programs\\Python\\Python310\\lib\\site-packages\\django\\db\\models\\sql\\compiler.py\", line 85, in pre_sql_setup", "    self.setup_query(with_col_aliases=with_col_aliases)", "  File \"C:\\Users\\Rahul\\AppData\\Local\\Programs\\Python\\Python310\\lib\\site-packages\\django\\db\\models\\sql\\compiler.py\", line 74, in setup_query", "    self.select, self.klass_info, self.annotation_col_map = self.get_select(", "  File \"C:\\Users\\Rahul\\AppData\\Local\\Programs\\Python\\Python310\\lib\\site-packages\\django\\db\\models\\sql\\compiler.py\", line 299, in get_select", "    related_klass_infos = self.get_related_selections(select, select_mask)", "  File \"C:\\Users\\Rahul\\AppData\\Local\\Programs\\Python\\Python310\\lib\\site-packages\\django\\db\\models\\sql\\compiler.py\", line 1396, in get_related_selections", "    raise FieldError(", "django.core.exceptions.FieldError: Invalid field name(s) given in select_related: 'guardian'. Choices are: school", ""]}, "request": {"method": "GET", "path": "/api/athletes/", "ip": "127.0.0.1", "userAgent": "Mozilla/5.0 (Windows NT 10.0; Win64; x64; rv:142.0) Gecko/20100101 Firefox/142.0", "requestId": "1678896d-9bd8-4091-8566-39572b130448", "userId": 3}, "response": {"statusCode": 500}, "context": {"view": "AthleteListCreateView", "viewMethod": null}, "meta": {"service": "athletiq-django", "environment": "development"}}
Internal Server Error: /api/athletes/
Internal Server Error: /api/athletes/
{"level": "error", "message": "Exception: FieldError", "timestamp": "2025-08-22T18:37:57.000Z", "error": {"name": "FieldError", "message": "Invalid field name(s) given in select_related: 'guardian'. Choices are: school", "stack": ["Traceback (most recent call last):", "  File \"C:\\Users\\Rahul\\AppData\\Local\\Programs\\Python\\Python310\\lib\\site-packages\\rest_framework\\views.py\", line 512, in dispatch", "    response = handler(request, *args, **kwargs)", "  File \"C:\\Users\\Rahul\\AppData\\Local\\Programs\\Python\\Python310\\lib\\site-packages\\rest_framework\\generics.py\", line 243, in get", "    return self.list(request, *args, **kwargs)", "  File \"C:\\Users\\Rahul\\AppData\\Local\\Programs\\Python\\Python310\\lib\\site-packages\\rest_framework\\mixins.py\", line 40, in list", "    page = self.paginate_queryset(queryset)", "  File \"C:\\Users\\Rahul\\AppData\\Local\\Programs\\Python\\Python310\\lib\\site-packages\\rest_framework\\generics.py\", line 175, in paginate_queryset", "    return self.paginator.paginate_queryset(queryset, self.request, view=self)", "  File \"C:\\Users\\Rahul\\AppData\\Local\\Programs\\Python\\Python310\\lib\\site-packages\\rest_framework\\pagination.py\", line 222, in paginate_queryset", "    return list(self.page)", "  File \"C:\\Users\\Rahul\\AppData\\Local\\Programs\\Python\\Python310\\lib\\site-packages\\django\\core\\paginator.py\", line 191, in __len__", "    return len(self.object_list)", "  File \"C:\\Users\\Rahul\\AppData\\Local\\Programs\\Python\\Python310\\lib\\site-packages\\django\\db\\models\\query.py\", line 366, in __len__", "    self._fetch_all()", "  File \"C:\\Users\\Rahul\\AppData\\Local\\Programs\\Python\\Python310\\lib\\site-packages\\django\\db\\models\\query.py\", line 1949, in _fetch_all", "    self._result_cache = list(self._iterable_class(self))", "  File \"C:\\Users\\Rahul\\AppData\\Local\\Programs\\Python\\Python310\\lib\\site-packages\\django\\db\\models\\query.py\", line 91, in __iter__", "    results = compiler.execute_sql(", "  File \"C:\\Users\\Rahul\\AppData\\Local\\Programs\\Python\\Python310\\lib\\site-packages\\django\\db\\models\\sql\\compiler.py\", line 1610, in execute_sql", "    sql, params = self.as_sql()", "  File \"C:\\Users\\Rahul\\AppData\\Local\\Programs\\Python\\Python310\\lib\\site-packages\\django\\db\\models\\sql\\compiler.py\", line 766, in as_sql", "    extra_select, order_by, group_by = self.pre_sql_setup(", "  File \"C:\\Users\\Rahul\\AppData\\Local\\Programs\\Python\\Python310\\lib\\site-packages\\django\\db\\models\\sql\\compiler.py\", line 85, in pre_sql_setup", "    self.setup_query(with_col_aliases=with_col_aliases)", "  File \"C:\\Users\\Rahul\\AppData\\Local\\Programs\\Python\\Python310\\lib\\site-packages\\django\\db\\models\\sql\\compiler.py\", line 74, in setup_query", "    self.select, self.klass_info, self.annotation_col_map = self.get_select(", "  File \"C:\\Users\\Rahul\\AppData\\Local\\Programs\\Python\\Python310\\lib\\site-packages\\django\\db\\models\\sql\\compiler.py\", line 299, in get_select", "    related_klass_infos = self.get_related_selections(select, select_mask)", "  File \"C:\\Users\\Rahul\\AppData\\Local\\Programs\\Python\\Python310\\lib\\site-packages\\django\\db\\models\\sql\\compiler.py\", line 1396, in get_related_selections", "    raise FieldError(", "django.core.exceptions.FieldError: Invalid field name(s) given in select_related: 'guardian'. Choices are: school", ""]}, "request": {"method": "GET", "path": "/api/athletes/", "ip": "127.0.0.1", "userAgent": "Mozilla/5.0 (Windows NT 10.0; Win64; x64; rv:142.0) Gecko/20100101 Firefox/142.0", "requestId": "807d1324-0c9b-4a39-8f00-f5515e29ece7", "userId": 3}, "response": {"statusCode": 500}, "context": {"view": "AthleteListCreateView", "viewMethod": null}, "meta": {"service": "athletiq-django", "environment": "development"}}
Internal Server Error: /api/athletes/
{"level": "error", "message": "Exception: FieldError", "timestamp": "2025-08-22T18:39:30.000Z", "error": {"name": "FieldError", "message": "Invalid field name(s) given in select_related: 'guardian'. Choices are: school", "stack": ["Traceback (most recent call last):", "  File \"C:\\Users\\Rahul\\AppData\\Local\\Programs\\Python\\Python310\\lib\\site-packages\\rest_framework\\views.py\", line 512, in dispatch", "    response = handler(request, *args, **kwargs)", "  File \"C:\\Users\\Rahul\\AppData\\Local\\Programs\\Python\\Python310\\lib\\site-packages\\rest_framework\\generics.py\", line 243, in get", "    return self.list(request, *args, **kwargs)", "  File \"C:\\Users\\Rahul\\AppData\\Local\\Programs\\Python\\Python310\\lib\\site-packages\\rest_framework\\mixins.py\", line 40, in list", "    page = self.paginate_queryset(queryset)", "  File \"C:\\Users\\Rahul\\AppData\\Local\\Programs\\Python\\Python310\\lib\\site-packages\\rest_framework\\generics.py\", line 175, in paginate_queryset", "    return self.paginator.paginate_queryset(queryset, self.request, view=self)", "  File \"C:\\Users\\Rahul\\AppData\\Local\\Programs\\Python\\Python310\\lib\\site-packages\\rest_framework\\pagination.py\", line 222, in paginate_queryset", "    return list(self.page)", "  File \"C:\\Users\\Rahul\\AppData\\Local\\Programs\\Python\\Python310\\lib\\site-packages\\django\\core\\paginator.py\", line 191, in __len__", "    return len(self.object_list)", "  File \"C:\\Users\\Rahul\\AppData\\Local\\Programs\\Python\\Python310\\lib\\site-packages\\django\\db\\models\\query.py\", line 366, in __len__", "    self._fetch_all()", "  File \"C:\\Users\\Rahul\\AppData\\Local\\Programs\\Python\\Python310\\lib\\site-packages\\django\\db\\models\\query.py\", line 1949, in _fetch_all", "    self._result_cache = list(self._iterable_class(self))", "  File \"C:\\Users\\Rahul\\AppData\\Local\\Programs\\Python\\Python310\\lib\\site-packages\\django\\db\\models\\query.py\", line 91, in __iter__", "    results = compiler.execute_sql(", "  File \"C:\\Users\\Rahul\\AppData\\Local\\Programs\\Python\\Python310\\lib\\site-packages\\django\\db\\models\\sql\\compiler.py\", line 1610, in execute_sql", "    sql, params = self.as_sql()", "  File \"C:\\Users\\Rahul\\AppData\\Local\\Programs\\Python\\Python310\\lib\\site-packages\\django\\db\\models\\sql\\compiler.py\", line 766, in as_sql", "    extra_select, order_by, group_by = self.pre_sql_setup(", "  File \"C:\\Users\\Rahul\\AppData\\Local\\Programs\\Python\\Python310\\lib\\site-packages\\django\\db\\models\\sql\\compiler.py\", line 85, in pre_sql_setup", "    self.setup_query(with_col_aliases=with_col_aliases)", "  File \"C:\\Users\\Rahul\\AppData\\Local\\Programs\\Python\\Python310\\lib\\site-packages\\django\\db\\models\\sql\\compiler.py\", line 74, in setup_query", "    self.select, self.klass_info, self.annotation_col_map = self.get_select(", "  File \"C:\\Users\\Rahul\\AppData\\Local\\Programs\\Python\\Python310\\lib\\site-packages\\django\\db\\models\\sql\\compiler.py\", line 299, in get_select", "    related_klass_infos = self.get_related_selections(select, select_mask)", "  File \"C:\\Users\\Rahul\\AppData\\Local\\Programs\\Python\\Python310\\lib\\site-packages\\django\\db\\models\\sql\\compiler.py\", line 1396, in get_related_selections", "    raise FieldError(", "django.core.exceptions.FieldError: Invalid field name(s) given in select_related: 'guardian'. Choices are: school", ""]}, "request": {"method": "GET", "path": "/api/athletes/", "ip": "127.0.0.1", "userAgent": "Mozilla/5.0 (Windows NT 10.0; Win64; x64; rv:142.0) Gecko/20100101 Firefox/142.0", "requestId": "d94dec74-2774-4799-be9b-3cd505a69f3c", "userId": 3}, "response": {"statusCode": 500}, "context": {"view": "AthleteListCreateView", "viewMethod": null}, "meta": {"service": "athletiq-django", "environment": "development"}}
{"level": "error", "message": "Exception: FieldError", "timestamp": "2025-08-22T18:39:30.000Z", "error": {"name": "FieldError", "message": "Invalid field name(s) given in select_related: 'guardian'. Choices are: school", "stack": ["Traceback (most recent call last):", "  File \"C:\\Users\\Rahul\\AppData\\Local\\Programs\\Python\\Python310\\lib\\site-packages\\rest_framework\\views.py\", line 512, in dispatch", "    response = handler(request, *args, **kwargs)", "  File \"C:\\Users\\Rahul\\AppData\\Local\\Programs\\Python\\Python310\\lib\\site-packages\\rest_framework\\generics.py\", line 243, in get", "    return self.list(request, *args, **kwargs)", "  File \"C:\\Users\\Rahul\\AppData\\Local\\Programs\\Python\\Python310\\lib\\site-packages\\rest_framework\\mixins.py\", line 40, in list", "    page = self.paginate_queryset(queryset)", "  File \"C:\\Users\\Rahul\\AppData\\Local\\Programs\\Python\\Python310\\lib\\site-packages\\rest_framework\\generics.py\", line 175, in paginate_queryset", "    return self.paginator.paginate_queryset(queryset, self.request, view=self)", "  File \"C:\\Users\\Rahul\\AppData\\Local\\Programs\\Python\\Python310\\lib\\site-packages\\rest_framework\\pagination.py\", line 222, in paginate_queryset", "    return list(self.page)", "  File \"C:\\Users\\Rahul\\AppData\\Local\\Programs\\Python\\Python310\\lib\\site-packages\\django\\core\\paginator.py\", line 191, in __len__", "    return len(self.object_list)", "  File \"C:\\Users\\Rahul\\AppData\\Local\\Programs\\Python\\Python310\\lib\\site-packages\\django\\db\\models\\query.py\", line 366, in __len__", "    self._fetch_all()", "  File \"C:\\Users\\Rahul\\AppData\\Local\\Programs\\Python\\Python310\\lib\\site-packages\\django\\db\\models\\query.py\", line 1949, in _fetch_all", "    self._result_cache = list(self._iterable_class(self))", "  File \"C:\\Users\\Rahul\\AppData\\Local\\Programs\\Python\\Python310\\lib\\site-packages\\django\\db\\models\\query.py\", line 91, in __iter__", "    results = compiler.execute_sql(", "  File \"C:\\Users\\Rahul\\AppData\\Local\\Programs\\Python\\Python310\\lib\\site-packages\\django\\db\\models\\sql\\compiler.py\", line 1610, in execute_sql", "    sql, params = self.as_sql()", "  File \"C:\\Users\\Rahul\\AppData\\Local\\Programs\\Python\\Python310\\lib\\site-packages\\django\\db\\models\\sql\\compiler.py\", line 766, in as_sql", "    extra_select, order_by, group_by = self.pre_sql_setup(", "  File \"C:\\Users\\Rahul\\AppData\\Local\\Programs\\Python\\Python310\\lib\\site-packages\\django\\db\\models\\sql\\compiler.py\", line 85, in pre_sql_setup", "    self.setup_query(with_col_aliases=with_col_aliases)", "  File \"C:\\Users\\Rahul\\AppData\\Local\\Programs\\Python\\Python310\\lib\\site-packages\\django\\db\\models\\sql\\compiler.py\", line 74, in setup_query", "    self.select, self.klass_info, self.annotation_col_map = self.get_select(", "  File \"C:\\Users\\Rahul\\AppData\\Local\\Programs\\Python\\Python310\\lib\\site-packages\\django\\db\\models\\sql\\compiler.py\", line 299, in get_select", "    related_klass_infos = self.get_related_selections(select, select_mask)", "  File \"C:\\Users\\Rahul\\AppData\\Local\\Programs\\Python\\Python310\\lib\\site-packages\\django\\db\\models\\sql\\compiler.py\", line 1396, in get_related_selections", "    raise FieldError(", "django.core.exceptions.FieldError: Invalid field name(s) given in select_related: 'guardian'. Choices are: school", ""]}, "request": {"method": "GET", "path": "/api/athletes/", "ip": "127.0.0.1", "userAgent": "Mozilla/5.0 (Windows NT 10.0; Win64; x64; rv:142.0) Gecko/20100101 Firefox/142.0", "requestId": "13457791-eb3e-49e5-9544-43fedf16252d", "userId": 3}, "response": {"statusCode": 500}, "context": {"view": "AthleteListCreateView", "viewMethod": null}, "meta": {"service": "athletiq-django", "environment": "development"}}
Internal Server Error: /api/athletes/
Internal Server Error: /api/athletes/
{"level": "error", "message": "Exception: FieldError", "timestamp": "2025-08-22T18:39:50.000Z", "error": {"name": "FieldError", "message": "Invalid field name(s) given in select_related: 'guardian'. Choices are: school", "stack": ["Traceback (most recent call last):", "  File \"C:\\Users\\Rahul\\AppData\\Local\\Programs\\Python\\Python310\\lib\\site-packages\\rest_framework\\views.py\", line 512, in dispatch", "    response = handler(request, *args, **kwargs)", "  File \"C:\\Users\\Rahul\\AppData\\Local\\Programs\\Python\\Python310\\lib\\site-packages\\rest_framework\\generics.py\", line 243, in get", "    return self.list(request, *args, **kwargs)", "  File \"C:\\Users\\Rahul\\AppData\\Local\\Programs\\Python\\Python310\\lib\\site-packages\\rest_framework\\mixins.py\", line 40, in list", "    page = self.paginate_queryset(queryset)", "  File \"C:\\Users\\Rahul\\AppData\\Local\\Programs\\Python\\Python310\\lib\\site-packages\\rest_framework\\generics.py\", line 175, in paginate_queryset", "    return self.paginator.paginate_queryset(queryset, self.request, view=self)", "  File \"C:\\Users\\Rahul\\AppData\\Local\\Programs\\Python\\Python310\\lib\\site-packages\\rest_framework\\pagination.py\", line 222, in paginate_queryset", "    return list(self.page)", "  File \"C:\\Users\\Rahul\\AppData\\Local\\Programs\\Python\\Python310\\lib\\site-packages\\django\\core\\paginator.py\", line 191, in __len__", "    return len(self.object_list)", "  File \"C:\\Users\\Rahul\\AppData\\Local\\Programs\\Python\\Python310\\lib\\site-packages\\django\\db\\models\\query.py\", line 366, in __len__", "    self._fetch_all()", "  File \"C:\\Users\\Rahul\\AppData\\Local\\Programs\\Python\\Python310\\lib\\site-packages\\django\\db\\models\\query.py\", line 1949, in _fetch_all", "    self._result_cache = list(self._iterable_class(self))", "  File \"C:\\Users\\Rahul\\AppData\\Local\\Programs\\Python\\Python310\\lib\\site-packages\\django\\db\\models\\query.py\", line 91, in __iter__", "    results = compiler.execute_sql(", "  File \"C:\\Users\\Rahul\\AppData\\Local\\Programs\\Python\\Python310\\lib\\site-packages\\django\\db\\models\\sql\\compiler.py\", line 1610, in execute_sql", "    sql, params = self.as_sql()", "  File \"C:\\Users\\Rahul\\AppData\\Local\\Programs\\Python\\Python310\\lib\\site-packages\\django\\db\\models\\sql\\compiler.py\", line 766, in as_sql", "    extra_select, order_by, group_by = self.pre_sql_setup(", "  File \"C:\\Users\\Rahul\\AppData\\Local\\Programs\\Python\\Python310\\lib\\site-packages\\django\\db\\models\\sql\\compiler.py\", line 85, in pre_sql_setup", "    self.setup_query(with_col_aliases=with_col_aliases)", "  File \"C:\\Users\\Rahul\\AppData\\Local\\Programs\\Python\\Python310\\lib\\site-packages\\django\\db\\models\\sql\\compiler.py\", line 74, in setup_query", "    self.select, self.klass_info, self.annotation_col_map = self.get_select(", "  File \"C:\\Users\\Rahul\\AppData\\Local\\Programs\\Python\\Python310\\lib\\site-packages\\django\\db\\models\\sql\\compiler.py\", line 299, in get_select", "    related_klass_infos = self.get_related_selections(select, select_mask)", "  File \"C:\\Users\\Rahul\\AppData\\Local\\Programs\\Python\\Python310\\lib\\site-packages\\django\\db\\models\\sql\\compiler.py\", line 1396, in get_related_selections", "    raise FieldError(", "django.core.exceptions.FieldError: Invalid field name(s) given in select_related: 'guardian'. Choices are: school", ""]}, "request": {"method": "GET", "path": "/api/athletes/", "ip": "127.0.0.1", "userAgent": "Mozilla/5.0 (Windows NT 10.0; Win64; x64; rv:142.0) Gecko/20100101 Firefox/142.0", "requestId": "9c734dfd-51db-4c02-9fde-0a646885daf3", "userId": 3}, "response": {"statusCode": 500}, "context": {"view": "AthleteListCreateView", "viewMethod": null}, "meta": {"service": "athletiq-django", "environment": "development"}}
Internal Server Error: /api/athletes/
{"level": "error", "message": "Exception: FieldError", "timestamp": "2025-08-22T18:40:31.000Z", "error": {"name": "FieldError", "message": "Invalid field name(s) given in select_related: 'guardian'. Choices are: school", "stack": ["Traceback (most recent call last):", "  File \"C:\\Users\\Rahul\\AppData\\Local\\Programs\\Python\\Python310\\lib\\site-packages\\rest_framework\\views.py\", line 512, in dispatch", "    response = handler(request, *args, **kwargs)", "  File \"C:\\Users\\Rahul\\AppData\\Local\\Programs\\Python\\Python310\\lib\\site-packages\\rest_framework\\generics.py\", line 243, in get", "    return self.list(request, *args, **kwargs)", "  File \"C:\\Users\\Rahul\\AppData\\Local\\Programs\\Python\\Python310\\lib\\site-packages\\rest_framework\\mixins.py\", line 40, in list", "    page = self.paginate_queryset(queryset)", "  File \"C:\\Users\\Rahul\\AppData\\Local\\Programs\\Python\\Python310\\lib\\site-packages\\rest_framework\\generics.py\", line 175, in paginate_queryset", "    return self.paginator.paginate_queryset(queryset, self.request, view=self)", "  File \"C:\\Users\\Rahul\\AppData\\Local\\Programs\\Python\\Python310\\lib\\site-packages\\rest_framework\\pagination.py\", line 222, in paginate_queryset", "    return list(self.page)", "  File \"C:\\Users\\Rahul\\AppData\\Local\\Programs\\Python\\Python310\\lib\\site-packages\\django\\core\\paginator.py\", line 191, in __len__", "    return len(self.object_list)", "  File \"C:\\Users\\Rahul\\AppData\\Local\\Programs\\Python\\Python310\\lib\\site-packages\\django\\db\\models\\query.py\", line 366, in __len__", "    self._fetch_all()", "  File \"C:\\Users\\Rahul\\AppData\\Local\\Programs\\Python\\Python310\\lib\\site-packages\\django\\db\\models\\query.py\", line 1949, in _fetch_all", "    self._result_cache = list(self._iterable_class(self))", "  File \"C:\\Users\\Rahul\\AppData\\Local\\Programs\\Python\\Python310\\lib\\site-packages\\django\\db\\models\\query.py\", line 91, in __iter__", "    results = compiler.execute_sql(", "  File \"C:\\Users\\Rahul\\AppData\\Local\\Programs\\Python\\Python310\\lib\\site-packages\\django\\db\\models\\sql\\compiler.py\", line 1610, in execute_sql", "    sql, params = self.as_sql()", "  File \"C:\\Users\\Rahul\\AppData\\Local\\Programs\\Python\\Python310\\lib\\site-packages\\django\\db\\models\\sql\\compiler.py\", line 766, in as_sql", "    extra_select, order_by, group_by = self.pre_sql_setup(", "  File \"C:\\Users\\Rahul\\AppData\\Local\\Programs\\Python\\Python310\\lib\\site-packages\\django\\db\\models\\sql\\compiler.py\", line 85, in pre_sql_setup", "    self.setup_query(with_col_aliases=with_col_aliases)", "  File \"C:\\Users\\Rahul\\AppData\\Local\\Programs\\Python\\Python310\\lib\\site-packages\\django\\db\\models\\sql\\compiler.py\", line 74, in setup_query", "    self.select, self.klass_info, self.annotation_col_map = self.get_select(", "  File \"C:\\Users\\Rahul\\AppData\\Local\\Programs\\Python\\Python310\\lib\\site-packages\\django\\db\\models\\sql\\compiler.py\", line 299, in get_select", "    related_klass_infos = self.get_related_selections(select, select_mask)", "  File \"C:\\Users\\Rahul\\AppData\\Local\\Programs\\Python\\Python310\\lib\\site-packages\\django\\db\\models\\sql\\compiler.py\", line 1396, in get_related_selections", "    raise FieldError(", "django.core.exceptions.FieldError: Invalid field name(s) given in select_related: 'guardian'. Choices are: school", ""]}, "request": {"method": "GET", "path": "/api/athletes/", "ip": "127.0.0.1", "userAgent": "Mozilla/5.0 (Windows NT 10.0; Win64; x64; rv:142.0) Gecko/20100101 Firefox/142.0", "requestId": "1c2b1d15-9ca8-4eec-be15-0f038e983343", "userId": 3}, "response": {"statusCode": 500}, "context": {"view": "AthleteListCreateView", "viewMethod": null}, "meta": {"service": "athletiq-django", "environment": "development"}}
Internal Server Error: /api/athletes/
{"level": "error", "message": "Exception: FieldError", "timestamp": "2025-08-22T18:40:47.000Z", "error": {"name": "FieldError", "message": "Invalid field name(s) given in select_related: 'guardian'. Choices are: school", "stack": ["Traceback (most recent call last):", "  File \"C:\\Users\\Rahul\\AppData\\Local\\Programs\\Python\\Python310\\lib\\site-packages\\rest_framework\\views.py\", line 512, in dispatch", "    response = handler(request, *args, **kwargs)", "  File \"C:\\Users\\Rahul\\AppData\\Local\\Programs\\Python\\Python310\\lib\\site-packages\\rest_framework\\generics.py\", line 243, in get", "    return self.list(request, *args, **kwargs)", "  File \"C:\\Users\\Rahul\\AppData\\Local\\Programs\\Python\\Python310\\lib\\site-packages\\rest_framework\\mixins.py\", line 40, in list", "    page = self.paginate_queryset(queryset)", "  File \"C:\\Users\\Rahul\\AppData\\Local\\Programs\\Python\\Python310\\lib\\site-packages\\rest_framework\\generics.py\", line 175, in paginate_queryset", "    return self.paginator.paginate_queryset(queryset, self.request, view=self)", "  File \"C:\\Users\\Rahul\\AppData\\Local\\Programs\\Python\\Python310\\lib\\site-packages\\rest_framework\\pagination.py\", line 222, in paginate_queryset", "    return list(self.page)", "  File \"C:\\Users\\Rahul\\AppData\\Local\\Programs\\Python\\Python310\\lib\\site-packages\\django\\core\\paginator.py\", line 191, in __len__", "    return len(self.object_list)", "  File \"C:\\Users\\Rahul\\AppData\\Local\\Programs\\Python\\Python310\\lib\\site-packages\\django\\db\\models\\query.py\", line 366, in __len__", "    self._fetch_all()", "  File \"C:\\Users\\Rahul\\AppData\\Local\\Programs\\Python\\Python310\\lib\\site-packages\\django\\db\\models\\query.py\", line 1949, in _fetch_all", "    self._result_cache = list(self._iterable_class(self))", "  File \"C:\\Users\\Rahul\\AppData\\Local\\Programs\\Python\\Python310\\lib\\site-packages\\django\\db\\models\\query.py\", line 91, in __iter__", "    results = compiler.execute_sql(", "  File \"C:\\Users\\Rahul\\AppData\\Local\\Programs\\Python\\Python310\\lib\\site-packages\\django\\db\\models\\sql\\compiler.py\", line 1610, in execute_sql", "    sql, params = self.as_sql()", "  File \"C:\\Users\\Rahul\\AppData\\Local\\Programs\\Python\\Python310\\lib\\site-packages\\django\\db\\models\\sql\\compiler.py\", line 766, in as_sql", "    extra_select, order_by, group_by = self.pre_sql_setup(", "  File \"C:\\Users\\Rahul\\AppData\\Local\\Programs\\Python\\Python310\\lib\\site-packages\\django\\db\\models\\sql\\compiler.py\", line 85, in pre_sql_setup", "    self.setup_query(with_col_aliases=with_col_aliases)", "  File \"C:\\Users\\Rahul\\AppData\\Local\\Programs\\Python\\Python310\\lib\\site-packages\\django\\db\\models\\sql\\compiler.py\", line 74, in setup_query", "    self.select, self.klass_info, self.annotation_col_map = self.get_select(", "  File \"C:\\Users\\Rahul\\AppData\\Local\\Programs\\Python\\Python310\\lib\\site-packages\\django\\db\\models\\sql\\compiler.py\", line 299, in get_select", "    related_klass_infos = self.get_related_selections(select, select_mask)", "  File \"C:\\Users\\Rahul\\AppData\\Local\\Programs\\Python\\Python310\\lib\\site-packages\\django\\db\\models\\sql\\compiler.py\", line 1396, in get_related_selections", "    raise FieldError(", "django.core.exceptions.FieldError: Invalid field name(s) given in select_related: 'guardian'. Choices are: school", ""]}, "request": {"method": "GET", "path": "/api/athletes/", "ip": "127.0.0.1", "userAgent": "Mozilla/5.0 (Windows NT 10.0; Win64; x64; rv:142.0) Gecko/20100101 Firefox/142.0", "requestId": "05a57935-b5aa-4365-9ec7-cded69e04975", "userId": 3}, "response": {"statusCode": 500}, "context": {"view": "AthleteListCreateView", "viewMethod": null}, "meta": {"service": "athletiq-django", "environment": "development"}}
{"level": "error", "message": "Exception: FieldError", "timestamp": "2025-08-22T18:40:48.000Z", "error": {"name": "FieldError", "message": "Invalid field name(s) given in select_related: 'guardian'. Choices are: school", "stack": ["Traceback (most recent call last):", "  File \"C:\\Users\\Rahul\\AppData\\Local\\Programs\\Python\\Python310\\lib\\site-packages\\rest_framework\\views.py\", line 512, in dispatch", "    response = handler(request, *args, **kwargs)", "  File \"C:\\Users\\Rahul\\AppData\\Local\\Programs\\Python\\Python310\\lib\\site-packages\\rest_framework\\generics.py\", line 243, in get", "    return self.list(request, *args, **kwargs)", "  File \"C:\\Users\\Rahul\\AppData\\Local\\Programs\\Python\\Python310\\lib\\site-packages\\rest_framework\\mixins.py\", line 40, in list", "    page = self.paginate_queryset(queryset)", "  File \"C:\\Users\\Rahul\\AppData\\Local\\Programs\\Python\\Python310\\lib\\site-packages\\rest_framework\\generics.py\", line 175, in paginate_queryset", "    return self.paginator.paginate_queryset(queryset, self.request, view=self)", "  File \"C:\\Users\\Rahul\\AppData\\Local\\Programs\\Python\\Python310\\lib\\site-packages\\rest_framework\\pagination.py\", line 222, in paginate_queryset", "    return list(self.page)", "  File \"C:\\Users\\Rahul\\AppData\\Local\\Programs\\Python\\Python310\\lib\\site-packages\\django\\core\\paginator.py\", line 191, in __len__", "    return len(self.object_list)", "  File \"C:\\Users\\Rahul\\AppData\\Local\\Programs\\Python\\Python310\\lib\\site-packages\\django\\db\\models\\query.py\", line 366, in __len__", "    self._fetch_all()", "  File \"C:\\Users\\Rahul\\AppData\\Local\\Programs\\Python\\Python310\\lib\\site-packages\\django\\db\\models\\query.py\", line 1949, in _fetch_all", "    self._result_cache = list(self._iterable_class(self))", "  File \"C:\\Users\\Rahul\\AppData\\Local\\Programs\\Python\\Python310\\lib\\site-packages\\django\\db\\models\\query.py\", line 91, in __iter__", "    results = compiler.execute_sql(", "  File \"C:\\Users\\Rahul\\AppData\\Local\\Programs\\Python\\Python310\\lib\\site-packages\\django\\db\\models\\sql\\compiler.py\", line 1610, in execute_sql", "    sql, params = self.as_sql()", "  File \"C:\\Users\\Rahul\\AppData\\Local\\Programs\\Python\\Python310\\lib\\site-packages\\django\\db\\models\\sql\\compiler.py\", line 766, in as_sql", "    extra_select, order_by, group_by = self.pre_sql_setup(", "  File \"C:\\Users\\Rahul\\AppData\\Local\\Programs\\Python\\Python310\\lib\\site-packages\\django\\db\\models\\sql\\compiler.py\", line 85, in pre_sql_setup", "    self.setup_query(with_col_aliases=with_col_aliases)", "  File \"C:\\Users\\Rahul\\AppData\\Local\\Programs\\Python\\Python310\\lib\\site-packages\\django\\db\\models\\sql\\compiler.py\", line 74, in setup_query", "    self.select, self.klass_info, self.annotation_col_map = self.get_select(", "  File \"C:\\Users\\Rahul\\AppData\\Local\\Programs\\Python\\Python310\\lib\\site-packages\\django\\db\\models\\sql\\compiler.py\", line 299, in get_select", "    related_klass_infos = self.get_related_selections(select, select_mask)", "  File \"C:\\Users\\Rahul\\AppData\\Local\\Programs\\Python\\Python310\\lib\\site-packages\\django\\db\\models\\sql\\compiler.py\", line 1396, in get_related_selections", "    raise FieldError(", "django.core.exceptions.FieldError: Invalid field name(s) given in select_related: 'guardian'. Choices are: school", ""]}, "request": {"method": "GET", "path": "/api/athletes/", "ip": "127.0.0.1", "userAgent": "Mozilla/5.0 (Windows NT 10.0; Win64; x64; rv:142.0) Gecko/20100101 Firefox/142.0", "requestId": "6bc28a20-7ff3-48ce-81d4-2482fac75945", "userId": 3}, "response": {"statusCode": 500}, "context": {"view": "AthleteListCreateView", "viewMethod": null}, "meta": {"service": "athletiq-django", "environment": "development"}}
Internal Server Error: /api/athletes/
Internal Server Error: /api/athletes/
{"level": "error", "message": "Exception: FieldError", "timestamp": "2025-08-22T18:40:56.000Z", "error": {"name": "FieldError", "message": "Invalid field name(s) given in select_related: 'guardian'. Choices are: school", "stack": ["Traceback (most recent call last):", "  File \"C:\\Users\\Rahul\\AppData\\Local\\Programs\\Python\\Python310\\lib\\site-packages\\rest_framework\\views.py\", line 512, in dispatch", "    response = handler(request, *args, **kwargs)", "  File \"C:\\Users\\Rahul\\AppData\\Local\\Programs\\Python\\Python310\\lib\\site-packages\\rest_framework\\generics.py\", line 243, in get", "    return self.list(request, *args, **kwargs)", "  File \"C:\\Users\\Rahul\\AppData\\Local\\Programs\\Python\\Python310\\lib\\site-packages\\rest_framework\\mixins.py\", line 40, in list", "    page = self.paginate_queryset(queryset)", "  File \"C:\\Users\\Rahul\\AppData\\Local\\Programs\\Python\\Python310\\lib\\site-packages\\rest_framework\\generics.py\", line 175, in paginate_queryset", "    return self.paginator.paginate_queryset(queryset, self.request, view=self)", "  File \"C:\\Users\\Rahul\\AppData\\Local\\Programs\\Python\\Python310\\lib\\site-packages\\rest_framework\\pagination.py\", line 222, in paginate_queryset", "    return list(self.page)", "  File \"C:\\Users\\Rahul\\AppData\\Local\\Programs\\Python\\Python310\\lib\\site-packages\\django\\core\\paginator.py\", line 191, in __len__", "    return len(self.object_list)", "  File \"C:\\Users\\Rahul\\AppData\\Local\\Programs\\Python\\Python310\\lib\\site-packages\\django\\db\\models\\query.py\", line 366, in __len__", "    self._fetch_all()", "  File \"C:\\Users\\Rahul\\AppData\\Local\\Programs\\Python\\Python310\\lib\\site-packages\\django\\db\\models\\query.py\", line 1949, in _fetch_all", "    self._result_cache = list(self._iterable_class(self))", "  File \"C:\\Users\\Rahul\\AppData\\Local\\Programs\\Python\\Python310\\lib\\site-packages\\django\\db\\models\\query.py\", line 91, in __iter__", "    results = compiler.execute_sql(", "  File \"C:\\Users\\Rahul\\AppData\\Local\\Programs\\Python\\Python310\\lib\\site-packages\\django\\db\\models\\sql\\compiler.py\", line 1610, in execute_sql", "    sql, params = self.as_sql()", "  File \"C:\\Users\\Rahul\\AppData\\Local\\Programs\\Python\\Python310\\lib\\site-packages\\django\\db\\models\\sql\\compiler.py\", line 766, in as_sql", "    extra_select, order_by, group_by = self.pre_sql_setup(", "  File \"C:\\Users\\Rahul\\AppData\\Local\\Programs\\Python\\Python310\\lib\\site-packages\\django\\db\\models\\sql\\compiler.py\", line 85, in pre_sql_setup", "    self.setup_query(with_col_aliases=with_col_aliases)", "  File \"C:\\Users\\Rahul\\AppData\\Local\\Programs\\Python\\Python310\\lib\\site-packages\\django\\db\\models\\sql\\compiler.py\", line 74, in setup_query", "    self.select, self.klass_info, self.annotation_col_map = self.get_select(", "  File \"C:\\Users\\Rahul\\AppData\\Local\\Programs\\Python\\Python310\\lib\\site-packages\\django\\db\\models\\sql\\compiler.py\", line 299, in get_select", "    related_klass_infos = self.get_related_selections(select, select_mask)", "  File \"C:\\Users\\Rahul\\AppData\\Local\\Programs\\Python\\Python310\\lib\\site-packages\\django\\db\\models\\sql\\compiler.py\", line 1396, in get_related_selections", "    raise FieldError(", "django.core.exceptions.FieldError: Invalid field name(s) given in select_related: 'guardian'. Choices are: school", ""]}, "request": {"method": "GET", "path": "/api/athletes/", "ip": "127.0.0.1", "userAgent": "Mozilla/5.0 (Windows NT 10.0; Win64; x64; rv:142.0) Gecko/20100101 Firefox/142.0", "requestId": "6af7a57f-052b-469a-b77c-326949f3c302", "userId": 3}, "response": {"statusCode": 500}, "context": {"view": "AthleteListCreateView", "viewMethod": null}, "meta": {"service": "athletiq-django", "environment": "development"}}
Internal Server Error: /api/athletes/
{"level": "error", "message": "Exception: FieldError", "timestamp": "2025-08-22T18:41:00.000Z", "error": {"name": "FieldError", "message": "Invalid field name(s) given in select_related: 'guardian'. Choices are: school", "stack": ["Traceback (most recent call last):", "  File \"C:\\Users\\Rahul\\AppData\\Local\\Programs\\Python\\Python310\\lib\\site-packages\\rest_framework\\views.py\", line 512, in dispatch", "    response = handler(request, *args, **kwargs)", "  File \"C:\\Users\\Rahul\\AppData\\Local\\Programs\\Python\\Python310\\lib\\site-packages\\rest_framework\\generics.py\", line 243, in get", "    return self.list(request, *args, **kwargs)", "  File \"C:\\Users\\Rahul\\AppData\\Local\\Programs\\Python\\Python310\\lib\\site-packages\\rest_framework\\mixins.py\", line 40, in list", "    page = self.paginate_queryset(queryset)", "  File \"C:\\Users\\Rahul\\AppData\\Local\\Programs\\Python\\Python310\\lib\\site-packages\\rest_framework\\generics.py\", line 175, in paginate_queryset", "    return self.paginator.paginate_queryset(queryset, self.request, view=self)", "  File \"C:\\Users\\Rahul\\AppData\\Local\\Programs\\Python\\Python310\\lib\\site-packages\\rest_framework\\pagination.py\", line 222, in paginate_queryset", "    return list(self.page)", "  File \"C:\\Users\\Rahul\\AppData\\Local\\Programs\\Python\\Python310\\lib\\site-packages\\django\\core\\paginator.py\", line 191, in __len__", "    return len(self.object_list)", "  File \"C:\\Users\\Rahul\\AppData\\Local\\Programs\\Python\\Python310\\lib\\site-packages\\django\\db\\models\\query.py\", line 366, in __len__", "    self._fetch_all()", "  File \"C:\\Users\\Rahul\\AppData\\Local\\Programs\\Python\\Python310\\lib\\site-packages\\django\\db\\models\\query.py\", line 1949, in _fetch_all", "    self._result_cache = list(self._iterable_class(self))", "  File \"C:\\Users\\Rahul\\AppData\\Local\\Programs\\Python\\Python310\\lib\\site-packages\\django\\db\\models\\query.py\", line 91, in __iter__", "    results = compiler.execute_sql(", "  File \"C:\\Users\\Rahul\\AppData\\Local\\Programs\\Python\\Python310\\lib\\site-packages\\django\\db\\models\\sql\\compiler.py\", line 1610, in execute_sql", "    sql, params = self.as_sql()", "  File \"C:\\Users\\Rahul\\AppData\\Local\\Programs\\Python\\Python310\\lib\\site-packages\\django\\db\\models\\sql\\compiler.py\", line 766, in as_sql", "    extra_select, order_by, group_by = self.pre_sql_setup(", "  File \"C:\\Users\\Rahul\\AppData\\Local\\Programs\\Python\\Python310\\lib\\site-packages\\django\\db\\models\\sql\\compiler.py\", line 85, in pre_sql_setup", "    self.setup_query(with_col_aliases=with_col_aliases)", "  File \"C:\\Users\\Rahul\\AppData\\Local\\Programs\\Python\\Python310\\lib\\site-packages\\django\\db\\models\\sql\\compiler.py\", line 74, in setup_query", "    self.select, self.klass_info, self.annotation_col_map = self.get_select(", "  File \"C:\\Users\\Rahul\\AppData\\Local\\Programs\\Python\\Python310\\lib\\site-packages\\django\\db\\models\\sql\\compiler.py\", line 299, in get_select", "    related_klass_infos = self.get_related_selections(select, select_mask)", "  File \"C:\\Users\\Rahul\\AppData\\Local\\Programs\\Python\\Python310\\lib\\site-packages\\django\\db\\models\\sql\\compiler.py\", line 1396, in get_related_selections", "    raise FieldError(", "django.core.exceptions.FieldError: Invalid field name(s) given in select_related: 'guardian'. Choices are: school", ""]}, "request": {"method": "GET", "path": "/api/athletes/", "ip": "127.0.0.1", "userAgent": "Mozilla/5.0 (Windows NT 10.0; Win64; x64; rv:142.0) Gecko/20100101 Firefox/142.0", "requestId": "dacfb404-d6f5-4aa3-9acf-64668eb1ed59", "userId": 3}, "response": {"statusCode": 500}, "context": {"view": "AthleteListCreateView", "viewMethod": null}, "meta": {"service": "athletiq-django", "environment": "development"}}
Internal Server Error: /api/athletes/
{"level": "error", "message": "Exception: FieldError", "timestamp": "2025-08-22T18:41:02.000Z", "error": {"name": "FieldError", "message": "Invalid field name(s) given in select_related: 'guardian'. Choices are: school", "stack": ["Traceback (most recent call last):", "  File \"C:\\Users\\Rahul\\AppData\\Local\\Programs\\Python\\Python310\\lib\\site-packages\\rest_framework\\views.py\", line 512, in dispatch", "    response = handler(request, *args, **kwargs)", "  File \"C:\\Users\\Rahul\\AppData\\Local\\Programs\\Python\\Python310\\lib\\site-packages\\rest_framework\\generics.py\", line 243, in get", "    return self.list(request, *args, **kwargs)", "  File \"C:\\Users\\Rahul\\AppData\\Local\\Programs\\Python\\Python310\\lib\\site-packages\\rest_framework\\mixins.py\", line 40, in list", "    page = self.paginate_queryset(queryset)", "  File \"C:\\Users\\Rahul\\AppData\\Local\\Programs\\Python\\Python310\\lib\\site-packages\\rest_framework\\generics.py\", line 175, in paginate_queryset", "    return self.paginator.paginate_queryset(queryset, self.request, view=self)", "  File \"C:\\Users\\Rahul\\AppData\\Local\\Programs\\Python\\Python310\\lib\\site-packages\\rest_framework\\pagination.py\", line 222, in paginate_queryset", "    return list(self.page)", "  File \"C:\\Users\\Rahul\\AppData\\Local\\Programs\\Python\\Python310\\lib\\site-packages\\django\\core\\paginator.py\", line 191, in __len__", "    return len(self.object_list)", "  File \"C:\\Users\\Rahul\\AppData\\Local\\Programs\\Python\\Python310\\lib\\site-packages\\django\\db\\models\\query.py\", line 366, in __len__", "    self._fetch_all()", "  File \"C:\\Users\\Rahul\\AppData\\Local\\Programs\\Python\\Python310\\lib\\site-packages\\django\\db\\models\\query.py\", line 1949, in _fetch_all", "    self._result_cache = list(self._iterable_class(self))", "  File \"C:\\Users\\Rahul\\AppData\\Local\\Programs\\Python\\Python310\\lib\\site-packages\\django\\db\\models\\query.py\", line 91, in __iter__", "    results = compiler.execute_sql(", "  File \"C:\\Users\\Rahul\\AppData\\Local\\Programs\\Python\\Python310\\lib\\site-packages\\django\\db\\models\\sql\\compiler.py\", line 1610, in execute_sql", "    sql, params = self.as_sql()", "  File \"C:\\Users\\Rahul\\AppData\\Local\\Programs\\Python\\Python310\\lib\\site-packages\\django\\db\\models\\sql\\compiler.py\", line 766, in as_sql", "    extra_select, order_by, group_by = self.pre_sql_setup(", "  File \"C:\\Users\\Rahul\\AppData\\Local\\Programs\\Python\\Python310\\lib\\site-packages\\django\\db\\models\\sql\\compiler.py\", line 85, in pre_sql_setup", "    self.setup_query(with_col_aliases=with_col_aliases)", "  File \"C:\\Users\\Rahul\\AppData\\Local\\Programs\\Python\\Python310\\lib\\site-packages\\django\\db\\models\\sql\\compiler.py\", line 74, in setup_query", "    self.select, self.klass_info, self.annotation_col_map = self.get_select(", "  File \"C:\\Users\\Rahul\\AppData\\Local\\Programs\\Python\\Python310\\lib\\site-packages\\django\\db\\models\\sql\\compiler.py\", line 299, in get_select", "    related_klass_infos = self.get_related_selections(select, select_mask)", "  File \"C:\\Users\\Rahul\\AppData\\Local\\Programs\\Python\\Python310\\lib\\site-packages\\django\\db\\models\\sql\\compiler.py\", line 1396, in get_related_selections", "    raise FieldError(", "django.core.exceptions.FieldError: Invalid field name(s) given in select_related: 'guardian'. Choices are: school", ""]}, "request": {"method": "GET", "path": "/api/athletes/", "ip": "127.0.0.1", "userAgent": "Mozilla/5.0 (Windows NT 10.0; Win64; x64; rv:142.0) Gecko/20100101 Firefox/142.0", "requestId": "d0b55a00-549b-46c8-8472-7e10830241b7", "userId": 3}, "response": {"statusCode": 500}, "context": {"view": "AthleteListCreateView", "viewMethod": null}, "meta": {"service": "athletiq-django", "environment": "development"}}
Internal Server Error: /api/athletes/
{"level": "error", "message": "Exception: FieldError", "timestamp": "2025-08-22T18:41:17.000Z", "error": {"name": "FieldError", "message": "Invalid field name(s) given in select_related: 'guardian'. Choices are: school", "stack": ["Traceback (most recent call last):", "  File \"C:\\Users\\Rahul\\AppData\\Local\\Programs\\Python\\Python310\\lib\\site-packages\\rest_framework\\views.py\", line 512, in dispatch", "    response = handler(request, *args, **kwargs)", "  File \"C:\\Users\\Rahul\\AppData\\Local\\Programs\\Python\\Python310\\lib\\site-packages\\rest_framework\\generics.py\", line 243, in get", "    return self.list(request, *args, **kwargs)", "  File \"C:\\Users\\Rahul\\AppData\\Local\\Programs\\Python\\Python310\\lib\\site-packages\\rest_framework\\mixins.py\", line 40, in list", "    page = self.paginate_queryset(queryset)", "  File \"C:\\Users\\Rahul\\AppData\\Local\\Programs\\Python\\Python310\\lib\\site-packages\\rest_framework\\generics.py\", line 175, in paginate_queryset", "    return self.paginator.paginate_queryset(queryset, self.request, view=self)", "  File \"C:\\Users\\Rahul\\AppData\\Local\\Programs\\Python\\Python310\\lib\\site-packages\\rest_framework\\pagination.py\", line 222, in paginate_queryset", "    return list(self.page)", "  File \"C:\\Users\\Rahul\\AppData\\Local\\Programs\\Python\\Python310\\lib\\site-packages\\django\\core\\paginator.py\", line 191, in __len__", "    return len(self.object_list)", "  File \"C:\\Users\\Rahul\\AppData\\Local\\Programs\\Python\\Python310\\lib\\site-packages\\django\\db\\models\\query.py\", line 366, in __len__", "    self._fetch_all()", "  File \"C:\\Users\\Rahul\\AppData\\Local\\Programs\\Python\\Python310\\lib\\site-packages\\django\\db\\models\\query.py\", line 1949, in _fetch_all", "    self._result_cache = list(self._iterable_class(self))", "  File \"C:\\Users\\Rahul\\AppData\\Local\\Programs\\Python\\Python310\\lib\\site-packages\\django\\db\\models\\query.py\", line 91, in __iter__", "    results = compiler.execute_sql(", "  File \"C:\\Users\\Rahul\\AppData\\Local\\Programs\\Python\\Python310\\lib\\site-packages\\django\\db\\models\\sql\\compiler.py\", line 1610, in execute_sql", "    sql, params = self.as_sql()", "  File \"C:\\Users\\Rahul\\AppData\\Local\\Programs\\Python\\Python310\\lib\\site-packages\\django\\db\\models\\sql\\compiler.py\", line 766, in as_sql", "    extra_select, order_by, group_by = self.pre_sql_setup(", "  File \"C:\\Users\\Rahul\\AppData\\Local\\Programs\\Python\\Python310\\lib\\site-packages\\django\\db\\models\\sql\\compiler.py\", line 85, in pre_sql_setup", "    self.setup_query(with_col_aliases=with_col_aliases)", "  File \"C:\\Users\\Rahul\\AppData\\Local\\Programs\\Python\\Python310\\lib\\site-packages\\django\\db\\models\\sql\\compiler.py\", line 74, in setup_query", "    self.select, self.klass_info, self.annotation_col_map = self.get_select(", "  File \"C:\\Users\\Rahul\\AppData\\Local\\Programs\\Python\\Python310\\lib\\site-packages\\django\\db\\models\\sql\\compiler.py\", line 299, in get_select", "    related_klass_infos = self.get_related_selections(select, select_mask)", "  File \"C:\\Users\\Rahul\\AppData\\Local\\Programs\\Python\\Python310\\lib\\site-packages\\django\\db\\models\\sql\\compiler.py\", line 1396, in get_related_selections", "    raise FieldError(", "django.core.exceptions.FieldError: Invalid field name(s) given in select_related: 'guardian'. Choices are: school", ""]}, "request": {"method": "GET", "path": "/api/athletes/", "ip": "127.0.0.1", "userAgent": "Mozilla/5.0 (Windows NT 10.0; Win64; x64; rv:142.0) Gecko/20100101 Firefox/142.0", "requestId": "dad4774c-3654-495e-a352-db0ccf08d1f0", "userId": 3}, "response": {"statusCode": 500}, "context": {"view": "AthleteListCreateView", "viewMethod": null}, "meta": {"service": "athletiq-django", "environment": "development"}}
{"level": "error", "message": "Exception: FieldError", "timestamp": "2025-08-22T18:41:17.000Z", "error": {"name": "FieldError", "message": "Invalid field name(s) given in select_related: 'guardian'. Choices are: school", "stack": ["Traceback (most recent call last):", "  File \"C:\\Users\\Rahul\\AppData\\Local\\Programs\\Python\\Python310\\lib\\site-packages\\rest_framework\\views.py\", line 512, in dispatch", "    response = handler(request, *args, **kwargs)", "  File \"C:\\Users\\Rahul\\AppData\\Local\\Programs\\Python\\Python310\\lib\\site-packages\\rest_framework\\generics.py\", line 243, in get", "    return self.list(request, *args, **kwargs)", "  File \"C:\\Users\\Rahul\\AppData\\Local\\Programs\\Python\\Python310\\lib\\site-packages\\rest_framework\\mixins.py\", line 40, in list", "    page = self.paginate_queryset(queryset)", "  File \"C:\\Users\\Rahul\\AppData\\Local\\Programs\\Python\\Python310\\lib\\site-packages\\rest_framework\\generics.py\", line 175, in paginate_queryset", "    return self.paginator.paginate_queryset(queryset, self.request, view=self)", "  File \"C:\\Users\\Rahul\\AppData\\Local\\Programs\\Python\\Python310\\lib\\site-packages\\rest_framework\\pagination.py\", line 222, in paginate_queryset", "    return list(self.page)", "  File \"C:\\Users\\Rahul\\AppData\\Local\\Programs\\Python\\Python310\\lib\\site-packages\\django\\core\\paginator.py\", line 191, in __len__", "    return len(self.object_list)", "  File \"C:\\Users\\Rahul\\AppData\\Local\\Programs\\Python\\Python310\\lib\\site-packages\\django\\db\\models\\query.py\", line 366, in __len__", "    self._fetch_all()", "  File \"C:\\Users\\Rahul\\AppData\\Local\\Programs\\Python\\Python310\\lib\\site-packages\\django\\db\\models\\query.py\", line 1949, in _fetch_all", "    self._result_cache = list(self._iterable_class(self))", "  File \"C:\\Users\\Rahul\\AppData\\Local\\Programs\\Python\\Python310\\lib\\site-packages\\django\\db\\models\\query.py\", line 91, in __iter__", "    results = compiler.execute_sql(", "  File \"C:\\Users\\Rahul\\AppData\\Local\\Programs\\Python\\Python310\\lib\\site-packages\\django\\db\\models\\sql\\compiler.py\", line 1610, in execute_sql", "    sql, params = self.as_sql()", "  File \"C:\\Users\\Rahul\\AppData\\Local\\Programs\\Python\\Python310\\lib\\site-packages\\django\\db\\models\\sql\\compiler.py\", line 766, in as_sql", "    extra_select, order_by, group_by = self.pre_sql_setup(", "  File \"C:\\Users\\Rahul\\AppData\\Local\\Programs\\Python\\Python310\\lib\\site-packages\\django\\db\\models\\sql\\compiler.py\", line 85, in pre_sql_setup", "    self.setup_query(with_col_aliases=with_col_aliases)", "  File \"C:\\Users\\Rahul\\AppData\\Local\\Programs\\Python\\Python310\\lib\\site-packages\\django\\db\\models\\sql\\compiler.py\", line 74, in setup_query", "    self.select, self.klass_info, self.annotation_col_map = self.get_select(", "  File \"C:\\Users\\Rahul\\AppData\\Local\\Programs\\Python\\Python310\\lib\\site-packages\\django\\db\\models\\sql\\compiler.py\", line 299, in get_select", "    related_klass_infos = self.get_related_selections(select, select_mask)", "  File \"C:\\Users\\Rahul\\AppData\\Local\\Programs\\Python\\Python310\\lib\\site-packages\\django\\db\\models\\sql\\compiler.py\", line 1396, in get_related_selections", "    raise FieldError(", "django.core.exceptions.FieldError: Invalid field name(s) given in select_related: 'guardian'. Choices are: school", ""]}, "request": {"method": "GET", "path": "/api/athletes/", "ip": "127.0.0.1", "userAgent": "Mozilla/5.0 (Windows NT 10.0; Win64; x64; rv:142.0) Gecko/20100101 Firefox/142.0", "requestId": "b52e89a2-eb1f-4ae0-87d3-aa8e3edbaa36", "userId": 3}, "response": {"statusCode": 500}, "context": {"view": "AthleteListCreateView", "viewMethod": null}, "meta": {"service": "athletiq-django", "environment": "development"}}
Internal Server Error: /api/athletes/
Internal Server Error: /api/athletes/
{"level": "error", "message": "Exception: FieldError", "timestamp": "2025-08-22T18:41:45.000Z", "error": {"name": "FieldError", "message": "Invalid field name(s) given in select_related: 'guardian'. Choices are: school", "stack": ["Traceback (most recent call last):", "  File \"C:\\Users\\Rahul\\AppData\\Local\\Programs\\Python\\Python310\\lib\\site-packages\\rest_framework\\views.py\", line 512, in dispatch", "    response = handler(request, *args, **kwargs)", "  File \"C:\\Users\\Rahul\\AppData\\Local\\Programs\\Python\\Python310\\lib\\site-packages\\rest_framework\\generics.py\", line 243, in get", "    return self.list(request, *args, **kwargs)", "  File \"C:\\Users\\Rahul\\AppData\\Local\\Programs\\Python\\Python310\\lib\\site-packages\\rest_framework\\mixins.py\", line 40, in list", "    page = self.paginate_queryset(queryset)", "  File \"C:\\Users\\Rahul\\AppData\\Local\\Programs\\Python\\Python310\\lib\\site-packages\\rest_framework\\generics.py\", line 175, in paginate_queryset", "    return self.paginator.paginate_queryset(queryset, self.request, view=self)", "  File \"C:\\Users\\Rahul\\AppData\\Local\\Programs\\Python\\Python310\\lib\\site-packages\\rest_framework\\pagination.py\", line 222, in paginate_queryset", "    return list(self.page)", "  File \"C:\\Users\\Rahul\\AppData\\Local\\Programs\\Python\\Python310\\lib\\site-packages\\django\\core\\paginator.py\", line 191, in __len__", "    return len(self.object_list)", "  File \"C:\\Users\\Rahul\\AppData\\Local\\Programs\\Python\\Python310\\lib\\site-packages\\django\\db\\models\\query.py\", line 366, in __len__", "    self._fetch_all()", "  File \"C:\\Users\\Rahul\\AppData\\Local\\Programs\\Python\\Python310\\lib\\site-packages\\django\\db\\models\\query.py\", line 1949, in _fetch_all", "    self._result_cache = list(self._iterable_class(self))", "  File \"C:\\Users\\Rahul\\AppData\\Local\\Programs\\Python\\Python310\\lib\\site-packages\\django\\db\\models\\query.py\", line 91, in __iter__", "    results = compiler.execute_sql(", "  File \"C:\\Users\\Rahul\\AppData\\Local\\Programs\\Python\\Python310\\lib\\site-packages\\django\\db\\models\\sql\\compiler.py\", line 1610, in execute_sql", "    sql, params = self.as_sql()", "  File \"C:\\Users\\Rahul\\AppData\\Local\\Programs\\Python\\Python310\\lib\\site-packages\\django\\db\\models\\sql\\compiler.py\", line 766, in as_sql", "    extra_select, order_by, group_by = self.pre_sql_setup(", "  File \"C:\\Users\\Rahul\\AppData\\Local\\Programs\\Python\\Python310\\lib\\site-packages\\django\\db\\models\\sql\\compiler.py\", line 85, in pre_sql_setup", "    self.setup_query(with_col_aliases=with_col_aliases)", "  File \"C:\\Users\\Rahul\\AppData\\Local\\Programs\\Python\\Python310\\lib\\site-packages\\django\\db\\models\\sql\\compiler.py\", line 74, in setup_query", "    self.select, self.klass_info, self.annotation_col_map = self.get_select(", "  File \"C:\\Users\\Rahul\\AppData\\Local\\Programs\\Python\\Python310\\lib\\site-packages\\django\\db\\models\\sql\\compiler.py\", line 299, in get_select", "    related_klass_infos = self.get_related_selections(select, select_mask)", "  File \"C:\\Users\\Rahul\\AppData\\Local\\Programs\\Python\\Python310\\lib\\site-packages\\django\\db\\models\\sql\\compiler.py\", line 1396, in get_related_selections", "    raise FieldError(", "django.core.exceptions.FieldError: Invalid field name(s) given in select_related: 'guardian'. Choices are: school", ""]}, "request": {"method": "GET", "path": "/api/athletes/", "ip": "127.0.0.1", "userAgent": "Mozilla/5.0 (Windows NT 10.0; Win64; x64; rv:142.0) Gecko/20100101 Firefox/142.0", "requestId": "a1c5291f-8b93-432a-885f-992f7af226e0", "userId": 3}, "response": {"statusCode": 500}, "context": {"view": "AthleteListCreateView", "viewMethod": null}, "meta": {"service": "athletiq-django", "environment": "development"}}
Internal Server Error: /api/athletes/
{"level": "error", "message": "Exception: FieldError", "timestamp": "2025-08-22T18:42:59.000Z", "error": {"name": "FieldError", "message": "Invalid field name(s) given in select_related: 'guardian'. Choices are: school", "stack": ["Traceback (most recent call last):", "  File \"C:\\Users\\Rahul\\AppData\\Local\\Programs\\Python\\Python310\\lib\\site-packages\\rest_framework\\views.py\", line 512, in dispatch", "    response = handler(request, *args, **kwargs)", "  File \"C:\\Users\\Rahul\\AppData\\Local\\Programs\\Python\\Python310\\lib\\site-packages\\rest_framework\\generics.py\", line 243, in get", "    return self.list(request, *args, **kwargs)", "  File \"C:\\Users\\Rahul\\AppData\\Local\\Programs\\Python\\Python310\\lib\\site-packages\\rest_framework\\mixins.py\", line 40, in list", "    page = self.paginate_queryset(queryset)", "  File \"C:\\Users\\Rahul\\AppData\\Local\\Programs\\Python\\Python310\\lib\\site-packages\\rest_framework\\generics.py\", line 175, in paginate_queryset", "    return self.paginator.paginate_queryset(queryset, self.request, view=self)", "  File \"C:\\Users\\Rahul\\AppData\\Local\\Programs\\Python\\Python310\\lib\\site-packages\\rest_framework\\pagination.py\", line 222, in paginate_queryset", "    return list(self.page)", "  File \"C:\\Users\\Rahul\\AppData\\Local\\Programs\\Python\\Python310\\lib\\site-packages\\django\\core\\paginator.py\", line 191, in __len__", "    return len(self.object_list)", "  File \"C:\\Users\\Rahul\\AppData\\Local\\Programs\\Python\\Python310\\lib\\site-packages\\django\\db\\models\\query.py\", line 366, in __len__", "    self._fetch_all()", "  File \"C:\\Users\\Rahul\\AppData\\Local\\Programs\\Python\\Python310\\lib\\site-packages\\django\\db\\models\\query.py\", line 1949, in _fetch_all", "    self._result_cache = list(self._iterable_class(self))", "  File \"C:\\Users\\Rahul\\AppData\\Local\\Programs\\Python\\Python310\\lib\\site-packages\\django\\db\\models\\query.py\", line 91, in __iter__", "    results = compiler.execute_sql(", "  File \"C:\\Users\\Rahul\\AppData\\Local\\Programs\\Python\\Python310\\lib\\site-packages\\django\\db\\models\\sql\\compiler.py\", line 1610, in execute_sql", "    sql, params = self.as_sql()", "  File \"C:\\Users\\Rahul\\AppData\\Local\\Programs\\Python\\Python310\\lib\\site-packages\\django\\db\\models\\sql\\compiler.py\", line 766, in as_sql", "    extra_select, order_by, group_by = self.pre_sql_setup(", "  File \"C:\\Users\\Rahul\\AppData\\Local\\Programs\\Python\\Python310\\lib\\site-packages\\django\\db\\models\\sql\\compiler.py\", line 85, in pre_sql_setup", "    self.setup_query(with_col_aliases=with_col_aliases)", "  File \"C:\\Users\\Rahul\\AppData\\Local\\Programs\\Python\\Python310\\lib\\site-packages\\django\\db\\models\\sql\\compiler.py\", line 74, in setup_query", "    self.select, self.klass_info, self.annotation_col_map = self.get_select(", "  File \"C:\\Users\\Rahul\\AppData\\Local\\Programs\\Python\\Python310\\lib\\site-packages\\django\\db\\models\\sql\\compiler.py\", line 299, in get_select", "    related_klass_infos = self.get_related_selections(select, select_mask)", "  File \"C:\\Users\\Rahul\\AppData\\Local\\Programs\\Python\\Python310\\lib\\site-packages\\django\\db\\models\\sql\\compiler.py\", line 1396, in get_related_selections", "    raise FieldError(", "django.core.exceptions.FieldError: Invalid field name(s) given in select_related: 'guardian'. Choices are: school", ""]}, "request": {"method": "GET", "path": "/api/athletes/", "ip": "127.0.0.1", "userAgent": "Mozilla/5.0 (Windows NT 10.0; Win64; x64; rv:142.0) Gecko/20100101 Firefox/142.0", "requestId": "a9e9b924-df45-40db-9340-602f0b49fdb6", "userId": 3}, "response": {"statusCode": 500}, "context": {"view": "AthleteListCreateView", "viewMethod": null}, "meta": {"service": "athletiq-django", "environment": "development"}}
Internal Server Error: /api/athletes/
{"level": "error", "message": "Exception: FieldError", "timestamp": "2025-08-22T18:43:52.000Z", "error": {"name": "FieldError", "message": "Invalid field name(s) given in select_related: 'guardian'. Choices are: school", "stack": ["Traceback (most recent call last):", "  File \"C:\\Users\\Rahul\\AppData\\Local\\Programs\\Python\\Python310\\lib\\site-packages\\rest_framework\\views.py\", line 512, in dispatch", "    response = handler(request, *args, **kwargs)", "  File \"C:\\Users\\Rahul\\AppData\\Local\\Programs\\Python\\Python310\\lib\\site-packages\\rest_framework\\generics.py\", line 243, in get", "    return self.list(request, *args, **kwargs)", "  File \"C:\\Users\\Rahul\\AppData\\Local\\Programs\\Python\\Python310\\lib\\site-packages\\rest_framework\\mixins.py\", line 40, in list", "    page = self.paginate_queryset(queryset)", "  File \"C:\\Users\\Rahul\\AppData\\Local\\Programs\\Python\\Python310\\lib\\site-packages\\rest_framework\\generics.py\", line 175, in paginate_queryset", "    return self.paginator.paginate_queryset(queryset, self.request, view=self)", "  File \"C:\\Users\\Rahul\\AppData\\Local\\Programs\\Python\\Python310\\lib\\site-packages\\rest_framework\\pagination.py\", line 222, in paginate_queryset", "    return list(self.page)", "  File \"C:\\Users\\Rahul\\AppData\\Local\\Programs\\Python\\Python310\\lib\\site-packages\\django\\core\\paginator.py\", line 191, in __len__", "    return len(self.object_list)", "  File \"C:\\Users\\Rahul\\AppData\\Local\\Programs\\Python\\Python310\\lib\\site-packages\\django\\db\\models\\query.py\", line 366, in __len__", "    self._fetch_all()", "  File \"C:\\Users\\Rahul\\AppData\\Local\\Programs\\Python\\Python310\\lib\\site-packages\\django\\db\\models\\query.py\", line 1949, in _fetch_all", "    self._result_cache = list(self._iterable_class(self))", "  File \"C:\\Users\\Rahul\\AppData\\Local\\Programs\\Python\\Python310\\lib\\site-packages\\django\\db\\models\\query.py\", line 91, in __iter__", "    results = compiler.execute_sql(", "  File \"C:\\Users\\Rahul\\AppData\\Local\\Programs\\Python\\Python310\\lib\\site-packages\\django\\db\\models\\sql\\compiler.py\", line 1610, in execute_sql", "    sql, params = self.as_sql()", "  File \"C:\\Users\\Rahul\\AppData\\Local\\Programs\\Python\\Python310\\lib\\site-packages\\django\\db\\models\\sql\\compiler.py\", line 766, in as_sql", "    extra_select, order_by, group_by = self.pre_sql_setup(", "  File \"C:\\Users\\Rahul\\AppData\\Local\\Programs\\Python\\Python310\\lib\\site-packages\\django\\db\\models\\sql\\compiler.py\", line 85, in pre_sql_setup", "    self.setup_query(with_col_aliases=with_col_aliases)", "  File \"C:\\Users\\Rahul\\AppData\\Local\\Programs\\Python\\Python310\\lib\\site-packages\\django\\db\\models\\sql\\compiler.py\", line 74, in setup_query", "    self.select, self.klass_info, self.annotation_col_map = self.get_select(", "  File \"C:\\Users\\Rahul\\AppData\\Local\\Programs\\Python\\Python310\\lib\\site-packages\\django\\db\\models\\sql\\compiler.py\", line 299, in get_select", "    related_klass_infos = self.get_related_selections(select, select_mask)", "  File \"C:\\Users\\Rahul\\AppData\\Local\\Programs\\Python\\Python310\\lib\\site-packages\\django\\db\\models\\sql\\compiler.py\", line 1396, in get_related_selections", "    raise FieldError(", "django.core.exceptions.FieldError: Invalid field name(s) given in select_related: 'guardian'. Choices are: school", ""]}, "request": {"method": "GET", "path": "/api/athletes/", "ip": "127.0.0.1", "userAgent": "Mozilla/5.0 (Windows NT 10.0; Win64; x64; rv:142.0) Gecko/20100101 Firefox/142.0", "requestId": "f7555297-93ef-4de5-995e-b9091f02e05f", "userId": 3}, "response": {"statusCode": 500}, "context": {"view": "AthleteListCreateView", "viewMethod": null}, "meta": {"service": "athletiq-django", "environment": "development"}}
Internal Server Error: /api/athletes/
{"level": "error", "message": "Exception: FieldError", "timestamp": "2025-08-22T18:44:51.000Z", "error": {"name": "FieldError", "message": "Invalid field name(s) given in select_related: 'guardian'. Choices are: school", "stack": ["Traceback (most recent call last):", "  File \"C:\\Users\\Rahul\\AppData\\Local\\Programs\\Python\\Python310\\lib\\site-packages\\rest_framework\\views.py\", line 512, in dispatch", "    response = handler(request, *args, **kwargs)", "  File \"C:\\Users\\Rahul\\AppData\\Local\\Programs\\Python\\Python310\\lib\\site-packages\\rest_framework\\generics.py\", line 243, in get", "    return self.list(request, *args, **kwargs)", "  File \"C:\\Users\\Rahul\\AppData\\Local\\Programs\\Python\\Python310\\lib\\site-packages\\rest_framework\\mixins.py\", line 40, in list", "    page = self.paginate_queryset(queryset)", "  File \"C:\\Users\\Rahul\\AppData\\Local\\Programs\\Python\\Python310\\lib\\site-packages\\rest_framework\\generics.py\", line 175, in paginate_queryset", "    return self.paginator.paginate_queryset(queryset, self.request, view=self)", "  File \"C:\\Users\\Rahul\\AppData\\Local\\Programs\\Python\\Python310\\lib\\site-packages\\rest_framework\\pagination.py\", line 222, in paginate_queryset", "    return list(self.page)", "  File \"C:\\Users\\Rahul\\AppData\\Local\\Programs\\Python\\Python310\\lib\\site-packages\\django\\core\\paginator.py\", line 191, in __len__", "    return len(self.object_list)", "  File \"C:\\Users\\Rahul\\AppData\\Local\\Programs\\Python\\Python310\\lib\\site-packages\\django\\db\\models\\query.py\", line 366, in __len__", "    self._fetch_all()", "  File \"C:\\Users\\Rahul\\AppData\\Local\\Programs\\Python\\Python310\\lib\\site-packages\\django\\db\\models\\query.py\", line 1949, in _fetch_all", "    self._result_cache = list(self._iterable_class(self))", "  File \"C:\\Users\\Rahul\\AppData\\Local\\Programs\\Python\\Python310\\lib\\site-packages\\django\\db\\models\\query.py\", line 91, in __iter__", "    results = compiler.execute_sql(", "  File \"C:\\Users\\Rahul\\AppData\\Local\\Programs\\Python\\Python310\\lib\\site-packages\\django\\db\\models\\sql\\compiler.py\", line 1610, in execute_sql", "    sql, params = self.as_sql()", "  File \"C:\\Users\\Rahul\\AppData\\Local\\Programs\\Python\\Python310\\lib\\site-packages\\django\\db\\models\\sql\\compiler.py\", line 766, in as_sql", "    extra_select, order_by, group_by = self.pre_sql_setup(", "  File \"C:\\Users\\Rahul\\AppData\\Local\\Programs\\Python\\Python310\\lib\\site-packages\\django\\db\\models\\sql\\compiler.py\", line 85, in pre_sql_setup", "    self.setup_query(with_col_aliases=with_col_aliases)", "  File \"C:\\Users\\Rahul\\AppData\\Local\\Programs\\Python\\Python310\\lib\\site-packages\\django\\db\\models\\sql\\compiler.py\", line 74, in setup_query", "    self.select, self.klass_info, self.annotation_col_map = self.get_select(", "  File \"C:\\Users\\Rahul\\AppData\\Local\\Programs\\Python\\Python310\\lib\\site-packages\\django\\db\\models\\sql\\compiler.py\", line 299, in get_select", "    related_klass_infos = self.get_related_selections(select, select_mask)", "  File \"C:\\Users\\Rahul\\AppData\\Local\\Programs\\Python\\Python310\\lib\\site-packages\\django\\db\\models\\sql\\compiler.py\", line 1396, in get_related_selections", "    raise FieldError(", "django.core.exceptions.FieldError: Invalid field name(s) given in select_related: 'guardian'. Choices are: school", ""]}, "request": {"method": "GET", "path": "/api/athletes/", "ip": "127.0.0.1", "userAgent": "Mozilla/5.0 (Windows NT 10.0; Win64; x64; rv:142.0) Gecko/20100101 Firefox/142.0", "requestId": "21441114-ebc2-46e5-906a-e89783c540db", "userId": 3}, "response": {"statusCode": 500}, "context": {"view": "AthleteListCreateView", "viewMethod": null}, "meta": {"service": "athletiq-django", "environment": "development"}}
{"level": "error", "message": "Exception: FieldError", "timestamp": "2025-08-22T18:44:52.000Z", "error": {"name": "FieldError", "message": "Invalid field name(s) given in select_related: 'guardian'. Choices are: school", "stack": ["Traceback (most recent call last):", "  File \"C:\\Users\\Rahul\\AppData\\Local\\Programs\\Python\\Python310\\lib\\site-packages\\rest_framework\\views.py\", line 512, in dispatch", "    response = handler(request, *args, **kwargs)", "  File \"C:\\Users\\Rahul\\AppData\\Local\\Programs\\Python\\Python310\\lib\\site-packages\\rest_framework\\generics.py\", line 243, in get", "    return self.list(request, *args, **kwargs)", "  File \"C:\\Users\\Rahul\\AppData\\Local\\Programs\\Python\\Python310\\lib\\site-packages\\rest_framework\\mixins.py\", line 40, in list", "    page = self.paginate_queryset(queryset)", "  File \"C:\\Users\\Rahul\\AppData\\Local\\Programs\\Python\\Python310\\lib\\site-packages\\rest_framework\\generics.py\", line 175, in paginate_queryset", "    return self.paginator.paginate_queryset(queryset, self.request, view=self)", "  File \"C:\\Users\\Rahul\\AppData\\Local\\Programs\\Python\\Python310\\lib\\site-packages\\rest_framework\\pagination.py\", line 222, in paginate_queryset", "    return list(self.page)", "  File \"C:\\Users\\Rahul\\AppData\\Local\\Programs\\Python\\Python310\\lib\\site-packages\\django\\core\\paginator.py\", line 191, in __len__", "    return len(self.object_list)", "  File \"C:\\Users\\Rahul\\AppData\\Local\\Programs\\Python\\Python310\\lib\\site-packages\\django\\db\\models\\query.py\", line 366, in __len__", "    self._fetch_all()", "  File \"C:\\Users\\Rahul\\AppData\\Local\\Programs\\Python\\Python310\\lib\\site-packages\\django\\db\\models\\query.py\", line 1949, in _fetch_all", "    self._result_cache = list(self._iterable_class(self))", "  File \"C:\\Users\\Rahul\\AppData\\Local\\Programs\\Python\\Python310\\lib\\site-packages\\django\\db\\models\\query.py\", line 91, in __iter__", "    results = compiler.execute_sql(", "  File \"C:\\Users\\Rahul\\AppData\\Local\\Programs\\Python\\Python310\\lib\\site-packages\\django\\db\\models\\sql\\compiler.py\", line 1610, in execute_sql", "    sql, params = self.as_sql()", "  File \"C:\\Users\\Rahul\\AppData\\Local\\Programs\\Python\\Python310\\lib\\site-packages\\django\\db\\models\\sql\\compiler.py\", line 766, in as_sql", "    extra_select, order_by, group_by = self.pre_sql_setup(", "  File \"C:\\Users\\Rahul\\AppData\\Local\\Programs\\Python\\Python310\\lib\\site-packages\\django\\db\\models\\sql\\compiler.py\", line 85, in pre_sql_setup", "    self.setup_query(with_col_aliases=with_col_aliases)", "  File \"C:\\Users\\Rahul\\AppData\\Local\\Programs\\Python\\Python310\\lib\\site-packages\\django\\db\\models\\sql\\compiler.py\", line 74, in setup_query", "    self.select, self.klass_info, self.annotation_col_map = self.get_select(", "  File \"C:\\Users\\Rahul\\AppData\\Local\\Programs\\Python\\Python310\\lib\\site-packages\\django\\db\\models\\sql\\compiler.py\", line 299, in get_select", "    related_klass_infos = self.get_related_selections(select, select_mask)", "  File \"C:\\Users\\Rahul\\AppData\\Local\\Programs\\Python\\Python310\\lib\\site-packages\\django\\db\\models\\sql\\compiler.py\", line 1396, in get_related_selections", "    raise FieldError(", "django.core.exceptions.FieldError: Invalid field name(s) given in select_related: 'guardian'. Choices are: school", ""]}, "request": {"method": "GET", "path": "/api/athletes/", "ip": "127.0.0.1", "userAgent": "Mozilla/5.0 (Windows NT 10.0; Win64; x64; rv:142.0) Gecko/20100101 Firefox/142.0", "requestId": "bd206418-de48-4269-944d-42b66f013c90", "userId": 3}, "response": {"statusCode": 500}, "context": {"view": "AthleteListCreateView", "viewMethod": null}, "meta": {"service": "athletiq-django", "environment": "development"}}
Internal Server Error: /api/athletes/
Internal Server Error: /api/athletes/
{"level": "error", "message": "Exception: FieldError", "timestamp": "2025-08-22T18:44:57.000Z", "error": {"name": "FieldError", "message": "Invalid field name(s) given in select_related: 'guardian'. Choices are: school", "stack": ["Traceback (most recent call last):", "  File \"C:\\Users\\Rahul\\AppData\\Local\\Programs\\Python\\Python310\\lib\\site-packages\\rest_framework\\views.py\", line 512, in dispatch", "    response = handler(request, *args, **kwargs)", "  File \"C:\\Users\\Rahul\\AppData\\Local\\Programs\\Python\\Python310\\lib\\site-packages\\rest_framework\\generics.py\", line 243, in get", "    return self.list(request, *args, **kwargs)", "  File \"C:\\Users\\Rahul\\AppData\\Local\\Programs\\Python\\Python310\\lib\\site-packages\\rest_framework\\mixins.py\", line 40, in list", "    page = self.paginate_queryset(queryset)", "  File \"C:\\Users\\Rahul\\AppData\\Local\\Programs\\Python\\Python310\\lib\\site-packages\\rest_framework\\generics.py\", line 175, in paginate_queryset", "    return self.paginator.paginate_queryset(queryset, self.request, view=self)", "  File \"C:\\Users\\Rahul\\AppData\\Local\\Programs\\Python\\Python310\\lib\\site-packages\\rest_framework\\pagination.py\", line 222, in paginate_queryset", "    return list(self.page)", "  File \"C:\\Users\\Rahul\\AppData\\Local\\Programs\\Python\\Python310\\lib\\site-packages\\django\\core\\paginator.py\", line 191, in __len__", "    return len(self.object_list)", "  File \"C:\\Users\\Rahul\\AppData\\Local\\Programs\\Python\\Python310\\lib\\site-packages\\django\\db\\models\\query.py\", line 366, in __len__", "    self._fetch_all()", "  File \"C:\\Users\\Rahul\\AppData\\Local\\Programs\\Python\\Python310\\lib\\site-packages\\django\\db\\models\\query.py\", line 1949, in _fetch_all", "    self._result_cache = list(self._iterable_class(self))", "  File \"C:\\Users\\Rahul\\AppData\\Local\\Programs\\Python\\Python310\\lib\\site-packages\\django\\db\\models\\query.py\", line 91, in __iter__", "    results = compiler.execute_sql(", "  File \"C:\\Users\\Rahul\\AppData\\Local\\Programs\\Python\\Python310\\lib\\site-packages\\django\\db\\models\\sql\\compiler.py\", line 1610, in execute_sql", "    sql, params = self.as_sql()", "  File \"C:\\Users\\Rahul\\AppData\\Local\\Programs\\Python\\Python310\\lib\\site-packages\\django\\db\\models\\sql\\compiler.py\", line 766, in as_sql", "    extra_select, order_by, group_by = self.pre_sql_setup(", "  File \"C:\\Users\\Rahul\\AppData\\Local\\Programs\\Python\\Python310\\lib\\site-packages\\django\\db\\models\\sql\\compiler.py\", line 85, in pre_sql_setup", "    self.setup_query(with_col_aliases=with_col_aliases)", "  File \"C:\\Users\\Rahul\\AppData\\Local\\Programs\\Python\\Python310\\lib\\site-packages\\django\\db\\models\\sql\\compiler.py\", line 74, in setup_query", "    self.select, self.klass_info, self.annotation_col_map = self.get_select(", "  File \"C:\\Users\\Rahul\\AppData\\Local\\Programs\\Python\\Python310\\lib\\site-packages\\django\\db\\models\\sql\\compiler.py\", line 299, in get_select", "    related_klass_infos = self.get_related_selections(select, select_mask)", "  File \"C:\\Users\\Rahul\\AppData\\Local\\Programs\\Python\\Python310\\lib\\site-packages\\django\\db\\models\\sql\\compiler.py\", line 1396, in get_related_selections", "    raise FieldError(", "django.core.exceptions.FieldError: Invalid field name(s) given in select_related: 'guardian'. Choices are: school", ""]}, "request": {"method": "GET", "path": "/api/athletes/", "ip": "127.0.0.1", "userAgent": "Mozilla/5.0 (Windows NT 10.0; Win64; x64; rv:142.0) Gecko/20100101 Firefox/142.0", "requestId": "5b27caba-ae38-4d45-947a-72af5dbcb79a", "userId": 3}, "response": {"statusCode": 500}, "context": {"view": "AthleteListCreateView", "viewMethod": null}, "meta": {"service": "athletiq-django", "environment": "development"}}
Internal Server Error: /api/athletes/
{"level": "error", "message": "Exception: FieldError", "timestamp": "2025-08-22T18:46:46.000Z", "error": {"name": "FieldError", "message": "Invalid field name(s) given in select_related: 'guardian'. Choices are: school", "stack": ["Traceback (most recent call last):", "  File \"C:\\Users\\Rahul\\AppData\\Local\\Programs\\Python\\Python310\\lib\\site-packages\\rest_framework\\views.py\", line 512, in dispatch", "    response = handler(request, *args, **kwargs)", "  File \"C:\\Users\\Rahul\\AppData\\Local\\Programs\\Python\\Python310\\lib\\site-packages\\rest_framework\\generics.py\", line 243, in get", "    return self.list(request, *args, **kwargs)", "  File \"C:\\Users\\Rahul\\AppData\\Local\\Programs\\Python\\Python310\\lib\\site-packages\\rest_framework\\mixins.py\", line 40, in list", "    page = self.paginate_queryset(queryset)", "  File \"C:\\Users\\Rahul\\AppData\\Local\\Programs\\Python\\Python310\\lib\\site-packages\\rest_framework\\generics.py\", line 175, in paginate_queryset", "    return self.paginator.paginate_queryset(queryset, self.request, view=self)", "  File \"C:\\Users\\Rahul\\AppData\\Local\\Programs\\Python\\Python310\\lib\\site-packages\\rest_framework\\pagination.py\", line 222, in paginate_queryset", "    return list(self.page)", "  File \"C:\\Users\\Rahul\\AppData\\Local\\Programs\\Python\\Python310\\lib\\site-packages\\django\\core\\paginator.py\", line 191, in __len__", "    return len(self.object_list)", "  File \"C:\\Users\\Rahul\\AppData\\Local\\Programs\\Python\\Python310\\lib\\site-packages\\django\\db\\models\\query.py\", line 366, in __len__", "    self._fetch_all()", "  File \"C:\\Users\\Rahul\\AppData\\Local\\Programs\\Python\\Python310\\lib\\site-packages\\django\\db\\models\\query.py\", line 1949, in _fetch_all", "    self._result_cache = list(self._iterable_class(self))", "  File \"C:\\Users\\Rahul\\AppData\\Local\\Programs\\Python\\Python310\\lib\\site-packages\\django\\db\\models\\query.py\", line 91, in __iter__", "    results = compiler.execute_sql(", "  File \"C:\\Users\\Rahul\\AppData\\Local\\Programs\\Python\\Python310\\lib\\site-packages\\django\\db\\models\\sql\\compiler.py\", line 1610, in execute_sql", "    sql, params = self.as_sql()", "  File \"C:\\Users\\Rahul\\AppData\\Local\\Programs\\Python\\Python310\\lib\\site-packages\\django\\db\\models\\sql\\compiler.py\", line 766, in as_sql", "    extra_select, order_by, group_by = self.pre_sql_setup(", "  File \"C:\\Users\\Rahul\\AppData\\Local\\Programs\\Python\\Python310\\lib\\site-packages\\django\\db\\models\\sql\\compiler.py\", line 85, in pre_sql_setup", "    self.setup_query(with_col_aliases=with_col_aliases)", "  File \"C:\\Users\\Rahul\\AppData\\Local\\Programs\\Python\\Python310\\lib\\site-packages\\django\\db\\models\\sql\\compiler.py\", line 74, in setup_query", "    self.select, self.klass_info, self.annotation_col_map = self.get_select(", "  File \"C:\\Users\\Rahul\\AppData\\Local\\Programs\\Python\\Python310\\lib\\site-packages\\django\\db\\models\\sql\\compiler.py\", line 299, in get_select", "    related_klass_infos = self.get_related_selections(select, select_mask)", "  File \"C:\\Users\\Rahul\\AppData\\Local\\Programs\\Python\\Python310\\lib\\site-packages\\django\\db\\models\\sql\\compiler.py\", line 1396, in get_related_selections", "    raise FieldError(", "django.core.exceptions.FieldError: Invalid field name(s) given in select_related: 'guardian'. Choices are: school", ""]}, "request": {"method": "GET", "path": "/api/athletes/", "ip": "127.0.0.1", "userAgent": "Mozilla/5.0 (Windows NT 10.0; Win64; x64; rv:142.0) Gecko/20100101 Firefox/142.0", "requestId": "c05e05a7-b0e0-44ad-95e3-1e8e3c65dc81", "userId": 3}, "response": {"statusCode": 500}, "context": {"view": "AthleteListCreateView", "viewMethod": null}, "meta": {"service": "athletiq-django", "environment": "development"}}
Internal Server Error: /api/athletes/
{"level": "error", "message": "Exception: FieldError", "timestamp": "2025-08-22T18:46:47.000Z", "error": {"name": "FieldError", "message": "Invalid field name(s) given in select_related: 'guardian'. Choices are: school", "stack": ["Traceback (most recent call last):", "  File \"C:\\Users\\Rahul\\AppData\\Local\\Programs\\Python\\Python310\\lib\\site-packages\\rest_framework\\views.py\", line 512, in dispatch", "    response = handler(request, *args, **kwargs)", "  File \"C:\\Users\\Rahul\\AppData\\Local\\Programs\\Python\\Python310\\lib\\site-packages\\rest_framework\\generics.py\", line 243, in get", "    return self.list(request, *args, **kwargs)", "  File \"C:\\Users\\Rahul\\AppData\\Local\\Programs\\Python\\Python310\\lib\\site-packages\\rest_framework\\mixins.py\", line 40, in list", "    page = self.paginate_queryset(queryset)", "  File \"C:\\Users\\Rahul\\AppData\\Local\\Programs\\Python\\Python310\\lib\\site-packages\\rest_framework\\generics.py\", line 175, in paginate_queryset", "    return self.paginator.paginate_queryset(queryset, self.request, view=self)", "  File \"C:\\Users\\Rahul\\AppData\\Local\\Programs\\Python\\Python310\\lib\\site-packages\\rest_framework\\pagination.py\", line 222, in paginate_queryset", "    return list(self.page)", "  File \"C:\\Users\\Rahul\\AppData\\Local\\Programs\\Python\\Python310\\lib\\site-packages\\django\\core\\paginator.py\", line 191, in __len__", "    return len(self.object_list)", "  File \"C:\\Users\\Rahul\\AppData\\Local\\Programs\\Python\\Python310\\lib\\site-packages\\django\\db\\models\\query.py\", line 366, in __len__", "    self._fetch_all()", "  File \"C:\\Users\\Rahul\\AppData\\Local\\Programs\\Python\\Python310\\lib\\site-packages\\django\\db\\models\\query.py\", line 1949, in _fetch_all", "    self._result_cache = list(self._iterable_class(self))", "  File \"C:\\Users\\Rahul\\AppData\\Local\\Programs\\Python\\Python310\\lib\\site-packages\\django\\db\\models\\query.py\", line 91, in __iter__", "    results = compiler.execute_sql(", "  File \"C:\\Users\\Rahul\\AppData\\Local\\Programs\\Python\\Python310\\lib\\site-packages\\django\\db\\models\\sql\\compiler.py\", line 1610, in execute_sql", "    sql, params = self.as_sql()", "  File \"C:\\Users\\Rahul\\AppData\\Local\\Programs\\Python\\Python310\\lib\\site-packages\\django\\db\\models\\sql\\compiler.py\", line 766, in as_sql", "    extra_select, order_by, group_by = self.pre_sql_setup(", "  File \"C:\\Users\\Rahul\\AppData\\Local\\Programs\\Python\\Python310\\lib\\site-packages\\django\\db\\models\\sql\\compiler.py\", line 85, in pre_sql_setup", "    self.setup_query(with_col_aliases=with_col_aliases)", "  File \"C:\\Users\\Rahul\\AppData\\Local\\Programs\\Python\\Python310\\lib\\site-packages\\django\\db\\models\\sql\\compiler.py\", line 74, in setup_query", "    self.select, self.klass_info, self.annotation_col_map = self.get_select(", "  File \"C:\\Users\\Rahul\\AppData\\Local\\Programs\\Python\\Python310\\lib\\site-packages\\django\\db\\models\\sql\\compiler.py\", line 299, in get_select", "    related_klass_infos = self.get_related_selections(select, select_mask)", "  File \"C:\\Users\\Rahul\\AppData\\Local\\Programs\\Python\\Python310\\lib\\site-packages\\django\\db\\models\\sql\\compiler.py\", line 1396, in get_related_selections", "    raise FieldError(", "django.core.exceptions.FieldError: Invalid field name(s) given in select_related: 'guardian'. Choices are: school", ""]}, "request": {"method": "GET", "path": "/api/athletes/", "ip": "127.0.0.1", "userAgent": "Mozilla/5.0 (Windows NT 10.0; Win64; x64; rv:142.0) Gecko/20100101 Firefox/142.0", "requestId": "9edabf9a-cfc2-420b-a666-5ab250bb7917", "userId": 3}, "response": {"statusCode": 500}, "context": {"view": "AthleteListCreateView", "viewMethod": null}, "meta": {"service": "athletiq-django", "environment": "development"}}
Internal Server Error: /api/athletes/
{"level": "error", "message": "Exception: FieldError", "timestamp": "2025-08-22T18:47:14.000Z", "error": {"name": "FieldError", "message": "Invalid field name(s) given in select_related: 'guardian'. Choices are: school", "stack": ["Traceback (most recent call last):", "  File \"C:\\Users\\Rahul\\AppData\\Local\\Programs\\Python\\Python310\\lib\\site-packages\\rest_framework\\views.py\", line 512, in dispatch", "    response = handler(request, *args, **kwargs)", "  File \"C:\\Users\\Rahul\\AppData\\Local\\Programs\\Python\\Python310\\lib\\site-packages\\rest_framework\\generics.py\", line 243, in get", "    return self.list(request, *args, **kwargs)", "  File \"C:\\Users\\Rahul\\AppData\\Local\\Programs\\Python\\Python310\\lib\\site-packages\\rest_framework\\mixins.py\", line 40, in list", "    page = self.paginate_queryset(queryset)", "  File \"C:\\Users\\Rahul\\AppData\\Local\\Programs\\Python\\Python310\\lib\\site-packages\\rest_framework\\generics.py\", line 175, in paginate_queryset", "    return self.paginator.paginate_queryset(queryset, self.request, view=self)", "  File \"C:\\Users\\Rahul\\AppData\\Local\\Programs\\Python\\Python310\\lib\\site-packages\\rest_framework\\pagination.py\", line 222, in paginate_queryset", "    return list(self.page)", "  File \"C:\\Users\\Rahul\\AppData\\Local\\Programs\\Python\\Python310\\lib\\site-packages\\django\\core\\paginator.py\", line 191, in __len__", "    return len(self.object_list)", "  File \"C:\\Users\\Rahul\\AppData\\Local\\Programs\\Python\\Python310\\lib\\site-packages\\django\\db\\models\\query.py\", line 366, in __len__", "    self._fetch_all()", "  File \"C:\\Users\\Rahul\\AppData\\Local\\Programs\\Python\\Python310\\lib\\site-packages\\django\\db\\models\\query.py\", line 1949, in _fetch_all", "    self._result_cache = list(self._iterable_class(self))", "  File \"C:\\Users\\Rahul\\AppData\\Local\\Programs\\Python\\Python310\\lib\\site-packages\\django\\db\\models\\query.py\", line 91, in __iter__", "    results = compiler.execute_sql(", "  File \"C:\\Users\\Rahul\\AppData\\Local\\Programs\\Python\\Python310\\lib\\site-packages\\django\\db\\models\\sql\\compiler.py\", line 1610, in execute_sql", "    sql, params = self.as_sql()", "  File \"C:\\Users\\Rahul\\AppData\\Local\\Programs\\Python\\Python310\\lib\\site-packages\\django\\db\\models\\sql\\compiler.py\", line 766, in as_sql", "    extra_select, order_by, group_by = self.pre_sql_setup(", "  File \"C:\\Users\\Rahul\\AppData\\Local\\Programs\\Python\\Python310\\lib\\site-packages\\django\\db\\models\\sql\\compiler.py\", line 85, in pre_sql_setup", "    self.setup_query(with_col_aliases=with_col_aliases)", "  File \"C:\\Users\\Rahul\\AppData\\Local\\Programs\\Python\\Python310\\lib\\site-packages\\django\\db\\models\\sql\\compiler.py\", line 74, in setup_query", "    self.select, self.klass_info, self.annotation_col_map = self.get_select(", "  File \"C:\\Users\\Rahul\\AppData\\Local\\Programs\\Python\\Python310\\lib\\site-packages\\django\\db\\models\\sql\\compiler.py\", line 299, in get_select", "    related_klass_infos = self.get_related_selections(select, select_mask)", "  File \"C:\\Users\\Rahul\\AppData\\Local\\Programs\\Python\\Python310\\lib\\site-packages\\django\\db\\models\\sql\\compiler.py\", line 1396, in get_related_selections", "    raise FieldError(", "django.core.exceptions.FieldError: Invalid field name(s) given in select_related: 'guardian'. Choices are: school", ""]}, "request": {"method": "GET", "path": "/api/athletes/", "ip": "127.0.0.1", "userAgent": "Mozilla/5.0 (Windows NT 10.0; Win64; x64; rv:142.0) Gecko/20100101 Firefox/142.0", "requestId": "9f288a5c-807e-4a99-bf86-17d00136e9ff", "userId": 3}, "response": {"statusCode": 500}, "context": {"view": "AthleteListCreateView", "viewMethod": null}, "meta": {"service": "athletiq-django", "environment": "development"}}
Internal Server Error: /api/athletes/
{"level": "error", "message": "Exception: FieldError", "timestamp": "2025-08-22T18:49:41.000Z", "error": {"name": "FieldError", "message": "Invalid field name(s) given in select_related: 'guardian'. Choices are: school", "stack": ["Traceback (most recent call last):", "  File \"C:\\Users\\Rahul\\AppData\\Local\\Programs\\Python\\Python310\\lib\\site-packages\\rest_framework\\views.py\", line 512, in dispatch", "    response = handler(request, *args, **kwargs)", "  File \"C:\\Users\\Rahul\\AppData\\Local\\Programs\\Python\\Python310\\lib\\site-packages\\rest_framework\\generics.py\", line 243, in get", "    return self.list(request, *args, **kwargs)", "  File \"C:\\Users\\Rahul\\AppData\\Local\\Programs\\Python\\Python310\\lib\\site-packages\\rest_framework\\mixins.py\", line 40, in list", "    page = self.paginate_queryset(queryset)", "  File \"C:\\Users\\Rahul\\AppData\\Local\\Programs\\Python\\Python310\\lib\\site-packages\\rest_framework\\generics.py\", line 175, in paginate_queryset", "    return self.paginator.paginate_queryset(queryset, self.request, view=self)", "  File \"C:\\Users\\Rahul\\AppData\\Local\\Programs\\Python\\Python310\\lib\\site-packages\\rest_framework\\pagination.py\", line 222, in paginate_queryset", "    return list(self.page)", "  File \"C:\\Users\\Rahul\\AppData\\Local\\Programs\\Python\\Python310\\lib\\site-packages\\django\\core\\paginator.py\", line 191, in __len__", "    return len(self.object_list)", "  File \"C:\\Users\\Rahul\\AppData\\Local\\Programs\\Python\\Python310\\lib\\site-packages\\django\\db\\models\\query.py\", line 366, in __len__", "    self._fetch_all()", "  File \"C:\\Users\\Rahul\\AppData\\Local\\Programs\\Python\\Python310\\lib\\site-packages\\django\\db\\models\\query.py\", line 1949, in _fetch_all", "    self._result_cache = list(self._iterable_class(self))", "  File \"C:\\Users\\Rahul\\AppData\\Local\\Programs\\Python\\Python310\\lib\\site-packages\\django\\db\\models\\query.py\", line 91, in __iter__", "    results = compiler.execute_sql(", "  File \"C:\\Users\\Rahul\\AppData\\Local\\Programs\\Python\\Python310\\lib\\site-packages\\django\\db\\models\\sql\\compiler.py\", line 1610, in execute_sql", "    sql, params = self.as_sql()", "  File \"C:\\Users\\Rahul\\AppData\\Local\\Programs\\Python\\Python310\\lib\\site-packages\\django\\db\\models\\sql\\compiler.py\", line 766, in as_sql", "    extra_select, order_by, group_by = self.pre_sql_setup(", "  File \"C:\\Users\\Rahul\\AppData\\Local\\Programs\\Python\\Python310\\lib\\site-packages\\django\\db\\models\\sql\\compiler.py\", line 85, in pre_sql_setup", "    self.setup_query(with_col_aliases=with_col_aliases)", "  File \"C:\\Users\\Rahul\\AppData\\Local\\Programs\\Python\\Python310\\lib\\site-packages\\django\\db\\models\\sql\\compiler.py\", line 74, in setup_query", "    self.select, self.klass_info, self.annotation_col_map = self.get_select(", "  File \"C:\\Users\\Rahul\\AppData\\Local\\Programs\\Python\\Python310\\lib\\site-packages\\django\\db\\models\\sql\\compiler.py\", line 299, in get_select", "    related_klass_infos = self.get_related_selections(select, select_mask)", "  File \"C:\\Users\\Rahul\\AppData\\Local\\Programs\\Python\\Python310\\lib\\site-packages\\django\\db\\models\\sql\\compiler.py\", line 1396, in get_related_selections", "    raise FieldError(", "django.core.exceptions.FieldError: Invalid field name(s) given in select_related: 'guardian'. Choices are: school", ""]}, "request": {"method": "GET", "path": "/api/athletes/", "ip": "127.0.0.1", "userAgent": "Mozilla/5.0 (Windows NT 10.0; Win64; x64; rv:142.0) Gecko/20100101 Firefox/142.0", "requestId": "7efa1034-c426-4f1b-aab4-f2d280e37840", "userId": 3}, "response": {"statusCode": 500}, "context": {"view": "AthleteListCreateView", "viewMethod": null}, "meta": {"service": "athletiq-django", "environment": "development"}}
{"level": "error", "message": "Exception: FieldError", "timestamp": "2025-08-22T18:49:41.000Z", "error": {"name": "FieldError", "message": "Invalid field name(s) given in select_related: 'guardian'. Choices are: school", "stack": ["Traceback (most recent call last):", "  File \"C:\\Users\\Rahul\\AppData\\Local\\Programs\\Python\\Python310\\lib\\site-packages\\rest_framework\\views.py\", line 512, in dispatch", "    response = handler(request, *args, **kwargs)", "  File \"C:\\Users\\Rahul\\AppData\\Local\\Programs\\Python\\Python310\\lib\\site-packages\\rest_framework\\generics.py\", line 243, in get", "    return self.list(request, *args, **kwargs)", "  File \"C:\\Users\\Rahul\\AppData\\Local\\Programs\\Python\\Python310\\lib\\site-packages\\rest_framework\\mixins.py\", line 40, in list", "    page = self.paginate_queryset(queryset)", "  File \"C:\\Users\\Rahul\\AppData\\Local\\Programs\\Python\\Python310\\lib\\site-packages\\rest_framework\\generics.py\", line 175, in paginate_queryset", "    return self.paginator.paginate_queryset(queryset, self.request, view=self)", "  File \"C:\\Users\\Rahul\\AppData\\Local\\Programs\\Python\\Python310\\lib\\site-packages\\rest_framework\\pagination.py\", line 222, in paginate_queryset", "    return list(self.page)", "  File \"C:\\Users\\Rahul\\AppData\\Local\\Programs\\Python\\Python310\\lib\\site-packages\\django\\core\\paginator.py\", line 191, in __len__", "    return len(self.object_list)", "  File \"C:\\Users\\Rahul\\AppData\\Local\\Programs\\Python\\Python310\\lib\\site-packages\\django\\db\\models\\query.py\", line 366, in __len__", "    self._fetch_all()", "  File \"C:\\Users\\Rahul\\AppData\\Local\\Programs\\Python\\Python310\\lib\\site-packages\\django\\db\\models\\query.py\", line 1949, in _fetch_all", "    self._result_cache = list(self._iterable_class(self))", "  File \"C:\\Users\\Rahul\\AppData\\Local\\Programs\\Python\\Python310\\lib\\site-packages\\django\\db\\models\\query.py\", line 91, in __iter__", "    results = compiler.execute_sql(", "  File \"C:\\Users\\Rahul\\AppData\\Local\\Programs\\Python\\Python310\\lib\\site-packages\\django\\db\\models\\sql\\compiler.py\", line 1610, in execute_sql", "    sql, params = self.as_sql()", "  File \"C:\\Users\\Rahul\\AppData\\Local\\Programs\\Python\\Python310\\lib\\site-packages\\django\\db\\models\\sql\\compiler.py\", line 766, in as_sql", "    extra_select, order_by, group_by = self.pre_sql_setup(", "  File \"C:\\Users\\Rahul\\AppData\\Local\\Programs\\Python\\Python310\\lib\\site-packages\\django\\db\\models\\sql\\compiler.py\", line 85, in pre_sql_setup", "    self.setup_query(with_col_aliases=with_col_aliases)", "  File \"C:\\Users\\Rahul\\AppData\\Local\\Programs\\Python\\Python310\\lib\\site-packages\\django\\db\\models\\sql\\compiler.py\", line 74, in setup_query", "    self.select, self.klass_info, self.annotation_col_map = self.get_select(", "  File \"C:\\Users\\Rahul\\AppData\\Local\\Programs\\Python\\Python310\\lib\\site-packages\\django\\db\\models\\sql\\compiler.py\", line 299, in get_select", "    related_klass_infos = self.get_related_selections(select, select_mask)", "  File \"C:\\Users\\Rahul\\AppData\\Local\\Programs\\Python\\Python310\\lib\\site-packages\\django\\db\\models\\sql\\compiler.py\", line 1396, in get_related_selections", "    raise FieldError(", "django.core.exceptions.FieldError: Invalid field name(s) given in select_related: 'guardian'. Choices are: school", ""]}, "request": {"method": "GET", "path": "/api/athletes/", "ip": "127.0.0.1", "userAgent": "Mozilla/5.0 (Windows NT 10.0; Win64; x64; rv:142.0) Gecko/20100101 Firefox/142.0", "requestId": "6dbc65ba-50eb-4ae7-b7de-d3d0c4ca6e48", "userId": 3}, "response": {"statusCode": 500}, "context": {"view": "AthleteListCreateView", "viewMethod": null}, "meta": {"service": "athletiq-django", "environment": "development"}}
Internal Server Error: /api/athletes/
Internal Server Error: /api/athletes/
{"level": "error", "message": "Exception: FieldError", "timestamp": "2025-08-22T18:49:52.000Z", "error": {"name": "FieldError", "message": "Invalid field name(s) given in select_related: 'guardian'. Choices are: school", "stack": ["Traceback (most recent call last):", "  File \"C:\\Users\\Rahul\\AppData\\Local\\Programs\\Python\\Python310\\lib\\site-packages\\rest_framework\\views.py\", line 512, in dispatch", "    response = handler(request, *args, **kwargs)", "  File \"C:\\Users\\Rahul\\AppData\\Local\\Programs\\Python\\Python310\\lib\\site-packages\\rest_framework\\generics.py\", line 243, in get", "    return self.list(request, *args, **kwargs)", "  File \"C:\\Users\\Rahul\\AppData\\Local\\Programs\\Python\\Python310\\lib\\site-packages\\rest_framework\\mixins.py\", line 40, in list", "    page = self.paginate_queryset(queryset)", "  File \"C:\\Users\\Rahul\\AppData\\Local\\Programs\\Python\\Python310\\lib\\site-packages\\rest_framework\\generics.py\", line 175, in paginate_queryset", "    return self.paginator.paginate_queryset(queryset, self.request, view=self)", "  File \"C:\\Users\\Rahul\\AppData\\Local\\Programs\\Python\\Python310\\lib\\site-packages\\rest_framework\\pagination.py\", line 222, in paginate_queryset", "    return list(self.page)", "  File \"C:\\Users\\Rahul\\AppData\\Local\\Programs\\Python\\Python310\\lib\\site-packages\\django\\core\\paginator.py\", line 191, in __len__", "    return len(self.object_list)", "  File \"C:\\Users\\Rahul\\AppData\\Local\\Programs\\Python\\Python310\\lib\\site-packages\\django\\db\\models\\query.py\", line 366, in __len__", "    self._fetch_all()", "  File \"C:\\Users\\Rahul\\AppData\\Local\\Programs\\Python\\Python310\\lib\\site-packages\\django\\db\\models\\query.py\", line 1949, in _fetch_all", "    self._result_cache = list(self._iterable_class(self))", "  File \"C:\\Users\\Rahul\\AppData\\Local\\Programs\\Python\\Python310\\lib\\site-packages\\django\\db\\models\\query.py\", line 91, in __iter__", "    results = compiler.execute_sql(", "  File \"C:\\Users\\Rahul\\AppData\\Local\\Programs\\Python\\Python310\\lib\\site-packages\\django\\db\\models\\sql\\compiler.py\", line 1610, in execute_sql", "    sql, params = self.as_sql()", "  File \"C:\\Users\\Rahul\\AppData\\Local\\Programs\\Python\\Python310\\lib\\site-packages\\django\\db\\models\\sql\\compiler.py\", line 766, in as_sql", "    extra_select, order_by, group_by = self.pre_sql_setup(", "  File \"C:\\Users\\Rahul\\AppData\\Local\\Programs\\Python\\Python310\\lib\\site-packages\\django\\db\\models\\sql\\compiler.py\", line 85, in pre_sql_setup", "    self.setup_query(with_col_aliases=with_col_aliases)", "  File \"C:\\Users\\Rahul\\AppData\\Local\\Programs\\Python\\Python310\\lib\\site-packages\\django\\db\\models\\sql\\compiler.py\", line 74, in setup_query", "    self.select, self.klass_info, self.annotation_col_map = self.get_select(", "  File \"C:\\Users\\Rahul\\AppData\\Local\\Programs\\Python\\Python310\\lib\\site-packages\\django\\db\\models\\sql\\compiler.py\", line 299, in get_select", "    related_klass_infos = self.get_related_selections(select, select_mask)", "  File \"C:\\Users\\Rahul\\AppData\\Local\\Programs\\Python\\Python310\\lib\\site-packages\\django\\db\\models\\sql\\compiler.py\", line 1396, in get_related_selections", "    raise FieldError(", "django.core.exceptions.FieldError: Invalid field name(s) given in select_related: 'guardian'. Choices are: school", ""]}, "request": {"method": "GET", "path": "/api/athletes/", "ip": "127.0.0.1", "userAgent": "Mozilla/5.0 (Windows NT 10.0; Win64; x64; rv:142.0) Gecko/20100101 Firefox/142.0", "requestId": "6c7aea9d-7eb1-465c-9a39-1ad4fed36149", "userId": 3}, "response": {"statusCode": 500}, "context": {"view": "AthleteListCreateView", "viewMethod": null}, "meta": {"service": "athletiq-django", "environment": "development"}}
Internal Server Error: /api/athletes/
{"level": "error", "message": "Exception: FieldError", "timestamp": "2025-08-22T18:50:31.000Z", "error": {"name": "FieldError", "message": "Invalid field name(s) given in select_related: 'guardian'. Choices are: school", "stack": ["Traceback (most recent call last):", "  File \"C:\\Users\\Rahul\\AppData\\Local\\Programs\\Python\\Python310\\lib\\site-packages\\rest_framework\\views.py\", line 512, in dispatch", "    response = handler(request, *args, **kwargs)", "  File \"C:\\Users\\Rahul\\AppData\\Local\\Programs\\Python\\Python310\\lib\\site-packages\\rest_framework\\generics.py\", line 243, in get", "    return self.list(request, *args, **kwargs)", "  File \"C:\\Users\\Rahul\\AppData\\Local\\Programs\\Python\\Python310\\lib\\site-packages\\rest_framework\\mixins.py\", line 40, in list", "    page = self.paginate_queryset(queryset)", "  File \"C:\\Users\\Rahul\\AppData\\Local\\Programs\\Python\\Python310\\lib\\site-packages\\rest_framework\\generics.py\", line 175, in paginate_queryset", "    return self.paginator.paginate_queryset(queryset, self.request, view=self)", "  File \"C:\\Users\\Rahul\\AppData\\Local\\Programs\\Python\\Python310\\lib\\site-packages\\rest_framework\\pagination.py\", line 222, in paginate_queryset", "    return list(self.page)", "  File \"C:\\Users\\Rahul\\AppData\\Local\\Programs\\Python\\Python310\\lib\\site-packages\\django\\core\\paginator.py\", line 191, in __len__", "    return len(self.object_list)", "  File \"C:\\Users\\Rahul\\AppData\\Local\\Programs\\Python\\Python310\\lib\\site-packages\\django\\db\\models\\query.py\", line 366, in __len__", "    self._fetch_all()", "  File \"C:\\Users\\Rahul\\AppData\\Local\\Programs\\Python\\Python310\\lib\\site-packages\\django\\db\\models\\query.py\", line 1949, in _fetch_all", "    self._result_cache = list(self._iterable_class(self))", "  File \"C:\\Users\\Rahul\\AppData\\Local\\Programs\\Python\\Python310\\lib\\site-packages\\django\\db\\models\\query.py\", line 91, in __iter__", "    results = compiler.execute_sql(", "  File \"C:\\Users\\Rahul\\AppData\\Local\\Programs\\Python\\Python310\\lib\\site-packages\\django\\db\\models\\sql\\compiler.py\", line 1610, in execute_sql", "    sql, params = self.as_sql()", "  File \"C:\\Users\\Rahul\\AppData\\Local\\Programs\\Python\\Python310\\lib\\site-packages\\django\\db\\models\\sql\\compiler.py\", line 766, in as_sql", "    extra_select, order_by, group_by = self.pre_sql_setup(", "  File \"C:\\Users\\Rahul\\AppData\\Local\\Programs\\Python\\Python310\\lib\\site-packages\\django\\db\\models\\sql\\compiler.py\", line 85, in pre_sql_setup", "    self.setup_query(with_col_aliases=with_col_aliases)", "  File \"C:\\Users\\Rahul\\AppData\\Local\\Programs\\Python\\Python310\\lib\\site-packages\\django\\db\\models\\sql\\compiler.py\", line 74, in setup_query", "    self.select, self.klass_info, self.annotation_col_map = self.get_select(", "  File \"C:\\Users\\Rahul\\AppData\\Local\\Programs\\Python\\Python310\\lib\\site-packages\\django\\db\\models\\sql\\compiler.py\", line 299, in get_select", "    related_klass_infos = self.get_related_selections(select, select_mask)", "  File \"C:\\Users\\Rahul\\AppData\\Local\\Programs\\Python\\Python310\\lib\\site-packages\\django\\db\\models\\sql\\compiler.py\", line 1396, in get_related_selections", "    raise FieldError(", "django.core.exceptions.FieldError: Invalid field name(s) given in select_related: 'guardian'. Choices are: school", ""]}, "request": {"method": "GET", "path": "/api/athletes/", "ip": "127.0.0.1", "userAgent": "Mozilla/5.0 (Windows NT 10.0; Win64; x64; rv:142.0) Gecko/20100101 Firefox/142.0", "requestId": "47661d26-47c1-4c46-bc1b-ff7ffb23c8dd", "userId": 3}, "response": {"statusCode": 500}, "context": {"view": "AthleteListCreateView", "viewMethod": null}, "meta": {"service": "athletiq-django", "environment": "development"}}
Internal Server Error: /api/athletes/
{"level": "error", "message": "Exception: FieldError", "timestamp": "2025-08-22T18:51:28.000Z", "error": {"name": "FieldError", "message": "Invalid field name(s) given in select_related: 'guardian'. Choices are: school", "stack": ["Traceback (most recent call last):", "  File \"C:\\Users\\Rahul\\AppData\\Local\\Programs\\Python\\Python310\\lib\\site-packages\\rest_framework\\views.py\", line 512, in dispatch", "    response = handler(request, *args, **kwargs)", "  File \"C:\\Users\\Rahul\\AppData\\Local\\Programs\\Python\\Python310\\lib\\site-packages\\rest_framework\\generics.py\", line 243, in get", "    return self.list(request, *args, **kwargs)", "  File \"C:\\Users\\Rahul\\AppData\\Local\\Programs\\Python\\Python310\\lib\\site-packages\\rest_framework\\mixins.py\", line 40, in list", "    page = self.paginate_queryset(queryset)", "  File \"C:\\Users\\Rahul\\AppData\\Local\\Programs\\Python\\Python310\\lib\\site-packages\\rest_framework\\generics.py\", line 175, in paginate_queryset", "    return self.paginator.paginate_queryset(queryset, self.request, view=self)", "  File \"C:\\Users\\Rahul\\AppData\\Local\\Programs\\Python\\Python310\\lib\\site-packages\\rest_framework\\pagination.py\", line 222, in paginate_queryset", "    return list(self.page)", "  File \"C:\\Users\\Rahul\\AppData\\Local\\Programs\\Python\\Python310\\lib\\site-packages\\django\\core\\paginator.py\", line 191, in __len__", "    return len(self.object_list)", "  File \"C:\\Users\\Rahul\\AppData\\Local\\Programs\\Python\\Python310\\lib\\site-packages\\django\\db\\models\\query.py\", line 366, in __len__", "    self._fetch_all()", "  File \"C:\\Users\\Rahul\\AppData\\Local\\Programs\\Python\\Python310\\lib\\site-packages\\django\\db\\models\\query.py\", line 1949, in _fetch_all", "    self._result_cache = list(self._iterable_class(self))", "  File \"C:\\Users\\Rahul\\AppData\\Local\\Programs\\Python\\Python310\\lib\\site-packages\\django\\db\\models\\query.py\", line 91, in __iter__", "    results = compiler.execute_sql(", "  File \"C:\\Users\\Rahul\\AppData\\Local\\Programs\\Python\\Python310\\lib\\site-packages\\django\\db\\models\\sql\\compiler.py\", line 1610, in execute_sql", "    sql, params = self.as_sql()", "  File \"C:\\Users\\Rahul\\AppData\\Local\\Programs\\Python\\Python310\\lib\\site-packages\\django\\db\\models\\sql\\compiler.py\", line 766, in as_sql", "    extra_select, order_by, group_by = self.pre_sql_setup(", "  File \"C:\\Users\\Rahul\\AppData\\Local\\Programs\\Python\\Python310\\lib\\site-packages\\django\\db\\models\\sql\\compiler.py\", line 85, in pre_sql_setup", "    self.setup_query(with_col_aliases=with_col_aliases)", "  File \"C:\\Users\\Rahul\\AppData\\Local\\Programs\\Python\\Python310\\lib\\site-packages\\django\\db\\models\\sql\\compiler.py\", line 74, in setup_query", "    self.select, self.klass_info, self.annotation_col_map = self.get_select(", "  File \"C:\\Users\\Rahul\\AppData\\Local\\Programs\\Python\\Python310\\lib\\site-packages\\django\\db\\models\\sql\\compiler.py\", line 299, in get_select", "    related_klass_infos = self.get_related_selections(select, select_mask)", "  File \"C:\\Users\\Rahul\\AppData\\Local\\Programs\\Python\\Python310\\lib\\site-packages\\django\\db\\models\\sql\\compiler.py\", line 1396, in get_related_selections", "    raise FieldError(", "django.core.exceptions.FieldError: Invalid field name(s) given in select_related: 'guardian'. Choices are: school", ""]}, "request": {"method": "GET", "path": "/api/athletes/", "ip": "127.0.0.1", "userAgent": "Mozilla/5.0 (Windows NT 10.0; Win64; x64; rv:142.0) Gecko/20100101 Firefox/142.0", "requestId": "d4f0650c-05aa-4802-8b4c-896cc31afe13", "userId": 3}, "response": {"statusCode": 500}, "context": {"view": "AthleteListCreateView", "viewMethod": null}, "meta": {"service": "athletiq-django", "environment": "development"}}
{"level": "error", "message": "Exception: FieldError", "timestamp": "2025-08-22T18:51:28.000Z", "error": {"name": "FieldError", "message": "Invalid field name(s) given in select_related: 'guardian'. Choices are: school", "stack": ["Traceback (most recent call last):", "  File \"C:\\Users\\Rahul\\AppData\\Local\\Programs\\Python\\Python310\\lib\\site-packages\\rest_framework\\views.py\", line 512, in dispatch", "    response = handler(request, *args, **kwargs)", "  File \"C:\\Users\\Rahul\\AppData\\Local\\Programs\\Python\\Python310\\lib\\site-packages\\rest_framework\\generics.py\", line 243, in get", "    return self.list(request, *args, **kwargs)", "  File \"C:\\Users\\Rahul\\AppData\\Local\\Programs\\Python\\Python310\\lib\\site-packages\\rest_framework\\mixins.py\", line 40, in list", "    page = self.paginate_queryset(queryset)", "  File \"C:\\Users\\Rahul\\AppData\\Local\\Programs\\Python\\Python310\\lib\\site-packages\\rest_framework\\generics.py\", line 175, in paginate_queryset", "    return self.paginator.paginate_queryset(queryset, self.request, view=self)", "  File \"C:\\Users\\Rahul\\AppData\\Local\\Programs\\Python\\Python310\\lib\\site-packages\\rest_framework\\pagination.py\", line 222, in paginate_queryset", "    return list(self.page)", "  File \"C:\\Users\\Rahul\\AppData\\Local\\Programs\\Python\\Python310\\lib\\site-packages\\django\\core\\paginator.py\", line 191, in __len__", "    return len(self.object_list)", "  File \"C:\\Users\\Rahul\\AppData\\Local\\Programs\\Python\\Python310\\lib\\site-packages\\django\\db\\models\\query.py\", line 366, in __len__", "    self._fetch_all()", "  File \"C:\\Users\\Rahul\\AppData\\Local\\Programs\\Python\\Python310\\lib\\site-packages\\django\\db\\models\\query.py\", line 1949, in _fetch_all", "    self._result_cache = list(self._iterable_class(self))", "  File \"C:\\Users\\Rahul\\AppData\\Local\\Programs\\Python\\Python310\\lib\\site-packages\\django\\db\\models\\query.py\", line 91, in __iter__", "    results = compiler.execute_sql(", "  File \"C:\\Users\\Rahul\\AppData\\Local\\Programs\\Python\\Python310\\lib\\site-packages\\django\\db\\models\\sql\\compiler.py\", line 1610, in execute_sql", "    sql, params = self.as_sql()", "  File \"C:\\Users\\Rahul\\AppData\\Local\\Programs\\Python\\Python310\\lib\\site-packages\\django\\db\\models\\sql\\compiler.py\", line 766, in as_sql", "    extra_select, order_by, group_by = self.pre_sql_setup(", "  File \"C:\\Users\\Rahul\\AppData\\Local\\Programs\\Python\\Python310\\lib\\site-packages\\django\\db\\models\\sql\\compiler.py\", line 85, in pre_sql_setup", "    self.setup_query(with_col_aliases=with_col_aliases)", "  File \"C:\\Users\\Rahul\\AppData\\Local\\Programs\\Python\\Python310\\lib\\site-packages\\django\\db\\models\\sql\\compiler.py\", line 74, in setup_query", "    self.select, self.klass_info, self.annotation_col_map = self.get_select(", "  File \"C:\\Users\\Rahul\\AppData\\Local\\Programs\\Python\\Python310\\lib\\site-packages\\django\\db\\models\\sql\\compiler.py\", line 299, in get_select", "    related_klass_infos = self.get_related_selections(select, select_mask)", "  File \"C:\\Users\\Rahul\\AppData\\Local\\Programs\\Python\\Python310\\lib\\site-packages\\django\\db\\models\\sql\\compiler.py\", line 1396, in get_related_selections", "    raise FieldError(", "django.core.exceptions.FieldError: Invalid field name(s) given in select_related: 'guardian'. Choices are: school", ""]}, "request": {"method": "GET", "path": "/api/athletes/", "ip": "127.0.0.1", "userAgent": "Mozilla/5.0 (Windows NT 10.0; Win64; x64; rv:142.0) Gecko/20100101 Firefox/142.0", "requestId": "b592b194-834f-4630-a71e-c2bea4db8259", "userId": 3}, "response": {"statusCode": 500}, "context": {"view": "AthleteListCreateView", "viewMethod": null}, "meta": {"service": "athletiq-django", "environment": "development"}}
Internal Server Error: /api/athletes/
Internal Server Error: /api/athletes/
{"level": "error", "message": "Exception: FieldError", "timestamp": "2025-08-22T18:52:21.000Z", "error": {"name": "FieldError", "message": "Invalid field name(s) given in select_related: 'guardian'. Choices are: school", "stack": ["Traceback (most recent call last):", "  File \"C:\\Users\\Rahul\\AppData\\Local\\Programs\\Python\\Python310\\lib\\site-packages\\rest_framework\\views.py\", line 512, in dispatch", "    response = handler(request, *args, **kwargs)", "  File \"C:\\Users\\Rahul\\AppData\\Local\\Programs\\Python\\Python310\\lib\\site-packages\\rest_framework\\generics.py\", line 243, in get", "    return self.list(request, *args, **kwargs)", "  File \"C:\\Users\\Rahul\\AppData\\Local\\Programs\\Python\\Python310\\lib\\site-packages\\rest_framework\\mixins.py\", line 40, in list", "    page = self.paginate_queryset(queryset)", "  File \"C:\\Users\\Rahul\\AppData\\Local\\Programs\\Python\\Python310\\lib\\site-packages\\rest_framework\\generics.py\", line 175, in paginate_queryset", "    return self.paginator.paginate_queryset(queryset, self.request, view=self)", "  File \"C:\\Users\\Rahul\\AppData\\Local\\Programs\\Python\\Python310\\lib\\site-packages\\rest_framework\\pagination.py\", line 222, in paginate_queryset", "    return list(self.page)", "  File \"C:\\Users\\Rahul\\AppData\\Local\\Programs\\Python\\Python310\\lib\\site-packages\\django\\core\\paginator.py\", line 191, in __len__", "    return len(self.object_list)", "  File \"C:\\Users\\Rahul\\AppData\\Local\\Programs\\Python\\Python310\\lib\\site-packages\\django\\db\\models\\query.py\", line 366, in __len__", "    self._fetch_all()", "  File \"C:\\Users\\Rahul\\AppData\\Local\\Programs\\Python\\Python310\\lib\\site-packages\\django\\db\\models\\query.py\", line 1949, in _fetch_all", "    self._result_cache = list(self._iterable_class(self))", "  File \"C:\\Users\\Rahul\\AppData\\Local\\Programs\\Python\\Python310\\lib\\site-packages\\django\\db\\models\\query.py\", line 91, in __iter__", "    results = compiler.execute_sql(", "  File \"C:\\Users\\Rahul\\AppData\\Local\\Programs\\Python\\Python310\\lib\\site-packages\\django\\db\\models\\sql\\compiler.py\", line 1610, in execute_sql", "    sql, params = self.as_sql()", "  File \"C:\\Users\\Rahul\\AppData\\Local\\Programs\\Python\\Python310\\lib\\site-packages\\django\\db\\models\\sql\\compiler.py\", line 766, in as_sql", "    extra_select, order_by, group_by = self.pre_sql_setup(", "  File \"C:\\Users\\Rahul\\AppData\\Local\\Programs\\Python\\Python310\\lib\\site-packages\\django\\db\\models\\sql\\compiler.py\", line 85, in pre_sql_setup", "    self.setup_query(with_col_aliases=with_col_aliases)", "  File \"C:\\Users\\Rahul\\AppData\\Local\\Programs\\Python\\Python310\\lib\\site-packages\\django\\db\\models\\sql\\compiler.py\", line 74, in setup_query", "    self.select, self.klass_info, self.annotation_col_map = self.get_select(", "  File \"C:\\Users\\Rahul\\AppData\\Local\\Programs\\Python\\Python310\\lib\\site-packages\\django\\db\\models\\sql\\compiler.py\", line 299, in get_select", "    related_klass_infos = self.get_related_selections(select, select_mask)", "  File \"C:\\Users\\Rahul\\AppData\\Local\\Programs\\Python\\Python310\\lib\\site-packages\\django\\db\\models\\sql\\compiler.py\", line 1396, in get_related_selections", "    raise FieldError(", "django.core.exceptions.FieldError: Invalid field name(s) given in select_related: 'guardian'. Choices are: school", ""]}, "request": {"method": "GET", "path": "/api/athletes/", "ip": "127.0.0.1", "userAgent": "Mozilla/5.0 (Windows NT 10.0; Win64; x64; rv:142.0) Gecko/20100101 Firefox/142.0", "requestId": "d80d6806-4271-450a-9506-11a13632104d", "userId": 3}, "response": {"statusCode": 500}, "context": {"view": "AthleteListCreateView", "viewMethod": null}, "meta": {"service": "athletiq-django", "environment": "development"}}
{"level": "error", "message": "Exception: FieldError", "timestamp": "2025-08-22T18:52:21.000Z", "error": {"name": "FieldError", "message": "Invalid field name(s) given in select_related: 'guardian'. Choices are: school", "stack": ["Traceback (most recent call last):", "  File \"C:\\Users\\Rahul\\AppData\\Local\\Programs\\Python\\Python310\\lib\\site-packages\\rest_framework\\views.py\", line 512, in dispatch", "    response = handler(request, *args, **kwargs)", "  File \"C:\\Users\\Rahul\\AppData\\Local\\Programs\\Python\\Python310\\lib\\site-packages\\rest_framework\\generics.py\", line 243, in get", "    return self.list(request, *args, **kwargs)", "  File \"C:\\Users\\Rahul\\AppData\\Local\\Programs\\Python\\Python310\\lib\\site-packages\\rest_framework\\mixins.py\", line 40, in list", "    page = self.paginate_queryset(queryset)", "  File \"C:\\Users\\Rahul\\AppData\\Local\\Programs\\Python\\Python310\\lib\\site-packages\\rest_framework\\generics.py\", line 175, in paginate_queryset", "    return self.paginator.paginate_queryset(queryset, self.request, view=self)", "  File \"C:\\Users\\Rahul\\AppData\\Local\\Programs\\Python\\Python310\\lib\\site-packages\\rest_framework\\pagination.py\", line 222, in paginate_queryset", "    return list(self.page)", "  File \"C:\\Users\\Rahul\\AppData\\Local\\Programs\\Python\\Python310\\lib\\site-packages\\django\\core\\paginator.py\", line 191, in __len__", "    return len(self.object_list)", "  File \"C:\\Users\\Rahul\\AppData\\Local\\Programs\\Python\\Python310\\lib\\site-packages\\django\\db\\models\\query.py\", line 366, in __len__", "    self._fetch_all()", "  File \"C:\\Users\\Rahul\\AppData\\Local\\Programs\\Python\\Python310\\lib\\site-packages\\django\\db\\models\\query.py\", line 1949, in _fetch_all", "    self._result_cache = list(self._iterable_class(self))", "  File \"C:\\Users\\Rahul\\AppData\\Local\\Programs\\Python\\Python310\\lib\\site-packages\\django\\db\\models\\query.py\", line 91, in __iter__", "    results = compiler.execute_sql(", "  File \"C:\\Users\\Rahul\\AppData\\Local\\Programs\\Python\\Python310\\lib\\site-packages\\django\\db\\models\\sql\\compiler.py\", line 1610, in execute_sql", "    sql, params = self.as_sql()", "  File \"C:\\Users\\Rahul\\AppData\\Local\\Programs\\Python\\Python310\\lib\\site-packages\\django\\db\\models\\sql\\compiler.py\", line 766, in as_sql", "    extra_select, order_by, group_by = self.pre_sql_setup(", "  File \"C:\\Users\\Rahul\\AppData\\Local\\Programs\\Python\\Python310\\lib\\site-packages\\django\\db\\models\\sql\\compiler.py\", line 85, in pre_sql_setup", "    self.setup_query(with_col_aliases=with_col_aliases)", "  File \"C:\\Users\\Rahul\\AppData\\Local\\Programs\\Python\\Python310\\lib\\site-packages\\django\\db\\models\\sql\\compiler.py\", line 74, in setup_query", "    self.select, self.klass_info, self.annotation_col_map = self.get_select(", "  File \"C:\\Users\\Rahul\\AppData\\Local\\Programs\\Python\\Python310\\lib\\site-packages\\django\\db\\models\\sql\\compiler.py\", line 299, in get_select", "    related_klass_infos = self.get_related_selections(select, select_mask)", "  File \"C:\\Users\\Rahul\\AppData\\Local\\Programs\\Python\\Python310\\lib\\site-packages\\django\\db\\models\\sql\\compiler.py\", line 1396, in get_related_selections", "    raise FieldError(", "django.core.exceptions.FieldError: Invalid field name(s) given in select_related: 'guardian'. Choices are: school", ""]}, "request": {"method": "GET", "path": "/api/athletes/", "ip": "127.0.0.1", "userAgent": "Mozilla/5.0 (Windows NT 10.0; Win64; x64; rv:142.0) Gecko/20100101 Firefox/142.0", "requestId": "93527097-4c9f-445b-833d-19a4e5a6b2ec", "userId": 3}, "response": {"statusCode": 500}, "context": {"view": "AthleteListCreateView", "viewMethod": null}, "meta": {"service": "athletiq-django", "environment": "development"}}
Internal Server Error: /api/athletes/
Internal Server Error: /api/athletes/
{"level": "error", "message": "Exception: FieldError", "timestamp": "2025-08-22T18:52:25.000Z", "error": {"name": "FieldError", "message": "Invalid field name(s) given in select_related: 'guardian'. Choices are: school", "stack": ["Traceback (most recent call last):", "  File \"C:\\Users\\Rahul\\AppData\\Local\\Programs\\Python\\Python310\\lib\\site-packages\\rest_framework\\views.py\", line 512, in dispatch", "    response = handler(request, *args, **kwargs)", "  File \"C:\\Users\\Rahul\\AppData\\Local\\Programs\\Python\\Python310\\lib\\site-packages\\rest_framework\\generics.py\", line 243, in get", "    return self.list(request, *args, **kwargs)", "  File \"C:\\Users\\Rahul\\AppData\\Local\\Programs\\Python\\Python310\\lib\\site-packages\\rest_framework\\mixins.py\", line 40, in list", "    page = self.paginate_queryset(queryset)", "  File \"C:\\Users\\Rahul\\AppData\\Local\\Programs\\Python\\Python310\\lib\\site-packages\\rest_framework\\generics.py\", line 175, in paginate_queryset", "    return self.paginator.paginate_queryset(queryset, self.request, view=self)", "  File \"C:\\Users\\Rahul\\AppData\\Local\\Programs\\Python\\Python310\\lib\\site-packages\\rest_framework\\pagination.py\", line 222, in paginate_queryset", "    return list(self.page)", "  File \"C:\\Users\\Rahul\\AppData\\Local\\Programs\\Python\\Python310\\lib\\site-packages\\django\\core\\paginator.py\", line 191, in __len__", "    return len(self.object_list)", "  File \"C:\\Users\\Rahul\\AppData\\Local\\Programs\\Python\\Python310\\lib\\site-packages\\django\\db\\models\\query.py\", line 366, in __len__", "    self._fetch_all()", "  File \"C:\\Users\\Rahul\\AppData\\Local\\Programs\\Python\\Python310\\lib\\site-packages\\django\\db\\models\\query.py\", line 1949, in _fetch_all", "    self._result_cache = list(self._iterable_class(self))", "  File \"C:\\Users\\Rahul\\AppData\\Local\\Programs\\Python\\Python310\\lib\\site-packages\\django\\db\\models\\query.py\", line 91, in __iter__", "    results = compiler.execute_sql(", "  File \"C:\\Users\\Rahul\\AppData\\Local\\Programs\\Python\\Python310\\lib\\site-packages\\django\\db\\models\\sql\\compiler.py\", line 1610, in execute_sql", "    sql, params = self.as_sql()", "  File \"C:\\Users\\Rahul\\AppData\\Local\\Programs\\Python\\Python310\\lib\\site-packages\\django\\db\\models\\sql\\compiler.py\", line 766, in as_sql", "    extra_select, order_by, group_by = self.pre_sql_setup(", "  File \"C:\\Users\\Rahul\\AppData\\Local\\Programs\\Python\\Python310\\lib\\site-packages\\django\\db\\models\\sql\\compiler.py\", line 85, in pre_sql_setup", "    self.setup_query(with_col_aliases=with_col_aliases)", "  File \"C:\\Users\\Rahul\\AppData\\Local\\Programs\\Python\\Python310\\lib\\site-packages\\django\\db\\models\\sql\\compiler.py\", line 74, in setup_query", "    self.select, self.klass_info, self.annotation_col_map = self.get_select(", "  File \"C:\\Users\\Rahul\\AppData\\Local\\Programs\\Python\\Python310\\lib\\site-packages\\django\\db\\models\\sql\\compiler.py\", line 299, in get_select", "    related_klass_infos = self.get_related_selections(select, select_mask)", "  File \"C:\\Users\\Rahul\\AppData\\Local\\Programs\\Python\\Python310\\lib\\site-packages\\django\\db\\models\\sql\\compiler.py\", line 1396, in get_related_selections", "    raise FieldError(", "django.core.exceptions.FieldError: Invalid field name(s) given in select_related: 'guardian'. Choices are: school", ""]}, "request": {"method": "GET", "path": "/api/athletes/", "ip": "127.0.0.1", "userAgent": "Mozilla/5.0 (Windows NT 10.0; Win64; x64; rv:142.0) Gecko/20100101 Firefox/142.0", "requestId": "e3f60741-54a0-40ad-ac42-b396dc7d84ed", "userId": 3}, "response": {"statusCode": 500}, "context": {"view": "AthleteListCreateView", "viewMethod": null}, "meta": {"service": "athletiq-django", "environment": "development"}}
Internal Server Error: /api/athletes/
{"level": "error", "message": "Exception: FieldError", "timestamp": "2025-08-22T18:53:10.000Z", "error": {"name": "FieldError", "message": "Invalid field name(s) given in select_related: 'guardian'. Choices are: school", "stack": ["Traceback (most recent call last):", "  File \"C:\\Users\\Rahul\\AppData\\Local\\Programs\\Python\\Python310\\lib\\site-packages\\rest_framework\\views.py\", line 512, in dispatch", "    response = handler(request, *args, **kwargs)", "  File \"C:\\Users\\Rahul\\AppData\\Local\\Programs\\Python\\Python310\\lib\\site-packages\\rest_framework\\generics.py\", line 243, in get", "    return self.list(request, *args, **kwargs)", "  File \"C:\\Users\\Rahul\\AppData\\Local\\Programs\\Python\\Python310\\lib\\site-packages\\rest_framework\\mixins.py\", line 40, in list", "    page = self.paginate_queryset(queryset)", "  File \"C:\\Users\\Rahul\\AppData\\Local\\Programs\\Python\\Python310\\lib\\site-packages\\rest_framework\\generics.py\", line 175, in paginate_queryset", "    return self.paginator.paginate_queryset(queryset, self.request, view=self)", "  File \"C:\\Users\\Rahul\\AppData\\Local\\Programs\\Python\\Python310\\lib\\site-packages\\rest_framework\\pagination.py\", line 222, in paginate_queryset", "    return list(self.page)", "  File \"C:\\Users\\Rahul\\AppData\\Local\\Programs\\Python\\Python310\\lib\\site-packages\\django\\core\\paginator.py\", line 191, in __len__", "    return len(self.object_list)", "  File \"C:\\Users\\Rahul\\AppData\\Local\\Programs\\Python\\Python310\\lib\\site-packages\\django\\db\\models\\query.py\", line 366, in __len__", "    self._fetch_all()", "  File \"C:\\Users\\Rahul\\AppData\\Local\\Programs\\Python\\Python310\\lib\\site-packages\\django\\db\\models\\query.py\", line 1949, in _fetch_all", "    self._result_cache = list(self._iterable_class(self))", "  File \"C:\\Users\\Rahul\\AppData\\Local\\Programs\\Python\\Python310\\lib\\site-packages\\django\\db\\models\\query.py\", line 91, in __iter__", "    results = compiler.execute_sql(", "  File \"C:\\Users\\Rahul\\AppData\\Local\\Programs\\Python\\Python310\\lib\\site-packages\\django\\db\\models\\sql\\compiler.py\", line 1610, in execute_sql", "    sql, params = self.as_sql()", "  File \"C:\\Users\\Rahul\\AppData\\Local\\Programs\\Python\\Python310\\lib\\site-packages\\django\\db\\models\\sql\\compiler.py\", line 766, in as_sql", "    extra_select, order_by, group_by = self.pre_sql_setup(", "  File \"C:\\Users\\Rahul\\AppData\\Local\\Programs\\Python\\Python310\\lib\\site-packages\\django\\db\\models\\sql\\compiler.py\", line 85, in pre_sql_setup", "    self.setup_query(with_col_aliases=with_col_aliases)", "  File \"C:\\Users\\Rahul\\AppData\\Local\\Programs\\Python\\Python310\\lib\\site-packages\\django\\db\\models\\sql\\compiler.py\", line 74, in setup_query", "    self.select, self.klass_info, self.annotation_col_map = self.get_select(", "  File \"C:\\Users\\Rahul\\AppData\\Local\\Programs\\Python\\Python310\\lib\\site-packages\\django\\db\\models\\sql\\compiler.py\", line 299, in get_select", "    related_klass_infos = self.get_related_selections(select, select_mask)", "  File \"C:\\Users\\Rahul\\AppData\\Local\\Programs\\Python\\Python310\\lib\\site-packages\\django\\db\\models\\sql\\compiler.py\", line 1396, in get_related_selections", "    raise FieldError(", "django.core.exceptions.FieldError: Invalid field name(s) given in select_related: 'guardian'. Choices are: school", ""]}, "request": {"method": "GET", "path": "/api/athletes/", "ip": "127.0.0.1", "userAgent": "Mozilla/5.0 (Windows NT 10.0; Win64; x64; rv:142.0) Gecko/20100101 Firefox/142.0", "requestId": "0eb07642-911d-40ab-b1a9-27413d57e5d4", "userId": 3}, "response": {"statusCode": 500}, "context": {"view": "AthleteListCreateView", "viewMethod": null}, "meta": {"service": "athletiq-django", "environment": "development"}}
{"level": "error", "message": "Exception: FieldError", "timestamp": "2025-08-22T18:53:11.000Z", "error": {"name": "FieldError", "message": "Invalid field name(s) given in select_related: 'guardian'. Choices are: school", "stack": ["Traceback (most recent call last):", "  File \"C:\\Users\\Rahul\\AppData\\Local\\Programs\\Python\\Python310\\lib\\site-packages\\rest_framework\\views.py\", line 512, in dispatch", "    response = handler(request, *args, **kwargs)", "  File \"C:\\Users\\Rahul\\AppData\\Local\\Programs\\Python\\Python310\\lib\\site-packages\\rest_framework\\generics.py\", line 243, in get", "    return self.list(request, *args, **kwargs)", "  File \"C:\\Users\\Rahul\\AppData\\Local\\Programs\\Python\\Python310\\lib\\site-packages\\rest_framework\\mixins.py\", line 40, in list", "    page = self.paginate_queryset(queryset)", "  File \"C:\\Users\\Rahul\\AppData\\Local\\Programs\\Python\\Python310\\lib\\site-packages\\rest_framework\\generics.py\", line 175, in paginate_queryset", "    return self.paginator.paginate_queryset(queryset, self.request, view=self)", "  File \"C:\\Users\\Rahul\\AppData\\Local\\Programs\\Python\\Python310\\lib\\site-packages\\rest_framework\\pagination.py\", line 222, in paginate_queryset", "    return list(self.page)", "  File \"C:\\Users\\Rahul\\AppData\\Local\\Programs\\Python\\Python310\\lib\\site-packages\\django\\core\\paginator.py\", line 191, in __len__", "    return len(self.object_list)", "  File \"C:\\Users\\Rahul\\AppData\\Local\\Programs\\Python\\Python310\\lib\\site-packages\\django\\db\\models\\query.py\", line 366, in __len__", "    self._fetch_all()", "  File \"C:\\Users\\Rahul\\AppData\\Local\\Programs\\Python\\Python310\\lib\\site-packages\\django\\db\\models\\query.py\", line 1949, in _fetch_all", "    self._result_cache = list(self._iterable_class(self))", "  File \"C:\\Users\\Rahul\\AppData\\Local\\Programs\\Python\\Python310\\lib\\site-packages\\django\\db\\models\\query.py\", line 91, in __iter__", "    results = compiler.execute_sql(", "  File \"C:\\Users\\Rahul\\AppData\\Local\\Programs\\Python\\Python310\\lib\\site-packages\\django\\db\\models\\sql\\compiler.py\", line 1610, in execute_sql", "    sql, params = self.as_sql()", "  File \"C:\\Users\\Rahul\\AppData\\Local\\Programs\\Python\\Python310\\lib\\site-packages\\django\\db\\models\\sql\\compiler.py\", line 766, in as_sql", "    extra_select, order_by, group_by = self.pre_sql_setup(", "  File \"C:\\Users\\Rahul\\AppData\\Local\\Programs\\Python\\Python310\\lib\\site-packages\\django\\db\\models\\sql\\compiler.py\", line 85, in pre_sql_setup", "    self.setup_query(with_col_aliases=with_col_aliases)", "  File \"C:\\Users\\Rahul\\AppData\\Local\\Programs\\Python\\Python310\\lib\\site-packages\\django\\db\\models\\sql\\compiler.py\", line 74, in setup_query", "    self.select, self.klass_info, self.annotation_col_map = self.get_select(", "  File \"C:\\Users\\Rahul\\AppData\\Local\\Programs\\Python\\Python310\\lib\\site-packages\\django\\db\\models\\sql\\compiler.py\", line 299, in get_select", "    related_klass_infos = self.get_related_selections(select, select_mask)", "  File \"C:\\Users\\Rahul\\AppData\\Local\\Programs\\Python\\Python310\\lib\\site-packages\\django\\db\\models\\sql\\compiler.py\", line 1396, in get_related_selections", "    raise FieldError(", "django.core.exceptions.FieldError: Invalid field name(s) given in select_related: 'guardian'. Choices are: school", ""]}, "request": {"method": "GET", "path": "/api/athletes/", "ip": "127.0.0.1", "userAgent": "Mozilla/5.0 (Windows NT 10.0; Win64; x64; rv:142.0) Gecko/20100101 Firefox/142.0", "requestId": "4a1ac263-6a72-4d74-8524-e80229cf8ba8", "userId": 3}, "response": {"statusCode": 500}, "context": {"view": "AthleteListCreateView", "viewMethod": null}, "meta": {"service": "athletiq-django", "environment": "development"}}
Internal Server Error: /api/athletes/
Internal Server Error: /api/athletes/
{"level": "error", "message": "Exception: FieldError", "timestamp": "2025-08-22T18:53:18.000Z", "error": {"name": "FieldError", "message": "Invalid field name(s) given in select_related: 'guardian'. Choices are: school", "stack": ["Traceback (most recent call last):", "  File \"C:\\Users\\Rahul\\AppData\\Local\\Programs\\Python\\Python310\\lib\\site-packages\\rest_framework\\views.py\", line 512, in dispatch", "    response = handler(request, *args, **kwargs)", "  File \"C:\\Users\\Rahul\\AppData\\Local\\Programs\\Python\\Python310\\lib\\site-packages\\rest_framework\\generics.py\", line 243, in get", "    return self.list(request, *args, **kwargs)", "  File \"C:\\Users\\Rahul\\AppData\\Local\\Programs\\Python\\Python310\\lib\\site-packages\\rest_framework\\mixins.py\", line 40, in list", "    page = self.paginate_queryset(queryset)", "  File \"C:\\Users\\Rahul\\AppData\\Local\\Programs\\Python\\Python310\\lib\\site-packages\\rest_framework\\generics.py\", line 175, in paginate_queryset", "    return self.paginator.paginate_queryset(queryset, self.request, view=self)", "  File \"C:\\Users\\Rahul\\AppData\\Local\\Programs\\Python\\Python310\\lib\\site-packages\\rest_framework\\pagination.py\", line 222, in paginate_queryset", "    return list(self.page)", "  File \"C:\\Users\\Rahul\\AppData\\Local\\Programs\\Python\\Python310\\lib\\site-packages\\django\\core\\paginator.py\", line 191, in __len__", "    return len(self.object_list)", "  File \"C:\\Users\\Rahul\\AppData\\Local\\Programs\\Python\\Python310\\lib\\site-packages\\django\\db\\models\\query.py\", line 366, in __len__", "    self._fetch_all()", "  File \"C:\\Users\\Rahul\\AppData\\Local\\Programs\\Python\\Python310\\lib\\site-packages\\django\\db\\models\\query.py\", line 1949, in _fetch_all", "    self._result_cache = list(self._iterable_class(self))", "  File \"C:\\Users\\Rahul\\AppData\\Local\\Programs\\Python\\Python310\\lib\\site-packages\\django\\db\\models\\query.py\", line 91, in __iter__", "    results = compiler.execute_sql(", "  File \"C:\\Users\\Rahul\\AppData\\Local\\Programs\\Python\\Python310\\lib\\site-packages\\django\\db\\models\\sql\\compiler.py\", line 1610, in execute_sql", "    sql, params = self.as_sql()", "  File \"C:\\Users\\Rahul\\AppData\\Local\\Programs\\Python\\Python310\\lib\\site-packages\\django\\db\\models\\sql\\compiler.py\", line 766, in as_sql", "    extra_select, order_by, group_by = self.pre_sql_setup(", "  File \"C:\\Users\\Rahul\\AppData\\Local\\Programs\\Python\\Python310\\lib\\site-packages\\django\\db\\models\\sql\\compiler.py\", line 85, in pre_sql_setup", "    self.setup_query(with_col_aliases=with_col_aliases)", "  File \"C:\\Users\\Rahul\\AppData\\Local\\Programs\\Python\\Python310\\lib\\site-packages\\django\\db\\models\\sql\\compiler.py\", line 74, in setup_query", "    self.select, self.klass_info, self.annotation_col_map = self.get_select(", "  File \"C:\\Users\\Rahul\\AppData\\Local\\Programs\\Python\\Python310\\lib\\site-packages\\django\\db\\models\\sql\\compiler.py\", line 299, in get_select", "    related_klass_infos = self.get_related_selections(select, select_mask)", "  File \"C:\\Users\\Rahul\\AppData\\Local\\Programs\\Python\\Python310\\lib\\site-packages\\django\\db\\models\\sql\\compiler.py\", line 1396, in get_related_selections", "    raise FieldError(", "django.core.exceptions.FieldError: Invalid field name(s) given in select_related: 'guardian'. Choices are: school", ""]}, "request": {"method": "GET", "path": "/api/athletes/", "ip": "127.0.0.1", "userAgent": "Mozilla/5.0 (Windows NT 10.0; Win64; x64; rv:142.0) Gecko/20100101 Firefox/142.0", "requestId": "b017dcf5-55b7-4c0e-a641-75223a083c8a", "userId": 3}, "response": {"statusCode": 500}, "context": {"view": "AthleteListCreateView", "viewMethod": null}, "meta": {"service": "athletiq-django", "environment": "development"}}
Internal Server Error: /api/athletes/
{"level": "error", "message": "Exception: FieldError", "timestamp": "2025-08-22T18:55:58.000Z", "error": {"name": "FieldError", "message": "Invalid field name(s) given in select_related: 'guardian'. Choices are: school", "stack": ["Traceback (most recent call last):", "  File \"C:\\Users\\Rahul\\AppData\\Local\\Programs\\Python\\Python310\\lib\\site-packages\\rest_framework\\views.py\", line 512, in dispatch", "    response = handler(request, *args, **kwargs)", "  File \"C:\\Users\\Rahul\\AppData\\Local\\Programs\\Python\\Python310\\lib\\site-packages\\rest_framework\\generics.py\", line 243, in get", "    return self.list(request, *args, **kwargs)", "  File \"C:\\Users\\Rahul\\AppData\\Local\\Programs\\Python\\Python310\\lib\\site-packages\\rest_framework\\mixins.py\", line 40, in list", "    page = self.paginate_queryset(queryset)", "  File \"C:\\Users\\Rahul\\AppData\\Local\\Programs\\Python\\Python310\\lib\\site-packages\\rest_framework\\generics.py\", line 175, in paginate_queryset", "    return self.paginator.paginate_queryset(queryset, self.request, view=self)", "  File \"C:\\Users\\Rahul\\AppData\\Local\\Programs\\Python\\Python310\\lib\\site-packages\\rest_framework\\pagination.py\", line 222, in paginate_queryset", "    return list(self.page)", "  File \"C:\\Users\\Rahul\\AppData\\Local\\Programs\\Python\\Python310\\lib\\site-packages\\django\\core\\paginator.py\", line 191, in __len__", "    return len(self.object_list)", "  File \"C:\\Users\\Rahul\\AppData\\Local\\Programs\\Python\\Python310\\lib\\site-packages\\django\\db\\models\\query.py\", line 366, in __len__", "    self._fetch_all()", "  File \"C:\\Users\\Rahul\\AppData\\Local\\Programs\\Python\\Python310\\lib\\site-packages\\django\\db\\models\\query.py\", line 1949, in _fetch_all", "    self._result_cache = list(self._iterable_class(self))", "  File \"C:\\Users\\Rahul\\AppData\\Local\\Programs\\Python\\Python310\\lib\\site-packages\\django\\db\\models\\query.py\", line 91, in __iter__", "    results = compiler.execute_sql(", "  File \"C:\\Users\\Rahul\\AppData\\Local\\Programs\\Python\\Python310\\lib\\site-packages\\django\\db\\models\\sql\\compiler.py\", line 1610, in execute_sql", "    sql, params = self.as_sql()", "  File \"C:\\Users\\Rahul\\AppData\\Local\\Programs\\Python\\Python310\\lib\\site-packages\\django\\db\\models\\sql\\compiler.py\", line 766, in as_sql", "    extra_select, order_by, group_by = self.pre_sql_setup(", "  File \"C:\\Users\\Rahul\\AppData\\Local\\Programs\\Python\\Python310\\lib\\site-packages\\django\\db\\models\\sql\\compiler.py\", line 85, in pre_sql_setup", "    self.setup_query(with_col_aliases=with_col_aliases)", "  File \"C:\\Users\\Rahul\\AppData\\Local\\Programs\\Python\\Python310\\lib\\site-packages\\django\\db\\models\\sql\\compiler.py\", line 74, in setup_query", "    self.select, self.klass_info, self.annotation_col_map = self.get_select(", "  File \"C:\\Users\\Rahul\\AppData\\Local\\Programs\\Python\\Python310\\lib\\site-packages\\django\\db\\models\\sql\\compiler.py\", line 299, in get_select", "    related_klass_infos = self.get_related_selections(select, select_mask)", "  File \"C:\\Users\\Rahul\\AppData\\Local\\Programs\\Python\\Python310\\lib\\site-packages\\django\\db\\models\\sql\\compiler.py\", line 1396, in get_related_selections", "    raise FieldError(", "django.core.exceptions.FieldError: Invalid field name(s) given in select_related: 'guardian'. Choices are: school", ""]}, "request": {"method": "GET", "path": "/api/athletes/", "ip": "127.0.0.1", "userAgent": "Mozilla/5.0 (Windows NT 10.0; Win64; x64; rv:142.0) Gecko/20100101 Firefox/142.0", "requestId": "8b9b4ab8-43c1-45b6-a4d7-ecd21e669e8e", "userId": 3}, "response": {"statusCode": 500}, "context": {"view": "AthleteListCreateView", "viewMethod": null}, "meta": {"service": "athletiq-django", "environment": "development"}}
Internal Server Error: /api/athletes/
{"level": "error", "message": "Exception: FieldError", "timestamp": "2025-08-22T18:56:29.000Z", "error": {"name": "FieldError", "message": "Invalid field name(s) given in select_related: 'guardian'. Choices are: school", "stack": ["Traceback (most recent call last):", "  File \"C:\\Users\\Rahul\\AppData\\Local\\Programs\\Python\\Python310\\lib\\site-packages\\rest_framework\\views.py\", line 512, in dispatch", "    response = handler(request, *args, **kwargs)", "  File \"C:\\Users\\Rahul\\AppData\\Local\\Programs\\Python\\Python310\\lib\\site-packages\\rest_framework\\generics.py\", line 243, in get", "    return self.list(request, *args, **kwargs)", "  File \"C:\\Users\\Rahul\\AppData\\Local\\Programs\\Python\\Python310\\lib\\site-packages\\rest_framework\\mixins.py\", line 40, in list", "    page = self.paginate_queryset(queryset)", "  File \"C:\\Users\\Rahul\\AppData\\Local\\Programs\\Python\\Python310\\lib\\site-packages\\rest_framework\\generics.py\", line 175, in paginate_queryset", "    return self.paginator.paginate_queryset(queryset, self.request, view=self)", "  File \"C:\\Users\\Rahul\\AppData\\Local\\Programs\\Python\\Python310\\lib\\site-packages\\rest_framework\\pagination.py\", line 222, in paginate_queryset", "    return list(self.page)", "  File \"C:\\Users\\Rahul\\AppData\\Local\\Programs\\Python\\Python310\\lib\\site-packages\\django\\core\\paginator.py\", line 191, in __len__", "    return len(self.object_list)", "  File \"C:\\Users\\Rahul\\AppData\\Local\\Programs\\Python\\Python310\\lib\\site-packages\\django\\db\\models\\query.py\", line 366, in __len__", "    self._fetch_all()", "  File \"C:\\Users\\Rahul\\AppData\\Local\\Programs\\Python\\Python310\\lib\\site-packages\\django\\db\\models\\query.py\", line 1949, in _fetch_all", "    self._result_cache = list(self._iterable_class(self))", "  File \"C:\\Users\\Rahul\\AppData\\Local\\Programs\\Python\\Python310\\lib\\site-packages\\django\\db\\models\\query.py\", line 91, in __iter__", "    results = compiler.execute_sql(", "  File \"C:\\Users\\Rahul\\AppData\\Local\\Programs\\Python\\Python310\\lib\\site-packages\\django\\db\\models\\sql\\compiler.py\", line 1610, in execute_sql", "    sql, params = self.as_sql()", "  File \"C:\\Users\\Rahul\\AppData\\Local\\Programs\\Python\\Python310\\lib\\site-packages\\django\\db\\models\\sql\\compiler.py\", line 766, in as_sql", "    extra_select, order_by, group_by = self.pre_sql_setup(", "  File \"C:\\Users\\Rahul\\AppData\\Local\\Programs\\Python\\Python310\\lib\\site-packages\\django\\db\\models\\sql\\compiler.py\", line 85, in pre_sql_setup", "    self.setup_query(with_col_aliases=with_col_aliases)", "  File \"C:\\Users\\Rahul\\AppData\\Local\\Programs\\Python\\Python310\\lib\\site-packages\\django\\db\\models\\sql\\compiler.py\", line 74, in setup_query", "    self.select, self.klass_info, self.annotation_col_map = self.get_select(", "  File \"C:\\Users\\Rahul\\AppData\\Local\\Programs\\Python\\Python310\\lib\\site-packages\\django\\db\\models\\sql\\compiler.py\", line 299, in get_select", "    related_klass_infos = self.get_related_selections(select, select_mask)", "  File \"C:\\Users\\Rahul\\AppData\\Local\\Programs\\Python\\Python310\\lib\\site-packages\\django\\db\\models\\sql\\compiler.py\", line 1396, in get_related_selections", "    raise FieldError(", "django.core.exceptions.FieldError: Invalid field name(s) given in select_related: 'guardian'. Choices are: school", ""]}, "request": {"method": "GET", "path": "/api/athletes/", "ip": "127.0.0.1", "userAgent": "Mozilla/5.0 (Windows NT 10.0; Win64; x64; rv:142.0) Gecko/20100101 Firefox/142.0", "requestId": "88389bb5-60ba-433a-b9cb-47923601c389", "userId": 3}, "response": {"statusCode": 500}, "context": {"view": "AthleteListCreateView", "viewMethod": null}, "meta": {"service": "athletiq-django", "environment": "development"}}
Internal Server Error: /api/athletes/
{"level": "error", "message": "Exception: FieldError", "timestamp": "2025-08-22T18:57:37.000Z", "error": {"name": "FieldError", "message": "Invalid field name(s) given in select_related: 'guardian'. Choices are: school", "stack": ["Traceback (most recent call last):", "  File \"C:\\Users\\Rahul\\AppData\\Local\\Programs\\Python\\Python310\\lib\\site-packages\\rest_framework\\views.py\", line 512, in dispatch", "    response = handler(request, *args, **kwargs)", "  File \"C:\\Users\\Rahul\\AppData\\Local\\Programs\\Python\\Python310\\lib\\site-packages\\rest_framework\\generics.py\", line 243, in get", "    return self.list(request, *args, **kwargs)", "  File \"C:\\Users\\Rahul\\AppData\\Local\\Programs\\Python\\Python310\\lib\\site-packages\\rest_framework\\mixins.py\", line 40, in list", "    page = self.paginate_queryset(queryset)", "  File \"C:\\Users\\Rahul\\AppData\\Local\\Programs\\Python\\Python310\\lib\\site-packages\\rest_framework\\generics.py\", line 175, in paginate_queryset", "    return self.paginator.paginate_queryset(queryset, self.request, view=self)", "  File \"C:\\Users\\Rahul\\AppData\\Local\\Programs\\Python\\Python310\\lib\\site-packages\\rest_framework\\pagination.py\", line 222, in paginate_queryset", "    return list(self.page)", "  File \"C:\\Users\\Rahul\\AppData\\Local\\Programs\\Python\\Python310\\lib\\site-packages\\django\\core\\paginator.py\", line 191, in __len__", "    return len(self.object_list)", "  File \"C:\\Users\\Rahul\\AppData\\Local\\Programs\\Python\\Python310\\lib\\site-packages\\django\\db\\models\\query.py\", line 366, in __len__", "    self._fetch_all()", "  File \"C:\\Users\\Rahul\\AppData\\Local\\Programs\\Python\\Python310\\lib\\site-packages\\django\\db\\models\\query.py\", line 1949, in _fetch_all", "    self._result_cache = list(self._iterable_class(self))", "  File \"C:\\Users\\Rahul\\AppData\\Local\\Programs\\Python\\Python310\\lib\\site-packages\\django\\db\\models\\query.py\", line 91, in __iter__", "    results = compiler.execute_sql(", "  File \"C:\\Users\\Rahul\\AppData\\Local\\Programs\\Python\\Python310\\lib\\site-packages\\django\\db\\models\\sql\\compiler.py\", line 1610, in execute_sql", "    sql, params = self.as_sql()", "  File \"C:\\Users\\Rahul\\AppData\\Local\\Programs\\Python\\Python310\\lib\\site-packages\\django\\db\\models\\sql\\compiler.py\", line 766, in as_sql", "    extra_select, order_by, group_by = self.pre_sql_setup(", "  File \"C:\\Users\\Rahul\\AppData\\Local\\Programs\\Python\\Python310\\lib\\site-packages\\django\\db\\models\\sql\\compiler.py\", line 85, in pre_sql_setup", "    self.setup_query(with_col_aliases=with_col_aliases)", "  File \"C:\\Users\\Rahul\\AppData\\Local\\Programs\\Python\\Python310\\lib\\site-packages\\django\\db\\models\\sql\\compiler.py\", line 74, in setup_query", "    self.select, self.klass_info, self.annotation_col_map = self.get_select(", "  File \"C:\\Users\\Rahul\\AppData\\Local\\Programs\\Python\\Python310\\lib\\site-packages\\django\\db\\models\\sql\\compiler.py\", line 299, in get_select", "    related_klass_infos = self.get_related_selections(select, select_mask)", "  File \"C:\\Users\\Rahul\\AppData\\Local\\Programs\\Python\\Python310\\lib\\site-packages\\django\\db\\models\\sql\\compiler.py\", line 1396, in get_related_selections", "    raise FieldError(", "django.core.exceptions.FieldError: Invalid field name(s) given in select_related: 'guardian'. Choices are: school", ""]}, "request": {"method": "GET", "path": "/api/athletes/", "ip": "127.0.0.1", "userAgent": "Mozilla/5.0 (Windows NT 10.0; Win64; x64; rv:142.0) Gecko/20100101 Firefox/142.0", "requestId": "e5a7ffb1-bfd4-4c68-9127-57718010121b", "userId": 3}, "response": {"statusCode": 500}, "context": {"view": "AthleteListCreateView", "viewMethod": null}, "meta": {"service": "athletiq-django", "environment": "development"}}
Internal Server Error: /api/athletes/
{"level": "error", "message": "Exception: FieldError", "timestamp": "2025-08-22T18:58:06.000Z", "error": {"name": "FieldError", "message": "Invalid field name(s) given in select_related: 'guardian'. Choices are: school", "stack": ["Traceback (most recent call last):", "  File \"C:\\Users\\Rahul\\AppData\\Local\\Programs\\Python\\Python310\\lib\\site-packages\\rest_framework\\views.py\", line 512, in dispatch", "    response = handler(request, *args, **kwargs)", "  File \"C:\\Users\\Rahul\\AppData\\Local\\Programs\\Python\\Python310\\lib\\site-packages\\rest_framework\\generics.py\", line 243, in get", "    return self.list(request, *args, **kwargs)", "  File \"C:\\Users\\Rahul\\AppData\\Local\\Programs\\Python\\Python310\\lib\\site-packages\\rest_framework\\mixins.py\", line 40, in list", "    page = self.paginate_queryset(queryset)", "  File \"C:\\Users\\Rahul\\AppData\\Local\\Programs\\Python\\Python310\\lib\\site-packages\\rest_framework\\generics.py\", line 175, in paginate_queryset", "    return self.paginator.paginate_queryset(queryset, self.request, view=self)", "  File \"C:\\Users\\Rahul\\AppData\\Local\\Programs\\Python\\Python310\\lib\\site-packages\\rest_framework\\pagination.py\", line 222, in paginate_queryset", "    return list(self.page)", "  File \"C:\\Users\\Rahul\\AppData\\Local\\Programs\\Python\\Python310\\lib\\site-packages\\django\\core\\paginator.py\", line 191, in __len__", "    return len(self.object_list)", "  File \"C:\\Users\\Rahul\\AppData\\Local\\Programs\\Python\\Python310\\lib\\site-packages\\django\\db\\models\\query.py\", line 366, in __len__", "    self._fetch_all()", "  File \"C:\\Users\\Rahul\\AppData\\Local\\Programs\\Python\\Python310\\lib\\site-packages\\django\\db\\models\\query.py\", line 1949, in _fetch_all", "    self._result_cache = list(self._iterable_class(self))", "  File \"C:\\Users\\Rahul\\AppData\\Local\\Programs\\Python\\Python310\\lib\\site-packages\\django\\db\\models\\query.py\", line 91, in __iter__", "    results = compiler.execute_sql(", "  File \"C:\\Users\\Rahul\\AppData\\Local\\Programs\\Python\\Python310\\lib\\site-packages\\django\\db\\models\\sql\\compiler.py\", line 1610, in execute_sql", "    sql, params = self.as_sql()", "  File \"C:\\Users\\Rahul\\AppData\\Local\\Programs\\Python\\Python310\\lib\\site-packages\\django\\db\\models\\sql\\compiler.py\", line 766, in as_sql", "    extra_select, order_by, group_by = self.pre_sql_setup(", "  File \"C:\\Users\\Rahul\\AppData\\Local\\Programs\\Python\\Python310\\lib\\site-packages\\django\\db\\models\\sql\\compiler.py\", line 85, in pre_sql_setup", "    self.setup_query(with_col_aliases=with_col_aliases)", "  File \"C:\\Users\\Rahul\\AppData\\Local\\Programs\\Python\\Python310\\lib\\site-packages\\django\\db\\models\\sql\\compiler.py\", line 74, in setup_query", "    self.select, self.klass_info, self.annotation_col_map = self.get_select(", "  File \"C:\\Users\\Rahul\\AppData\\Local\\Programs\\Python\\Python310\\lib\\site-packages\\django\\db\\models\\sql\\compiler.py\", line 299, in get_select", "    related_klass_infos = self.get_related_selections(select, select_mask)", "  File \"C:\\Users\\Rahul\\AppData\\Local\\Programs\\Python\\Python310\\lib\\site-packages\\django\\db\\models\\sql\\compiler.py\", line 1396, in get_related_selections", "    raise FieldError(", "django.core.exceptions.FieldError: Invalid field name(s) given in select_related: 'guardian'. Choices are: school", ""]}, "request": {"method": "GET", "path": "/api/athletes/", "ip": "127.0.0.1", "userAgent": "Mozilla/5.0 (Windows NT 10.0; Win64; x64; rv:142.0) Gecko/20100101 Firefox/142.0", "requestId": "76ecb4f6-3ae3-4672-aabf-47a66056d043", "userId": 3}, "response": {"statusCode": 500}, "context": {"view": "AthleteListCreateView", "viewMethod": null}, "meta": {"service": "athletiq-django", "environment": "development"}}
Internal Server Error: /api/athletes/
{"level": "error", "message": "Exception: FieldError", "timestamp": "2025-08-22T18:58:11.000Z", "error": {"name": "FieldError", "message": "Invalid field name(s) given in select_related: 'guardian'. Choices are: school", "stack": ["Traceback (most recent call last):", "  File \"C:\\Users\\Rahul\\AppData\\Local\\Programs\\Python\\Python310\\lib\\site-packages\\rest_framework\\views.py\", line 512, in dispatch", "    response = handler(request, *args, **kwargs)", "  File \"C:\\Users\\Rahul\\AppData\\Local\\Programs\\Python\\Python310\\lib\\site-packages\\rest_framework\\generics.py\", line 243, in get", "    return self.list(request, *args, **kwargs)", "  File \"C:\\Users\\Rahul\\AppData\\Local\\Programs\\Python\\Python310\\lib\\site-packages\\rest_framework\\mixins.py\", line 40, in list", "    page = self.paginate_queryset(queryset)", "  File \"C:\\Users\\Rahul\\AppData\\Local\\Programs\\Python\\Python310\\lib\\site-packages\\rest_framework\\generics.py\", line 175, in paginate_queryset", "    return self.paginator.paginate_queryset(queryset, self.request, view=self)", "  File \"C:\\Users\\Rahul\\AppData\\Local\\Programs\\Python\\Python310\\lib\\site-packages\\rest_framework\\pagination.py\", line 222, in paginate_queryset", "    return list(self.page)", "  File \"C:\\Users\\Rahul\\AppData\\Local\\Programs\\Python\\Python310\\lib\\site-packages\\django\\core\\paginator.py\", line 191, in __len__", "    return len(self.object_list)", "  File \"C:\\Users\\Rahul\\AppData\\Local\\Programs\\Python\\Python310\\lib\\site-packages\\django\\db\\models\\query.py\", line 366, in __len__", "    self._fetch_all()", "  File \"C:\\Users\\Rahul\\AppData\\Local\\Programs\\Python\\Python310\\lib\\site-packages\\django\\db\\models\\query.py\", line 1949, in _fetch_all", "    self._result_cache = list(self._iterable_class(self))", "  File \"C:\\Users\\Rahul\\AppData\\Local\\Programs\\Python\\Python310\\lib\\site-packages\\django\\db\\models\\query.py\", line 91, in __iter__", "    results = compiler.execute_sql(", "  File \"C:\\Users\\Rahul\\AppData\\Local\\Programs\\Python\\Python310\\lib\\site-packages\\django\\db\\models\\sql\\compiler.py\", line 1610, in execute_sql", "    sql, params = self.as_sql()", "  File \"C:\\Users\\Rahul\\AppData\\Local\\Programs\\Python\\Python310\\lib\\site-packages\\django\\db\\models\\sql\\compiler.py\", line 766, in as_sql", "    extra_select, order_by, group_by = self.pre_sql_setup(", "  File \"C:\\Users\\Rahul\\AppData\\Local\\Programs\\Python\\Python310\\lib\\site-packages\\django\\db\\models\\sql\\compiler.py\", line 85, in pre_sql_setup", "    self.setup_query(with_col_aliases=with_col_aliases)", "  File \"C:\\Users\\Rahul\\AppData\\Local\\Programs\\Python\\Python310\\lib\\site-packages\\django\\db\\models\\sql\\compiler.py\", line 74, in setup_query", "    self.select, self.klass_info, self.annotation_col_map = self.get_select(", "  File \"C:\\Users\\Rahul\\AppData\\Local\\Programs\\Python\\Python310\\lib\\site-packages\\django\\db\\models\\sql\\compiler.py\", line 299, in get_select", "    related_klass_infos = self.get_related_selections(select, select_mask)", "  File \"C:\\Users\\Rahul\\AppData\\Local\\Programs\\Python\\Python310\\lib\\site-packages\\django\\db\\models\\sql\\compiler.py\", line 1396, in get_related_selections", "    raise FieldError(", "django.core.exceptions.FieldError: Invalid field name(s) given in select_related: 'guardian'. Choices are: school", ""]}, "request": {"method": "GET", "path": "/api/athletes/", "ip": "127.0.0.1", "userAgent": "Mozilla/5.0 (Windows NT 10.0; Win64; x64; rv:142.0) Gecko/20100101 Firefox/142.0", "requestId": "dd4ccba6-2d1a-42df-9547-b5cc4d96a580", "userId": 3}, "response": {"statusCode": 500}, "context": {"view": "AthleteListCreateView", "viewMethod": null}, "meta": {"service": "athletiq-django", "environment": "development"}}
Internal Server Error: /api/athletes/
{"level": "error", "message": "Exception: FieldError", "timestamp": "2025-08-22T18:59:02.000Z", "error": {"name": "FieldError", "message": "Invalid field name(s) given in select_related: 'guardian'. Choices are: school", "stack": ["Traceback (most recent call last):", "  File \"C:\\Users\\Rahul\\AppData\\Local\\Programs\\Python\\Python310\\lib\\site-packages\\rest_framework\\views.py\", line 512, in dispatch", "    response = handler(request, *args, **kwargs)", "  File \"C:\\Users\\Rahul\\AppData\\Local\\Programs\\Python\\Python310\\lib\\site-packages\\rest_framework\\generics.py\", line 243, in get", "    return self.list(request, *args, **kwargs)", "  File \"C:\\Users\\Rahul\\AppData\\Local\\Programs\\Python\\Python310\\lib\\site-packages\\rest_framework\\mixins.py\", line 40, in list", "    page = self.paginate_queryset(queryset)", "  File \"C:\\Users\\Rahul\\AppData\\Local\\Programs\\Python\\Python310\\lib\\site-packages\\rest_framework\\generics.py\", line 175, in paginate_queryset", "    return self.paginator.paginate_queryset(queryset, self.request, view=self)", "  File \"C:\\Users\\Rahul\\AppData\\Local\\Programs\\Python\\Python310\\lib\\site-packages\\rest_framework\\pagination.py\", line 222, in paginate_queryset", "    return list(self.page)", "  File \"C:\\Users\\Rahul\\AppData\\Local\\Programs\\Python\\Python310\\lib\\site-packages\\django\\core\\paginator.py\", line 191, in __len__", "    return len(self.object_list)", "  File \"C:\\Users\\Rahul\\AppData\\Local\\Programs\\Python\\Python310\\lib\\site-packages\\django\\db\\models\\query.py\", line 366, in __len__", "    self._fetch_all()", "  File \"C:\\Users\\Rahul\\AppData\\Local\\Programs\\Python\\Python310\\lib\\site-packages\\django\\db\\models\\query.py\", line 1949, in _fetch_all", "    self._result_cache = list(self._iterable_class(self))", "  File \"C:\\Users\\Rahul\\AppData\\Local\\Programs\\Python\\Python310\\lib\\site-packages\\django\\db\\models\\query.py\", line 91, in __iter__", "    results = compiler.execute_sql(", "  File \"C:\\Users\\Rahul\\AppData\\Local\\Programs\\Python\\Python310\\lib\\site-packages\\django\\db\\models\\sql\\compiler.py\", line 1610, in execute_sql", "    sql, params = self.as_sql()", "  File \"C:\\Users\\Rahul\\AppData\\Local\\Programs\\Python\\Python310\\lib\\site-packages\\django\\db\\models\\sql\\compiler.py\", line 766, in as_sql", "    extra_select, order_by, group_by = self.pre_sql_setup(", "  File \"C:\\Users\\Rahul\\AppData\\Local\\Programs\\Python\\Python310\\lib\\site-packages\\django\\db\\models\\sql\\compiler.py\", line 85, in pre_sql_setup", "    self.setup_query(with_col_aliases=with_col_aliases)", "  File \"C:\\Users\\Rahul\\AppData\\Local\\Programs\\Python\\Python310\\lib\\site-packages\\django\\db\\models\\sql\\compiler.py\", line 74, in setup_query", "    self.select, self.klass_info, self.annotation_col_map = self.get_select(", "  File \"C:\\Users\\Rahul\\AppData\\Local\\Programs\\Python\\Python310\\lib\\site-packages\\django\\db\\models\\sql\\compiler.py\", line 299, in get_select", "    related_klass_infos = self.get_related_selections(select, select_mask)", "  File \"C:\\Users\\Rahul\\AppData\\Local\\Programs\\Python\\Python310\\lib\\site-packages\\django\\db\\models\\sql\\compiler.py\", line 1396, in get_related_selections", "    raise FieldError(", "django.core.exceptions.FieldError: Invalid field name(s) given in select_related: 'guardian'. Choices are: school", ""]}, "request": {"method": "GET", "path": "/api/athletes/", "ip": "127.0.0.1", "userAgent": "Mozilla/5.0 (Windows NT 10.0; Win64; x64; rv:142.0) Gecko/20100101 Firefox/142.0", "requestId": "eed308d7-4a1e-45fe-8f92-767437d1ede9", "userId": 3}, "response": {"statusCode": 500}, "context": {"view": "AthleteListCreateView", "viewMethod": null}, "meta": {"service": "athletiq-django", "environment": "development"}}
Internal Server Error: /api/athletes/
{"level": "error", "message": "Exception: FieldError", "timestamp": "2025-08-22T18:59:04.000Z", "error": {"name": "FieldError", "message": "Invalid field name(s) given in select_related: 'guardian'. Choices are: school", "stack": ["Traceback (most recent call last):", "  File \"C:\\Users\\Rahul\\AppData\\Local\\Programs\\Python\\Python310\\lib\\site-packages\\rest_framework\\views.py\", line 512, in dispatch", "    response = handler(request, *args, **kwargs)", "  File \"C:\\Users\\Rahul\\AppData\\Local\\Programs\\Python\\Python310\\lib\\site-packages\\rest_framework\\generics.py\", line 243, in get", "    return self.list(request, *args, **kwargs)", "  File \"C:\\Users\\Rahul\\AppData\\Local\\Programs\\Python\\Python310\\lib\\site-packages\\rest_framework\\mixins.py\", line 40, in list", "    page = self.paginate_queryset(queryset)", "  File \"C:\\Users\\Rahul\\AppData\\Local\\Programs\\Python\\Python310\\lib\\site-packages\\rest_framework\\generics.py\", line 175, in paginate_queryset", "    return self.paginator.paginate_queryset(queryset, self.request, view=self)", "  File \"C:\\Users\\Rahul\\AppData\\Local\\Programs\\Python\\Python310\\lib\\site-packages\\rest_framework\\pagination.py\", line 222, in paginate_queryset", "    return list(self.page)", "  File \"C:\\Users\\Rahul\\AppData\\Local\\Programs\\Python\\Python310\\lib\\site-packages\\django\\core\\paginator.py\", line 191, in __len__", "    return len(self.object_list)", "  File \"C:\\Users\\Rahul\\AppData\\Local\\Programs\\Python\\Python310\\lib\\site-packages\\django\\db\\models\\query.py\", line 366, in __len__", "    self._fetch_all()", "  File \"C:\\Users\\Rahul\\AppData\\Local\\Programs\\Python\\Python310\\lib\\site-packages\\django\\db\\models\\query.py\", line 1949, in _fetch_all", "    self._result_cache = list(self._iterable_class(self))", "  File \"C:\\Users\\Rahul\\AppData\\Local\\Programs\\Python\\Python310\\lib\\site-packages\\django\\db\\models\\query.py\", line 91, in __iter__", "    results = compiler.execute_sql(", "  File \"C:\\Users\\Rahul\\AppData\\Local\\Programs\\Python\\Python310\\lib\\site-packages\\django\\db\\models\\sql\\compiler.py\", line 1610, in execute_sql", "    sql, params = self.as_sql()", "  File \"C:\\Users\\Rahul\\AppData\\Local\\Programs\\Python\\Python310\\lib\\site-packages\\django\\db\\models\\sql\\compiler.py\", line 766, in as_sql", "    extra_select, order_by, group_by = self.pre_sql_setup(", "  File \"C:\\Users\\Rahul\\AppData\\Local\\Programs\\Python\\Python310\\lib\\site-packages\\django\\db\\models\\sql\\compiler.py\", line 85, in pre_sql_setup", "    self.setup_query(with_col_aliases=with_col_aliases)", "  File \"C:\\Users\\Rahul\\AppData\\Local\\Programs\\Python\\Python310\\lib\\site-packages\\django\\db\\models\\sql\\compiler.py\", line 74, in setup_query", "    self.select, self.klass_info, self.annotation_col_map = self.get_select(", "  File \"C:\\Users\\Rahul\\AppData\\Local\\Programs\\Python\\Python310\\lib\\site-packages\\django\\db\\models\\sql\\compiler.py\", line 299, in get_select", "    related_klass_infos = self.get_related_selections(select, select_mask)", "  File \"C:\\Users\\Rahul\\AppData\\Local\\Programs\\Python\\Python310\\lib\\site-packages\\django\\db\\models\\sql\\compiler.py\", line 1396, in get_related_selections", "    raise FieldError(", "django.core.exceptions.FieldError: Invalid field name(s) given in select_related: 'guardian'. Choices are: school", ""]}, "request": {"method": "GET", "path": "/api/athletes/", "ip": "127.0.0.1", "userAgent": "Mozilla/5.0 (Windows NT 10.0; Win64; x64; rv:142.0) Gecko/20100101 Firefox/142.0", "requestId": "d0ab4cb8-33bc-4b32-8a5e-2b9c39a9fc86", "userId": 3}, "response": {"statusCode": 500}, "context": {"view": "AthleteListCreateView", "viewMethod": null}, "meta": {"service": "athletiq-django", "environment": "development"}}
Internal Server Error: /api/athletes/
{"level": "error", "message": "Exception: FieldError", "timestamp": "2025-08-22T19:04:03.000Z", "error": {"name": "FieldError", "message": "Invalid field name(s) given in select_related: 'guardian'. Choices are: school", "stack": ["Traceback (most recent call last):", "  File \"C:\\Users\\Rahul\\AppData\\Local\\Programs\\Python\\Python310\\lib\\site-packages\\rest_framework\\views.py\", line 512, in dispatch", "    response = handler(request, *args, **kwargs)", "  File \"C:\\Users\\Rahul\\AppData\\Local\\Programs\\Python\\Python310\\lib\\site-packages\\rest_framework\\generics.py\", line 243, in get", "    return self.list(request, *args, **kwargs)", "  File \"C:\\Users\\Rahul\\AppData\\Local\\Programs\\Python\\Python310\\lib\\site-packages\\rest_framework\\mixins.py\", line 40, in list", "    page = self.paginate_queryset(queryset)", "  File \"C:\\Users\\Rahul\\AppData\\Local\\Programs\\Python\\Python310\\lib\\site-packages\\rest_framework\\generics.py\", line 175, in paginate_queryset", "    return self.paginator.paginate_queryset(queryset, self.request, view=self)", "  File \"C:\\Users\\Rahul\\AppData\\Local\\Programs\\Python\\Python310\\lib\\site-packages\\rest_framework\\pagination.py\", line 222, in paginate_queryset", "    return list(self.page)", "  File \"C:\\Users\\Rahul\\AppData\\Local\\Programs\\Python\\Python310\\lib\\site-packages\\django\\core\\paginator.py\", line 191, in __len__", "    return len(self.object_list)", "  File \"C:\\Users\\Rahul\\AppData\\Local\\Programs\\Python\\Python310\\lib\\site-packages\\django\\db\\models\\query.py\", line 366, in __len__", "    self._fetch_all()", "  File \"C:\\Users\\Rahul\\AppData\\Local\\Programs\\Python\\Python310\\lib\\site-packages\\django\\db\\models\\query.py\", line 1949, in _fetch_all", "    self._result_cache = list(self._iterable_class(self))", "  File \"C:\\Users\\Rahul\\AppData\\Local\\Programs\\Python\\Python310\\lib\\site-packages\\django\\db\\models\\query.py\", line 91, in __iter__", "    results = compiler.execute_sql(", "  File \"C:\\Users\\Rahul\\AppData\\Local\\Programs\\Python\\Python310\\lib\\site-packages\\django\\db\\models\\sql\\compiler.py\", line 1610, in execute_sql", "    sql, params = self.as_sql()", "  File \"C:\\Users\\Rahul\\AppData\\Local\\Programs\\Python\\Python310\\lib\\site-packages\\django\\db\\models\\sql\\compiler.py\", line 766, in as_sql", "    extra_select, order_by, group_by = self.pre_sql_setup(", "  File \"C:\\Users\\Rahul\\AppData\\Local\\Programs\\Python\\Python310\\lib\\site-packages\\django\\db\\models\\sql\\compiler.py\", line 85, in pre_sql_setup", "    self.setup_query(with_col_aliases=with_col_aliases)", "  File \"C:\\Users\\Rahul\\AppData\\Local\\Programs\\Python\\Python310\\lib\\site-packages\\django\\db\\models\\sql\\compiler.py\", line 74, in setup_query", "    self.select, self.klass_info, self.annotation_col_map = self.get_select(", "  File \"C:\\Users\\Rahul\\AppData\\Local\\Programs\\Python\\Python310\\lib\\site-packages\\django\\db\\models\\sql\\compiler.py\", line 299, in get_select", "    related_klass_infos = self.get_related_selections(select, select_mask)", "  File \"C:\\Users\\Rahul\\AppData\\Local\\Programs\\Python\\Python310\\lib\\site-packages\\django\\db\\models\\sql\\compiler.py\", line 1396, in get_related_selections", "    raise FieldError(", "django.core.exceptions.FieldError: Invalid field name(s) given in select_related: 'guardian'. Choices are: school", ""]}, "request": {"method": "GET", "path": "/api/athletes/", "ip": "127.0.0.1", "userAgent": "Mozilla/5.0 (Windows NT 10.0; Win64; x64; rv:142.0) Gecko/20100101 Firefox/142.0", "requestId": "cb2fa46b-1b3c-436c-aae3-4a1fc0fda7ef", "userId": 3}, "response": {"statusCode": 500}, "context": {"view": "AthleteListCreateView", "viewMethod": null}, "meta": {"service": "athletiq-django", "environment": "development"}}
Internal Server Error: /api/athletes/
{"level": "error", "message": "Exception: FieldError", "timestamp": "2025-08-22T19:05:26.000Z", "error": {"name": "FieldError", "message": "Invalid field name(s) given in select_related: 'guardian'. Choices are: school", "stack": ["Traceback (most recent call last):", "  File \"C:\\Users\\Rahul\\AppData\\Local\\Programs\\Python\\Python310\\lib\\site-packages\\rest_framework\\views.py\", line 512, in dispatch", "    response = handler(request, *args, **kwargs)", "  File \"C:\\Users\\Rahul\\AppData\\Local\\Programs\\Python\\Python310\\lib\\site-packages\\rest_framework\\generics.py\", line 243, in get", "    return self.list(request, *args, **kwargs)", "  File \"C:\\Users\\Rahul\\AppData\\Local\\Programs\\Python\\Python310\\lib\\site-packages\\rest_framework\\mixins.py\", line 40, in list", "    page = self.paginate_queryset(queryset)", "  File \"C:\\Users\\Rahul\\AppData\\Local\\Programs\\Python\\Python310\\lib\\site-packages\\rest_framework\\generics.py\", line 175, in paginate_queryset", "    return self.paginator.paginate_queryset(queryset, self.request, view=self)", "  File \"C:\\Users\\Rahul\\AppData\\Local\\Programs\\Python\\Python310\\lib\\site-packages\\rest_framework\\pagination.py\", line 222, in paginate_queryset", "    return list(self.page)", "  File \"C:\\Users\\Rahul\\AppData\\Local\\Programs\\Python\\Python310\\lib\\site-packages\\django\\core\\paginator.py\", line 191, in __len__", "    return len(self.object_list)", "  File \"C:\\Users\\Rahul\\AppData\\Local\\Programs\\Python\\Python310\\lib\\site-packages\\django\\db\\models\\query.py\", line 366, in __len__", "    self._fetch_all()", "  File \"C:\\Users\\Rahul\\AppData\\Local\\Programs\\Python\\Python310\\lib\\site-packages\\django\\db\\models\\query.py\", line 1949, in _fetch_all", "    self._result_cache = list(self._iterable_class(self))", "  File \"C:\\Users\\Rahul\\AppData\\Local\\Programs\\Python\\Python310\\lib\\site-packages\\django\\db\\models\\query.py\", line 91, in __iter__", "    results = compiler.execute_sql(", "  File \"C:\\Users\\Rahul\\AppData\\Local\\Programs\\Python\\Python310\\lib\\site-packages\\django\\db\\models\\sql\\compiler.py\", line 1610, in execute_sql", "    sql, params = self.as_sql()", "  File \"C:\\Users\\Rahul\\AppData\\Local\\Programs\\Python\\Python310\\lib\\site-packages\\django\\db\\models\\sql\\compiler.py\", line 766, in as_sql", "    extra_select, order_by, group_by = self.pre_sql_setup(", "  File \"C:\\Users\\Rahul\\AppData\\Local\\Programs\\Python\\Python310\\lib\\site-packages\\django\\db\\models\\sql\\compiler.py\", line 85, in pre_sql_setup", "    self.setup_query(with_col_aliases=with_col_aliases)", "  File \"C:\\Users\\Rahul\\AppData\\Local\\Programs\\Python\\Python310\\lib\\site-packages\\django\\db\\models\\sql\\compiler.py\", line 74, in setup_query", "    self.select, self.klass_info, self.annotation_col_map = self.get_select(", "  File \"C:\\Users\\Rahul\\AppData\\Local\\Programs\\Python\\Python310\\lib\\site-packages\\django\\db\\models\\sql\\compiler.py\", line 299, in get_select", "    related_klass_infos = self.get_related_selections(select, select_mask)", "  File \"C:\\Users\\Rahul\\AppData\\Local\\Programs\\Python\\Python310\\lib\\site-packages\\django\\db\\models\\sql\\compiler.py\", line 1396, in get_related_selections", "    raise FieldError(", "django.core.exceptions.FieldError: Invalid field name(s) given in select_related: 'guardian'. Choices are: school", ""]}, "request": {"method": "GET", "path": "/api/athletes/", "ip": "127.0.0.1", "userAgent": "Mozilla/5.0 (Windows NT 10.0; Win64; x64; rv:142.0) Gecko/20100101 Firefox/142.0", "requestId": "73eb0b3f-8790-4835-8e47-2a2681e33ca8", "userId": 3}, "response": {"statusCode": 500}, "context": {"view": "AthleteListCreateView", "viewMethod": null}, "meta": {"service": "athletiq-django", "environment": "development"}}
Internal Server Error: /api/athletes/
{"level": "error", "message": "Exception: FieldError", "timestamp": "2025-08-22T19:07:29.000Z", "error": {"name": "FieldError", "message": "Invalid field name(s) given in select_related: 'guardian'. Choices are: school", "stack": ["Traceback (most recent call last):", "  File \"C:\\Users\\Rahul\\AppData\\Local\\Programs\\Python\\Python310\\lib\\site-packages\\rest_framework\\views.py\", line 512, in dispatch", "    response = handler(request, *args, **kwargs)", "  File \"C:\\Users\\Rahul\\AppData\\Local\\Programs\\Python\\Python310\\lib\\site-packages\\rest_framework\\generics.py\", line 243, in get", "    return self.list(request, *args, **kwargs)", "  File \"C:\\Users\\Rahul\\AppData\\Local\\Programs\\Python\\Python310\\lib\\site-packages\\rest_framework\\mixins.py\", line 40, in list", "    page = self.paginate_queryset(queryset)", "  File \"C:\\Users\\Rahul\\AppData\\Local\\Programs\\Python\\Python310\\lib\\site-packages\\rest_framework\\generics.py\", line 175, in paginate_queryset", "    return self.paginator.paginate_queryset(queryset, self.request, view=self)", "  File \"C:\\Users\\Rahul\\AppData\\Local\\Programs\\Python\\Python310\\lib\\site-packages\\rest_framework\\pagination.py\", line 222, in paginate_queryset", "    return list(self.page)", "  File \"C:\\Users\\Rahul\\AppData\\Local\\Programs\\Python\\Python310\\lib\\site-packages\\django\\core\\paginator.py\", line 191, in __len__", "    return len(self.object_list)", "  File \"C:\\Users\\Rahul\\AppData\\Local\\Programs\\Python\\Python310\\lib\\site-packages\\django\\db\\models\\query.py\", line 366, in __len__", "    self._fetch_all()", "  File \"C:\\Users\\Rahul\\AppData\\Local\\Programs\\Python\\Python310\\lib\\site-packages\\django\\db\\models\\query.py\", line 1949, in _fetch_all", "    self._result_cache = list(self._iterable_class(self))", "  File \"C:\\Users\\Rahul\\AppData\\Local\\Programs\\Python\\Python310\\lib\\site-packages\\django\\db\\models\\query.py\", line 91, in __iter__", "    results = compiler.execute_sql(", "  File \"C:\\Users\\Rahul\\AppData\\Local\\Programs\\Python\\Python310\\lib\\site-packages\\django\\db\\models\\sql\\compiler.py\", line 1610, in execute_sql", "    sql, params = self.as_sql()", "  File \"C:\\Users\\Rahul\\AppData\\Local\\Programs\\Python\\Python310\\lib\\site-packages\\django\\db\\models\\sql\\compiler.py\", line 766, in as_sql", "    extra_select, order_by, group_by = self.pre_sql_setup(", "  File \"C:\\Users\\Rahul\\AppData\\Local\\Programs\\Python\\Python310\\lib\\site-packages\\django\\db\\models\\sql\\compiler.py\", line 85, in pre_sql_setup", "    self.setup_query(with_col_aliases=with_col_aliases)", "  File \"C:\\Users\\Rahul\\AppData\\Local\\Programs\\Python\\Python310\\lib\\site-packages\\django\\db\\models\\sql\\compiler.py\", line 74, in setup_query", "    self.select, self.klass_info, self.annotation_col_map = self.get_select(", "  File \"C:\\Users\\Rahul\\AppData\\Local\\Programs\\Python\\Python310\\lib\\site-packages\\django\\db\\models\\sql\\compiler.py\", line 299, in get_select", "    related_klass_infos = self.get_related_selections(select, select_mask)", "  File \"C:\\Users\\Rahul\\AppData\\Local\\Programs\\Python\\Python310\\lib\\site-packages\\django\\db\\models\\sql\\compiler.py\", line 1396, in get_related_selections", "    raise FieldError(", "django.core.exceptions.FieldError: Invalid field name(s) given in select_related: 'guardian'. Choices are: school", ""]}, "request": {"method": "GET", "path": "/api/athletes/", "ip": "127.0.0.1", "userAgent": "Mozilla/5.0 (Windows NT 10.0; Win64; x64; rv:142.0) Gecko/20100101 Firefox/142.0", "requestId": "da21bc5c-1930-40c4-b5fd-4e2cc7839f7d", "userId": 3}, "response": {"statusCode": 500}, "context": {"view": "AthleteListCreateView", "viewMethod": null}, "meta": {"service": "athletiq-django", "environment": "development"}}
{"level": "error", "message": "Exception: FieldError", "timestamp": "2025-08-22T19:07:29.000Z", "error": {"name": "FieldError", "message": "Invalid field name(s) given in select_related: 'guardian'. Choices are: school", "stack": ["Traceback (most recent call last):", "  File \"C:\\Users\\Rahul\\AppData\\Local\\Programs\\Python\\Python310\\lib\\site-packages\\rest_framework\\views.py\", line 512, in dispatch", "    response = handler(request, *args, **kwargs)", "  File \"C:\\Users\\Rahul\\AppData\\Local\\Programs\\Python\\Python310\\lib\\site-packages\\rest_framework\\generics.py\", line 243, in get", "    return self.list(request, *args, **kwargs)", "  File \"C:\\Users\\Rahul\\AppData\\Local\\Programs\\Python\\Python310\\lib\\site-packages\\rest_framework\\mixins.py\", line 40, in list", "    page = self.paginate_queryset(queryset)", "  File \"C:\\Users\\Rahul\\AppData\\Local\\Programs\\Python\\Python310\\lib\\site-packages\\rest_framework\\generics.py\", line 175, in paginate_queryset", "    return self.paginator.paginate_queryset(queryset, self.request, view=self)", "  File \"C:\\Users\\Rahul\\AppData\\Local\\Programs\\Python\\Python310\\lib\\site-packages\\rest_framework\\pagination.py\", line 222, in paginate_queryset", "    return list(self.page)", "  File \"C:\\Users\\Rahul\\AppData\\Local\\Programs\\Python\\Python310\\lib\\site-packages\\django\\core\\paginator.py\", line 191, in __len__", "    return len(self.object_list)", "  File \"C:\\Users\\Rahul\\AppData\\Local\\Programs\\Python\\Python310\\lib\\site-packages\\django\\db\\models\\query.py\", line 366, in __len__", "    self._fetch_all()", "  File \"C:\\Users\\Rahul\\AppData\\Local\\Programs\\Python\\Python310\\lib\\site-packages\\django\\db\\models\\query.py\", line 1949, in _fetch_all", "    self._result_cache = list(self._iterable_class(self))", "  File \"C:\\Users\\Rahul\\AppData\\Local\\Programs\\Python\\Python310\\lib\\site-packages\\django\\db\\models\\query.py\", line 91, in __iter__", "    results = compiler.execute_sql(", "  File \"C:\\Users\\Rahul\\AppData\\Local\\Programs\\Python\\Python310\\lib\\site-packages\\django\\db\\models\\sql\\compiler.py\", line 1610, in execute_sql", "    sql, params = self.as_sql()", "  File \"C:\\Users\\Rahul\\AppData\\Local\\Programs\\Python\\Python310\\lib\\site-packages\\django\\db\\models\\sql\\compiler.py\", line 766, in as_sql", "    extra_select, order_by, group_by = self.pre_sql_setup(", "  File \"C:\\Users\\Rahul\\AppData\\Local\\Programs\\Python\\Python310\\lib\\site-packages\\django\\db\\models\\sql\\compiler.py\", line 85, in pre_sql_setup", "    self.setup_query(with_col_aliases=with_col_aliases)", "  File \"C:\\Users\\Rahul\\AppData\\Local\\Programs\\Python\\Python310\\lib\\site-packages\\django\\db\\models\\sql\\compiler.py\", line 74, in setup_query", "    self.select, self.klass_info, self.annotation_col_map = self.get_select(", "  File \"C:\\Users\\Rahul\\AppData\\Local\\Programs\\Python\\Python310\\lib\\site-packages\\django\\db\\models\\sql\\compiler.py\", line 299, in get_select", "    related_klass_infos = self.get_related_selections(select, select_mask)", "  File \"C:\\Users\\Rahul\\AppData\\Local\\Programs\\Python\\Python310\\lib\\site-packages\\django\\db\\models\\sql\\compiler.py\", line 1396, in get_related_selections", "    raise FieldError(", "django.core.exceptions.FieldError: Invalid field name(s) given in select_related: 'guardian'. Choices are: school", ""]}, "request": {"method": "GET", "path": "/api/athletes/", "ip": "127.0.0.1", "userAgent": "Mozilla/5.0 (Windows NT 10.0; Win64; x64; rv:142.0) Gecko/20100101 Firefox/142.0", "requestId": "975cd24b-3323-4d8c-94a6-f2d6e16f2fd0", "userId": 3}, "response": {"statusCode": 500}, "context": {"view": "AthleteListCreateView", "viewMethod": null}, "meta": {"service": "athletiq-django", "environment": "development"}}
Internal Server Error: /api/athletes/
Internal Server Error: /api/athletes/
{"level": "error", "message": "Exception: FieldError", "timestamp": "2025-08-22T19:07:55.000Z", "error": {"name": "FieldError", "message": "Invalid field name(s) given in select_related: 'guardian'. Choices are: school", "stack": ["Traceback (most recent call last):", "  File \"C:\\Users\\Rahul\\AppData\\Local\\Programs\\Python\\Python310\\lib\\site-packages\\rest_framework\\views.py\", line 512, in dispatch", "    response = handler(request, *args, **kwargs)", "  File \"C:\\Users\\Rahul\\AppData\\Local\\Programs\\Python\\Python310\\lib\\site-packages\\rest_framework\\generics.py\", line 243, in get", "    return self.list(request, *args, **kwargs)", "  File \"C:\\Users\\Rahul\\AppData\\Local\\Programs\\Python\\Python310\\lib\\site-packages\\rest_framework\\mixins.py\", line 40, in list", "    page = self.paginate_queryset(queryset)", "  File \"C:\\Users\\Rahul\\AppData\\Local\\Programs\\Python\\Python310\\lib\\site-packages\\rest_framework\\generics.py\", line 175, in paginate_queryset", "    return self.paginator.paginate_queryset(queryset, self.request, view=self)", "  File \"C:\\Users\\Rahul\\AppData\\Local\\Programs\\Python\\Python310\\lib\\site-packages\\rest_framework\\pagination.py\", line 222, in paginate_queryset", "    return list(self.page)", "  File \"C:\\Users\\Rahul\\AppData\\Local\\Programs\\Python\\Python310\\lib\\site-packages\\django\\core\\paginator.py\", line 191, in __len__", "    return len(self.object_list)", "  File \"C:\\Users\\Rahul\\AppData\\Local\\Programs\\Python\\Python310\\lib\\site-packages\\django\\db\\models\\query.py\", line 366, in __len__", "    self._fetch_all()", "  File \"C:\\Users\\Rahul\\AppData\\Local\\Programs\\Python\\Python310\\lib\\site-packages\\django\\db\\models\\query.py\", line 1949, in _fetch_all", "    self._result_cache = list(self._iterable_class(self))", "  File \"C:\\Users\\Rahul\\AppData\\Local\\Programs\\Python\\Python310\\lib\\site-packages\\django\\db\\models\\query.py\", line 91, in __iter__", "    results = compiler.execute_sql(", "  File \"C:\\Users\\Rahul\\AppData\\Local\\Programs\\Python\\Python310\\lib\\site-packages\\django\\db\\models\\sql\\compiler.py\", line 1610, in execute_sql", "    sql, params = self.as_sql()", "  File \"C:\\Users\\Rahul\\AppData\\Local\\Programs\\Python\\Python310\\lib\\site-packages\\django\\db\\models\\sql\\compiler.py\", line 766, in as_sql", "    extra_select, order_by, group_by = self.pre_sql_setup(", "  File \"C:\\Users\\Rahul\\AppData\\Local\\Programs\\Python\\Python310\\lib\\site-packages\\django\\db\\models\\sql\\compiler.py\", line 85, in pre_sql_setup", "    self.setup_query(with_col_aliases=with_col_aliases)", "  File \"C:\\Users\\Rahul\\AppData\\Local\\Programs\\Python\\Python310\\lib\\site-packages\\django\\db\\models\\sql\\compiler.py\", line 74, in setup_query", "    self.select, self.klass_info, self.annotation_col_map = self.get_select(", "  File \"C:\\Users\\Rahul\\AppData\\Local\\Programs\\Python\\Python310\\lib\\site-packages\\django\\db\\models\\sql\\compiler.py\", line 299, in get_select", "    related_klass_infos = self.get_related_selections(select, select_mask)", "  File \"C:\\Users\\Rahul\\AppData\\Local\\Programs\\Python\\Python310\\lib\\site-packages\\django\\db\\models\\sql\\compiler.py\", line 1396, in get_related_selections", "    raise FieldError(", "django.core.exceptions.FieldError: Invalid field name(s) given in select_related: 'guardian'. Choices are: school", ""]}, "request": {"method": "GET", "path": "/api/athletes/", "ip": "127.0.0.1", "userAgent": "Mozilla/5.0 (Windows NT 10.0; Win64; x64; rv:142.0) Gecko/20100101 Firefox/142.0", "requestId": "9e0a9f1d-cf48-43fd-ba4f-6648e2c587e6", "userId": 3}, "response": {"statusCode": 500}, "context": {"view": "AthleteListCreateView", "viewMethod": null}, "meta": {"service": "athletiq-django", "environment": "development"}}
Internal Server Error: /api/athletes/
{"level": "error", "message": "Exception: FieldError", "timestamp": "2025-08-22T19:08:16.000Z", "error": {"name": "FieldError", "message": "Invalid field name(s) given in select_related: 'guardian'. Choices are: school", "stack": ["Traceback (most recent call last):", "  File \"C:\\Users\\Rahul\\AppData\\Local\\Programs\\Python\\Python310\\lib\\site-packages\\rest_framework\\views.py\", line 512, in dispatch", "    response = handler(request, *args, **kwargs)", "  File \"C:\\Users\\Rahul\\AppData\\Local\\Programs\\Python\\Python310\\lib\\site-packages\\rest_framework\\generics.py\", line 243, in get", "    return self.list(request, *args, **kwargs)", "  File \"C:\\Users\\Rahul\\AppData\\Local\\Programs\\Python\\Python310\\lib\\site-packages\\rest_framework\\mixins.py\", line 40, in list", "    page = self.paginate_queryset(queryset)", "  File \"C:\\Users\\Rahul\\AppData\\Local\\Programs\\Python\\Python310\\lib\\site-packages\\rest_framework\\generics.py\", line 175, in paginate_queryset", "    return self.paginator.paginate_queryset(queryset, self.request, view=self)", "  File \"C:\\Users\\Rahul\\AppData\\Local\\Programs\\Python\\Python310\\lib\\site-packages\\rest_framework\\pagination.py\", line 222, in paginate_queryset", "    return list(self.page)", "  File \"C:\\Users\\Rahul\\AppData\\Local\\Programs\\Python\\Python310\\lib\\site-packages\\django\\core\\paginator.py\", line 191, in __len__", "    return len(self.object_list)", "  File \"C:\\Users\\Rahul\\AppData\\Local\\Programs\\Python\\Python310\\lib\\site-packages\\django\\db\\models\\query.py\", line 366, in __len__", "    self._fetch_all()", "  File \"C:\\Users\\Rahul\\AppData\\Local\\Programs\\Python\\Python310\\lib\\site-packages\\django\\db\\models\\query.py\", line 1949, in _fetch_all", "    self._result_cache = list(self._iterable_class(self))", "  File \"C:\\Users\\Rahul\\AppData\\Local\\Programs\\Python\\Python310\\lib\\site-packages\\django\\db\\models\\query.py\", line 91, in __iter__", "    results = compiler.execute_sql(", "  File \"C:\\Users\\Rahul\\AppData\\Local\\Programs\\Python\\Python310\\lib\\site-packages\\django\\db\\models\\sql\\compiler.py\", line 1610, in execute_sql", "    sql, params = self.as_sql()", "  File \"C:\\Users\\Rahul\\AppData\\Local\\Programs\\Python\\Python310\\lib\\site-packages\\django\\db\\models\\sql\\compiler.py\", line 766, in as_sql", "    extra_select, order_by, group_by = self.pre_sql_setup(", "  File \"C:\\Users\\Rahul\\AppData\\Local\\Programs\\Python\\Python310\\lib\\site-packages\\django\\db\\models\\sql\\compiler.py\", line 85, in pre_sql_setup", "    self.setup_query(with_col_aliases=with_col_aliases)", "  File \"C:\\Users\\Rahul\\AppData\\Local\\Programs\\Python\\Python310\\lib\\site-packages\\django\\db\\models\\sql\\compiler.py\", line 74, in setup_query", "    self.select, self.klass_info, self.annotation_col_map = self.get_select(", "  File \"C:\\Users\\Rahul\\AppData\\Local\\Programs\\Python\\Python310\\lib\\site-packages\\django\\db\\models\\sql\\compiler.py\", line 299, in get_select", "    related_klass_infos = self.get_related_selections(select, select_mask)", "  File \"C:\\Users\\Rahul\\AppData\\Local\\Programs\\Python\\Python310\\lib\\site-packages\\django\\db\\models\\sql\\compiler.py\", line 1396, in get_related_selections", "    raise FieldError(", "django.core.exceptions.FieldError: Invalid field name(s) given in select_related: 'guardian'. Choices are: school", ""]}, "request": {"method": "GET", "path": "/api/athletes/", "ip": "127.0.0.1", "userAgent": "Mozilla/5.0 (Windows NT 10.0; Win64; x64; rv:142.0) Gecko/20100101 Firefox/142.0", "requestId": "53848417-ffdf-4e15-a6cc-8b56eb819754", "userId": 3}, "response": {"statusCode": 500}, "context": {"view": "AthleteListCreateView", "viewMethod": null}, "meta": {"service": "athletiq-django", "environment": "development"}}
Internal Server Error: /api/athletes/
{"level": "error", "message": "Exception: FieldError", "timestamp": "2025-08-22T19:12:28.000Z", "error": {"name": "FieldError", "message": "Invalid field name(s) given in select_related: 'guardian'. Choices are: school", "stack": ["Traceback (most recent call last):", "  File \"C:\\Users\\Rahul\\AppData\\Local\\Programs\\Python\\Python310\\lib\\site-packages\\rest_framework\\views.py\", line 512, in dispatch", "    response = handler(request, *args, **kwargs)", "  File \"C:\\Users\\Rahul\\AppData\\Local\\Programs\\Python\\Python310\\lib\\site-packages\\rest_framework\\generics.py\", line 243, in get", "    return self.list(request, *args, **kwargs)", "  File \"C:\\Users\\Rahul\\AppData\\Local\\Programs\\Python\\Python310\\lib\\site-packages\\rest_framework\\mixins.py\", line 40, in list", "    page = self.paginate_queryset(queryset)", "  File \"C:\\Users\\Rahul\\AppData\\Local\\Programs\\Python\\Python310\\lib\\site-packages\\rest_framework\\generics.py\", line 175, in paginate_queryset", "    return self.paginator.paginate_queryset(queryset, self.request, view=self)", "  File \"C:\\Users\\Rahul\\AppData\\Local\\Programs\\Python\\Python310\\lib\\site-packages\\rest_framework\\pagination.py\", line 222, in paginate_queryset", "    return list(self.page)", "  File \"C:\\Users\\Rahul\\AppData\\Local\\Programs\\Python\\Python310\\lib\\site-packages\\django\\core\\paginator.py\", line 191, in __len__", "    return len(self.object_list)", "  File \"C:\\Users\\Rahul\\AppData\\Local\\Programs\\Python\\Python310\\lib\\site-packages\\django\\db\\models\\query.py\", line 366, in __len__", "    self._fetch_all()", "  File \"C:\\Users\\Rahul\\AppData\\Local\\Programs\\Python\\Python310\\lib\\site-packages\\django\\db\\models\\query.py\", line 1949, in _fetch_all", "    self._result_cache = list(self._iterable_class(self))", "  File \"C:\\Users\\Rahul\\AppData\\Local\\Programs\\Python\\Python310\\lib\\site-packages\\django\\db\\models\\query.py\", line 91, in __iter__", "    results = compiler.execute_sql(", "  File \"C:\\Users\\Rahul\\AppData\\Local\\Programs\\Python\\Python310\\lib\\site-packages\\django\\db\\models\\sql\\compiler.py\", line 1610, in execute_sql", "    sql, params = self.as_sql()", "  File \"C:\\Users\\Rahul\\AppData\\Local\\Programs\\Python\\Python310\\lib\\site-packages\\django\\db\\models\\sql\\compiler.py\", line 766, in as_sql", "    extra_select, order_by, group_by = self.pre_sql_setup(", "  File \"C:\\Users\\Rahul\\AppData\\Local\\Programs\\Python\\Python310\\lib\\site-packages\\django\\db\\models\\sql\\compiler.py\", line 85, in pre_sql_setup", "    self.setup_query(with_col_aliases=with_col_aliases)", "  File \"C:\\Users\\Rahul\\AppData\\Local\\Programs\\Python\\Python310\\lib\\site-packages\\django\\db\\models\\sql\\compiler.py\", line 74, in setup_query", "    self.select, self.klass_info, self.annotation_col_map = self.get_select(", "  File \"C:\\Users\\Rahul\\AppData\\Local\\Programs\\Python\\Python310\\lib\\site-packages\\django\\db\\models\\sql\\compiler.py\", line 299, in get_select", "    related_klass_infos = self.get_related_selections(select, select_mask)", "  File \"C:\\Users\\Rahul\\AppData\\Local\\Programs\\Python\\Python310\\lib\\site-packages\\django\\db\\models\\sql\\compiler.py\", line 1396, in get_related_selections", "    raise FieldError(", "django.core.exceptions.FieldError: Invalid field name(s) given in select_related: 'guardian'. Choices are: school", ""]}, "request": {"method": "GET", "path": "/api/athletes/", "ip": "127.0.0.1", "userAgent": "Mozilla/5.0 (Windows NT 10.0; Win64; x64; rv:142.0) Gecko/20100101 Firefox/142.0", "requestId": "21dbddf8-922b-42a5-89ab-eb935625488e", "userId": 3}, "response": {"statusCode": 500}, "context": {"view": "AthleteListCreateView", "viewMethod": null}, "meta": {"service": "athletiq-django", "environment": "development"}}
Internal Server Error: /api/athletes/
{"level": "error", "message": "Exception: FieldError", "timestamp": "2025-08-22T19:17:28.000Z", "error": {"name": "FieldError", "message": "Invalid field name(s) given in select_related: 'guardian'. Choices are: school", "stack": ["Traceback (most recent call last):", "  File \"C:\\Users\\Rahul\\AppData\\Local\\Programs\\Python\\Python310\\lib\\site-packages\\rest_framework\\views.py\", line 512, in dispatch", "    response = handler(request, *args, **kwargs)", "  File \"C:\\Users\\Rahul\\AppData\\Local\\Programs\\Python\\Python310\\lib\\site-packages\\rest_framework\\generics.py\", line 243, in get", "    return self.list(request, *args, **kwargs)", "  File \"C:\\Users\\Rahul\\AppData\\Local\\Programs\\Python\\Python310\\lib\\site-packages\\rest_framework\\mixins.py\", line 40, in list", "    page = self.paginate_queryset(queryset)", "  File \"C:\\Users\\Rahul\\AppData\\Local\\Programs\\Python\\Python310\\lib\\site-packages\\rest_framework\\generics.py\", line 175, in paginate_queryset", "    return self.paginator.paginate_queryset(queryset, self.request, view=self)", "  File \"C:\\Users\\Rahul\\AppData\\Local\\Programs\\Python\\Python310\\lib\\site-packages\\rest_framework\\pagination.py\", line 222, in paginate_queryset", "    return list(self.page)", "  File \"C:\\Users\\Rahul\\AppData\\Local\\Programs\\Python\\Python310\\lib\\site-packages\\django\\core\\paginator.py\", line 191, in __len__", "    return len(self.object_list)", "  File \"C:\\Users\\Rahul\\AppData\\Local\\Programs\\Python\\Python310\\lib\\site-packages\\django\\db\\models\\query.py\", line 366, in __len__", "    self._fetch_all()", "  File \"C:\\Users\\Rahul\\AppData\\Local\\Programs\\Python\\Python310\\lib\\site-packages\\django\\db\\models\\query.py\", line 1949, in _fetch_all", "    self._result_cache = list(self._iterable_class(self))", "  File \"C:\\Users\\Rahul\\AppData\\Local\\Programs\\Python\\Python310\\lib\\site-packages\\django\\db\\models\\query.py\", line 91, in __iter__", "    results = compiler.execute_sql(", "  File \"C:\\Users\\Rahul\\AppData\\Local\\Programs\\Python\\Python310\\lib\\site-packages\\django\\db\\models\\sql\\compiler.py\", line 1610, in execute_sql", "    sql, params = self.as_sql()", "  File \"C:\\Users\\Rahul\\AppData\\Local\\Programs\\Python\\Python310\\lib\\site-packages\\django\\db\\models\\sql\\compiler.py\", line 766, in as_sql", "    extra_select, order_by, group_by = self.pre_sql_setup(", "  File \"C:\\Users\\Rahul\\AppData\\Local\\Programs\\Python\\Python310\\lib\\site-packages\\django\\db\\models\\sql\\compiler.py\", line 85, in pre_sql_setup", "    self.setup_query(with_col_aliases=with_col_aliases)", "  File \"C:\\Users\\Rahul\\AppData\\Local\\Programs\\Python\\Python310\\lib\\site-packages\\django\\db\\models\\sql\\compiler.py\", line 74, in setup_query", "    self.select, self.klass_info, self.annotation_col_map = self.get_select(", "  File \"C:\\Users\\Rahul\\AppData\\Local\\Programs\\Python\\Python310\\lib\\site-packages\\django\\db\\models\\sql\\compiler.py\", line 299, in get_select", "    related_klass_infos = self.get_related_selections(select, select_mask)", "  File \"C:\\Users\\Rahul\\AppData\\Local\\Programs\\Python\\Python310\\lib\\site-packages\\django\\db\\models\\sql\\compiler.py\", line 1396, in get_related_selections", "    raise FieldError(", "django.core.exceptions.FieldError: Invalid field name(s) given in select_related: 'guardian'. Choices are: school", ""]}, "request": {"method": "GET", "path": "/api/athletes/", "ip": "127.0.0.1", "userAgent": "Mozilla/5.0 (Windows NT 10.0; Win64; x64; rv:142.0) Gecko/20100101 Firefox/142.0", "requestId": "da09296a-9c96-4ac6-ae48-375bfc3c6f65", "userId": 3}, "response": {"statusCode": 500}, "context": {"view": "AthleteListCreateView", "viewMethod": null}, "meta": {"service": "athletiq-django", "environment": "development"}}
Internal Server Error: /api/athletes/
{"level": "error", "message": "Exception: FieldError", "timestamp": "2025-08-22T19:18:46.000Z", "error": {"name": "FieldError", "message": "Invalid field name(s) given in select_related: 'guardian'. Choices are: school", "stack": ["Traceback (most recent call last):", "  File \"C:\\Users\\Rahul\\AppData\\Local\\Programs\\Python\\Python310\\lib\\site-packages\\rest_framework\\views.py\", line 512, in dispatch", "    response = handler(request, *args, **kwargs)", "  File \"C:\\Users\\Rahul\\AppData\\Local\\Programs\\Python\\Python310\\lib\\site-packages\\rest_framework\\generics.py\", line 243, in get", "    return self.list(request, *args, **kwargs)", "  File \"C:\\Users\\Rahul\\AppData\\Local\\Programs\\Python\\Python310\\lib\\site-packages\\rest_framework\\mixins.py\", line 40, in list", "    page = self.paginate_queryset(queryset)", "  File \"C:\\Users\\Rahul\\AppData\\Local\\Programs\\Python\\Python310\\lib\\site-packages\\rest_framework\\generics.py\", line 175, in paginate_queryset", "    return self.paginator.paginate_queryset(queryset, self.request, view=self)", "  File \"C:\\Users\\Rahul\\AppData\\Local\\Programs\\Python\\Python310\\lib\\site-packages\\rest_framework\\pagination.py\", line 222, in paginate_queryset", "    return list(self.page)", "  File \"C:\\Users\\Rahul\\AppData\\Local\\Programs\\Python\\Python310\\lib\\site-packages\\django\\core\\paginator.py\", line 191, in __len__", "    return len(self.object_list)", "  File \"C:\\Users\\Rahul\\AppData\\Local\\Programs\\Python\\Python310\\lib\\site-packages\\django\\db\\models\\query.py\", line 366, in __len__", "    self._fetch_all()", "  File \"C:\\Users\\Rahul\\AppData\\Local\\Programs\\Python\\Python310\\lib\\site-packages\\django\\db\\models\\query.py\", line 1949, in _fetch_all", "    self._result_cache = list(self._iterable_class(self))", "  File \"C:\\Users\\Rahul\\AppData\\Local\\Programs\\Python\\Python310\\lib\\site-packages\\django\\db\\models\\query.py\", line 91, in __iter__", "    results = compiler.execute_sql(", "  File \"C:\\Users\\Rahul\\AppData\\Local\\Programs\\Python\\Python310\\lib\\site-packages\\django\\db\\models\\sql\\compiler.py\", line 1610, in execute_sql", "    sql, params = self.as_sql()", "  File \"C:\\Users\\Rahul\\AppData\\Local\\Programs\\Python\\Python310\\lib\\site-packages\\django\\db\\models\\sql\\compiler.py\", line 766, in as_sql", "    extra_select, order_by, group_by = self.pre_sql_setup(", "  File \"C:\\Users\\Rahul\\AppData\\Local\\Programs\\Python\\Python310\\lib\\site-packages\\django\\db\\models\\sql\\compiler.py\", line 85, in pre_sql_setup", "    self.setup_query(with_col_aliases=with_col_aliases)", "  File \"C:\\Users\\Rahul\\AppData\\Local\\Programs\\Python\\Python310\\lib\\site-packages\\django\\db\\models\\sql\\compiler.py\", line 74, in setup_query", "    self.select, self.klass_info, self.annotation_col_map = self.get_select(", "  File \"C:\\Users\\Rahul\\AppData\\Local\\Programs\\Python\\Python310\\lib\\site-packages\\django\\db\\models\\sql\\compiler.py\", line 299, in get_select", "    related_klass_infos = self.get_related_selections(select, select_mask)", "  File \"C:\\Users\\Rahul\\AppData\\Local\\Programs\\Python\\Python310\\lib\\site-packages\\django\\db\\models\\sql\\compiler.py\", line 1396, in get_related_selections", "    raise FieldError(", "django.core.exceptions.FieldError: Invalid field name(s) given in select_related: 'guardian'. Choices are: school", ""]}, "request": {"method": "GET", "path": "/api/athletes/", "ip": "127.0.0.1", "userAgent": "Mozilla/5.0 (Windows NT 10.0; Win64; x64; rv:142.0) Gecko/20100101 Firefox/142.0", "requestId": "e5a96d62-8cd6-47bf-b16f-be4836ca9e35", "userId": 3}, "response": {"statusCode": 500}, "context": {"view": "AthleteListCreateView", "viewMethod": null}, "meta": {"service": "athletiq-django", "environment": "development"}}
{"level": "error", "message": "Exception: FieldError", "timestamp": "2025-08-22T19:18:49.000Z", "error": {"name": "FieldError", "message": "Invalid field name(s) given in select_related: 'guardian'. Choices are: school", "stack": ["Traceback (most recent call last):", "  File \"C:\\Users\\Rahul\\AppData\\Local\\Programs\\Python\\Python310\\lib\\site-packages\\rest_framework\\views.py\", line 512, in dispatch", "    response = handler(request, *args, **kwargs)", "  File \"C:\\Users\\Rahul\\AppData\\Local\\Programs\\Python\\Python310\\lib\\site-packages\\rest_framework\\generics.py\", line 243, in get", "    return self.list(request, *args, **kwargs)", "  File \"C:\\Users\\Rahul\\AppData\\Local\\Programs\\Python\\Python310\\lib\\site-packages\\rest_framework\\mixins.py\", line 40, in list", "    page = self.paginate_queryset(queryset)", "  File \"C:\\Users\\Rahul\\AppData\\Local\\Programs\\Python\\Python310\\lib\\site-packages\\rest_framework\\generics.py\", line 175, in paginate_queryset", "    return self.paginator.paginate_queryset(queryset, self.request, view=self)", "  File \"C:\\Users\\Rahul\\AppData\\Local\\Programs\\Python\\Python310\\lib\\site-packages\\rest_framework\\pagination.py\", line 222, in paginate_queryset", "    return list(self.page)", "  File \"C:\\Users\\Rahul\\AppData\\Local\\Programs\\Python\\Python310\\lib\\site-packages\\django\\core\\paginator.py\", line 191, in __len__", "    return len(self.object_list)", "  File \"C:\\Users\\Rahul\\AppData\\Local\\Programs\\Python\\Python310\\lib\\site-packages\\django\\db\\models\\query.py\", line 366, in __len__", "    self._fetch_all()", "  File \"C:\\Users\\Rahul\\AppData\\Local\\Programs\\Python\\Python310\\lib\\site-packages\\django\\db\\models\\query.py\", line 1949, in _fetch_all", "    self._result_cache = list(self._iterable_class(self))", "  File \"C:\\Users\\Rahul\\AppData\\Local\\Programs\\Python\\Python310\\lib\\site-packages\\django\\db\\models\\query.py\", line 91, in __iter__", "    results = compiler.execute_sql(", "  File \"C:\\Users\\Rahul\\AppData\\Local\\Programs\\Python\\Python310\\lib\\site-packages\\django\\db\\models\\sql\\compiler.py\", line 1610, in execute_sql", "    sql, params = self.as_sql()", "  File \"C:\\Users\\Rahul\\AppData\\Local\\Programs\\Python\\Python310\\lib\\site-packages\\django\\db\\models\\sql\\compiler.py\", line 766, in as_sql", "    extra_select, order_by, group_by = self.pre_sql_setup(", "  File \"C:\\Users\\Rahul\\AppData\\Local\\Programs\\Python\\Python310\\lib\\site-packages\\django\\db\\models\\sql\\compiler.py\", line 85, in pre_sql_setup", "    self.setup_query(with_col_aliases=with_col_aliases)", "  File \"C:\\Users\\Rahul\\AppData\\Local\\Programs\\Python\\Python310\\lib\\site-packages\\django\\db\\models\\sql\\compiler.py\", line 74, in setup_query", "    self.select, self.klass_info, self.annotation_col_map = self.get_select(", "  File \"C:\\Users\\Rahul\\AppData\\Local\\Programs\\Python\\Python310\\lib\\site-packages\\django\\db\\models\\sql\\compiler.py\", line 299, in get_select", "    related_klass_infos = self.get_related_selections(select, select_mask)", "  File \"C:\\Users\\Rahul\\AppData\\Local\\Programs\\Python\\Python310\\lib\\site-packages\\django\\db\\models\\sql\\compiler.py\", line 1396, in get_related_selections", "    raise FieldError(", "django.core.exceptions.FieldError: Invalid field name(s) given in select_related: 'guardian'. Choices are: school", ""]}, "request": {"method": "GET", "path": "/api/athletes/", "ip": "127.0.0.1", "userAgent": "Mozilla/5.0 (Windows NT 10.0; Win64; x64; rv:142.0) Gecko/20100101 Firefox/142.0", "requestId": "08e14711-3050-451a-b723-6fe8fbc0ccb4", "userId": 3}, "response": {"statusCode": 500}, "context": {"view": "AthleteListCreateView", "viewMethod": null}, "meta": {"service": "athletiq-django", "environment": "development"}}
Internal Server Error: /api/athletes/
Internal Server Error: /api/athletes/
{"level": "error", "message": "Exception: FieldError", "timestamp": "2025-08-22T19:19:28.000Z", "error": {"name": "FieldError", "message": "Invalid field name(s) given in select_related: 'guardian'. Choices are: school", "stack": ["Traceback (most recent call last):", "  File \"C:\\Users\\Rahul\\AppData\\Local\\Programs\\Python\\Python310\\lib\\site-packages\\rest_framework\\views.py\", line 512, in dispatch", "    response = handler(request, *args, **kwargs)", "  File \"C:\\Users\\Rahul\\AppData\\Local\\Programs\\Python\\Python310\\lib\\site-packages\\rest_framework\\generics.py\", line 243, in get", "    return self.list(request, *args, **kwargs)", "  File \"C:\\Users\\Rahul\\AppData\\Local\\Programs\\Python\\Python310\\lib\\site-packages\\rest_framework\\mixins.py\", line 40, in list", "    page = self.paginate_queryset(queryset)", "  File \"C:\\Users\\Rahul\\AppData\\Local\\Programs\\Python\\Python310\\lib\\site-packages\\rest_framework\\generics.py\", line 175, in paginate_queryset", "    return self.paginator.paginate_queryset(queryset, self.request, view=self)", "  File \"C:\\Users\\Rahul\\AppData\\Local\\Programs\\Python\\Python310\\lib\\site-packages\\rest_framework\\pagination.py\", line 222, in paginate_queryset", "    return list(self.page)", "  File \"C:\\Users\\Rahul\\AppData\\Local\\Programs\\Python\\Python310\\lib\\site-packages\\django\\core\\paginator.py\", line 191, in __len__", "    return len(self.object_list)", "  File \"C:\\Users\\Rahul\\AppData\\Local\\Programs\\Python\\Python310\\lib\\site-packages\\django\\db\\models\\query.py\", line 366, in __len__", "    self._fetch_all()", "  File \"C:\\Users\\Rahul\\AppData\\Local\\Programs\\Python\\Python310\\lib\\site-packages\\django\\db\\models\\query.py\", line 1949, in _fetch_all", "    self._result_cache = list(self._iterable_class(self))", "  File \"C:\\Users\\Rahul\\AppData\\Local\\Programs\\Python\\Python310\\lib\\site-packages\\django\\db\\models\\query.py\", line 91, in __iter__", "    results = compiler.execute_sql(", "  File \"C:\\Users\\Rahul\\AppData\\Local\\Programs\\Python\\Python310\\lib\\site-packages\\django\\db\\models\\sql\\compiler.py\", line 1610, in execute_sql", "    sql, params = self.as_sql()", "  File \"C:\\Users\\Rahul\\AppData\\Local\\Programs\\Python\\Python310\\lib\\site-packages\\django\\db\\models\\sql\\compiler.py\", line 766, in as_sql", "    extra_select, order_by, group_by = self.pre_sql_setup(", "  File \"C:\\Users\\Rahul\\AppData\\Local\\Programs\\Python\\Python310\\lib\\site-packages\\django\\db\\models\\sql\\compiler.py\", line 85, in pre_sql_setup", "    self.setup_query(with_col_aliases=with_col_aliases)", "  File \"C:\\Users\\Rahul\\AppData\\Local\\Programs\\Python\\Python310\\lib\\site-packages\\django\\db\\models\\sql\\compiler.py\", line 74, in setup_query", "    self.select, self.klass_info, self.annotation_col_map = self.get_select(", "  File \"C:\\Users\\Rahul\\AppData\\Local\\Programs\\Python\\Python310\\lib\\site-packages\\django\\db\\models\\sql\\compiler.py\", line 299, in get_select", "    related_klass_infos = self.get_related_selections(select, select_mask)", "  File \"C:\\Users\\Rahul\\AppData\\Local\\Programs\\Python\\Python310\\lib\\site-packages\\django\\db\\models\\sql\\compiler.py\", line 1396, in get_related_selections", "    raise FieldError(", "django.core.exceptions.FieldError: Invalid field name(s) given in select_related: 'guardian'. Choices are: school", ""]}, "request": {"method": "GET", "path": "/api/athletes/", "ip": "127.0.0.1", "userAgent": "Mozilla/5.0 (Windows NT 10.0; Win64; x64; rv:142.0) Gecko/20100101 Firefox/142.0", "requestId": "76e2d765-5a06-4aa5-82b4-6fd79ec22e73", "userId": 3}, "response": {"statusCode": 500}, "context": {"view": "AthleteListCreateView", "viewMethod": null}, "meta": {"service": "athletiq-django", "environment": "development"}}
Internal Server Error: /api/athletes/
{"level": "error", "message": "Exception: FieldError", "timestamp": "2025-08-22T19:19:37.000Z", "error": {"name": "FieldError", "message": "Invalid field name(s) given in select_related: 'guardian'. Choices are: school", "stack": ["Traceback (most recent call last):", "  File \"C:\\Users\\Rahul\\AppData\\Local\\Programs\\Python\\Python310\\lib\\site-packages\\rest_framework\\views.py\", line 512, in dispatch", "    response = handler(request, *args, **kwargs)", "  File \"C:\\Users\\Rahul\\AppData\\Local\\Programs\\Python\\Python310\\lib\\site-packages\\rest_framework\\generics.py\", line 243, in get", "    return self.list(request, *args, **kwargs)", "  File \"C:\\Users\\Rahul\\AppData\\Local\\Programs\\Python\\Python310\\lib\\site-packages\\rest_framework\\mixins.py\", line 40, in list", "    page = self.paginate_queryset(queryset)", "  File \"C:\\Users\\Rahul\\AppData\\Local\\Programs\\Python\\Python310\\lib\\site-packages\\rest_framework\\generics.py\", line 175, in paginate_queryset", "    return self.paginator.paginate_queryset(queryset, self.request, view=self)", "  File \"C:\\Users\\Rahul\\AppData\\Local\\Programs\\Python\\Python310\\lib\\site-packages\\rest_framework\\pagination.py\", line 222, in paginate_queryset", "    return list(self.page)", "  File \"C:\\Users\\Rahul\\AppData\\Local\\Programs\\Python\\Python310\\lib\\site-packages\\django\\core\\paginator.py\", line 191, in __len__", "    return len(self.object_list)", "  File \"C:\\Users\\Rahul\\AppData\\Local\\Programs\\Python\\Python310\\lib\\site-packages\\django\\db\\models\\query.py\", line 366, in __len__", "    self._fetch_all()", "  File \"C:\\Users\\Rahul\\AppData\\Local\\Programs\\Python\\Python310\\lib\\site-packages\\django\\db\\models\\query.py\", line 1949, in _fetch_all", "    self._result_cache = list(self._iterable_class(self))", "  File \"C:\\Users\\Rahul\\AppData\\Local\\Programs\\Python\\Python310\\lib\\site-packages\\django\\db\\models\\query.py\", line 91, in __iter__", "    results = compiler.execute_sql(", "  File \"C:\\Users\\Rahul\\AppData\\Local\\Programs\\Python\\Python310\\lib\\site-packages\\django\\db\\models\\sql\\compiler.py\", line 1610, in execute_sql", "    sql, params = self.as_sql()", "  File \"C:\\Users\\Rahul\\AppData\\Local\\Programs\\Python\\Python310\\lib\\site-packages\\django\\db\\models\\sql\\compiler.py\", line 766, in as_sql", "    extra_select, order_by, group_by = self.pre_sql_setup(", "  File \"C:\\Users\\Rahul\\AppData\\Local\\Programs\\Python\\Python310\\lib\\site-packages\\django\\db\\models\\sql\\compiler.py\", line 85, in pre_sql_setup", "    self.setup_query(with_col_aliases=with_col_aliases)", "  File \"C:\\Users\\Rahul\\AppData\\Local\\Programs\\Python\\Python310\\lib\\site-packages\\django\\db\\models\\sql\\compiler.py\", line 74, in setup_query", "    self.select, self.klass_info, self.annotation_col_map = self.get_select(", "  File \"C:\\Users\\Rahul\\AppData\\Local\\Programs\\Python\\Python310\\lib\\site-packages\\django\\db\\models\\sql\\compiler.py\", line 299, in get_select", "    related_klass_infos = self.get_related_selections(select, select_mask)", "  File \"C:\\Users\\Rahul\\AppData\\Local\\Programs\\Python\\Python310\\lib\\site-packages\\django\\db\\models\\sql\\compiler.py\", line 1396, in get_related_selections", "    raise FieldError(", "django.core.exceptions.FieldError: Invalid field name(s) given in select_related: 'guardian'. Choices are: school", ""]}, "request": {"method": "GET", "path": "/api/athletes/", "ip": "127.0.0.1", "userAgent": "Mozilla/5.0 (Windows NT 10.0; Win64; x64; rv:142.0) Gecko/20100101 Firefox/142.0", "requestId": "77af980e-5da3-4b0d-99ae-45e1c9c18234", "userId": 3}, "response": {"statusCode": 500}, "context": {"view": "AthleteListCreateView", "viewMethod": null}, "meta": {"service": "athletiq-django", "environment": "development"}}
Internal Server Error: /api/athletes/
{"level": "error", "message": "Exception: FieldError", "timestamp": "2025-08-22T19:19:41.000Z", "error": {"name": "FieldError", "message": "Invalid field name(s) given in select_related: 'guardian'. Choices are: school", "stack": ["Traceback (most recent call last):", "  File \"C:\\Users\\Rahul\\AppData\\Local\\Programs\\Python\\Python310\\lib\\site-packages\\rest_framework\\views.py\", line 512, in dispatch", "    response = handler(request, *args, **kwargs)", "  File \"C:\\Users\\Rahul\\AppData\\Local\\Programs\\Python\\Python310\\lib\\site-packages\\rest_framework\\generics.py\", line 243, in get", "    return self.list(request, *args, **kwargs)", "  File \"C:\\Users\\Rahul\\AppData\\Local\\Programs\\Python\\Python310\\lib\\site-packages\\rest_framework\\mixins.py\", line 40, in list", "    page = self.paginate_queryset(queryset)", "  File \"C:\\Users\\Rahul\\AppData\\Local\\Programs\\Python\\Python310\\lib\\site-packages\\rest_framework\\generics.py\", line 175, in paginate_queryset", "    return self.paginator.paginate_queryset(queryset, self.request, view=self)", "  File \"C:\\Users\\Rahul\\AppData\\Local\\Programs\\Python\\Python310\\lib\\site-packages\\rest_framework\\pagination.py\", line 222, in paginate_queryset", "    return list(self.page)", "  File \"C:\\Users\\Rahul\\AppData\\Local\\Programs\\Python\\Python310\\lib\\site-packages\\django\\core\\paginator.py\", line 191, in __len__", "    return len(self.object_list)", "  File \"C:\\Users\\Rahul\\AppData\\Local\\Programs\\Python\\Python310\\lib\\site-packages\\django\\db\\models\\query.py\", line 366, in __len__", "    self._fetch_all()", "  File \"C:\\Users\\Rahul\\AppData\\Local\\Programs\\Python\\Python310\\lib\\site-packages\\django\\db\\models\\query.py\", line 1949, in _fetch_all", "    self._result_cache = list(self._iterable_class(self))", "  File \"C:\\Users\\Rahul\\AppData\\Local\\Programs\\Python\\Python310\\lib\\site-packages\\django\\db\\models\\query.py\", line 91, in __iter__", "    results = compiler.execute_sql(", "  File \"C:\\Users\\Rahul\\AppData\\Local\\Programs\\Python\\Python310\\lib\\site-packages\\django\\db\\models\\sql\\compiler.py\", line 1610, in execute_sql", "    sql, params = self.as_sql()", "  File \"C:\\Users\\Rahul\\AppData\\Local\\Programs\\Python\\Python310\\lib\\site-packages\\django\\db\\models\\sql\\compiler.py\", line 766, in as_sql", "    extra_select, order_by, group_by = self.pre_sql_setup(", "  File \"C:\\Users\\Rahul\\AppData\\Local\\Programs\\Python\\Python310\\lib\\site-packages\\django\\db\\models\\sql\\compiler.py\", line 85, in pre_sql_setup", "    self.setup_query(with_col_aliases=with_col_aliases)", "  File \"C:\\Users\\Rahul\\AppData\\Local\\Programs\\Python\\Python310\\lib\\site-packages\\django\\db\\models\\sql\\compiler.py\", line 74, in setup_query", "    self.select, self.klass_info, self.annotation_col_map = self.get_select(", "  File \"C:\\Users\\Rahul\\AppData\\Local\\Programs\\Python\\Python310\\lib\\site-packages\\django\\db\\models\\sql\\compiler.py\", line 299, in get_select", "    related_klass_infos = self.get_related_selections(select, select_mask)", "  File \"C:\\Users\\Rahul\\AppData\\Local\\Programs\\Python\\Python310\\lib\\site-packages\\django\\db\\models\\sql\\compiler.py\", line 1396, in get_related_selections", "    raise FieldError(", "django.core.exceptions.FieldError: Invalid field name(s) given in select_related: 'guardian'. Choices are: school", ""]}, "request": {"method": "GET", "path": "/api/athletes/", "ip": "127.0.0.1", "userAgent": "Mozilla/5.0 (Windows NT 10.0; Win64; x64; rv:142.0) Gecko/20100101 Firefox/142.0", "requestId": "79287dc1-e09f-4637-98db-603a5ef57988", "userId": 3}, "response": {"statusCode": 500}, "context": {"view": "AthleteListCreateView", "viewMethod": null}, "meta": {"service": "athletiq-django", "environment": "development"}}
Internal Server Error: /api/athletes/
{"level": "error", "message": "Exception: FieldError", "timestamp": "2025-08-22T19:21:58.000Z", "error": {"name": "FieldError", "message": "Invalid field name(s) given in select_related: 'guardian'. Choices are: school", "stack": ["Traceback (most recent call last):", "  File \"C:\\Users\\Rahul\\AppData\\Local\\Programs\\Python\\Python310\\lib\\site-packages\\rest_framework\\views.py\", line 512, in dispatch", "    response = handler(request, *args, **kwargs)", "  File \"C:\\Users\\Rahul\\AppData\\Local\\Programs\\Python\\Python310\\lib\\site-packages\\rest_framework\\generics.py\", line 243, in get", "    return self.list(request, *args, **kwargs)", "  File \"C:\\Users\\Rahul\\AppData\\Local\\Programs\\Python\\Python310\\lib\\site-packages\\rest_framework\\mixins.py\", line 40, in list", "    page = self.paginate_queryset(queryset)", "  File \"C:\\Users\\Rahul\\AppData\\Local\\Programs\\Python\\Python310\\lib\\site-packages\\rest_framework\\generics.py\", line 175, in paginate_queryset", "    return self.paginator.paginate_queryset(queryset, self.request, view=self)", "  File \"C:\\Users\\Rahul\\AppData\\Local\\Programs\\Python\\Python310\\lib\\site-packages\\rest_framework\\pagination.py\", line 222, in paginate_queryset", "    return list(self.page)", "  File \"C:\\Users\\Rahul\\AppData\\Local\\Programs\\Python\\Python310\\lib\\site-packages\\django\\core\\paginator.py\", line 191, in __len__", "    return len(self.object_list)", "  File \"C:\\Users\\Rahul\\AppData\\Local\\Programs\\Python\\Python310\\lib\\site-packages\\django\\db\\models\\query.py\", line 366, in __len__", "    self._fetch_all()", "  File \"C:\\Users\\Rahul\\AppData\\Local\\Programs\\Python\\Python310\\lib\\site-packages\\django\\db\\models\\query.py\", line 1949, in _fetch_all", "    self._result_cache = list(self._iterable_class(self))", "  File \"C:\\Users\\Rahul\\AppData\\Local\\Programs\\Python\\Python310\\lib\\site-packages\\django\\db\\models\\query.py\", line 91, in __iter__", "    results = compiler.execute_sql(", "  File \"C:\\Users\\Rahul\\AppData\\Local\\Programs\\Python\\Python310\\lib\\site-packages\\django\\db\\models\\sql\\compiler.py\", line 1610, in execute_sql", "    sql, params = self.as_sql()", "  File \"C:\\Users\\Rahul\\AppData\\Local\\Programs\\Python\\Python310\\lib\\site-packages\\django\\db\\models\\sql\\compiler.py\", line 766, in as_sql", "    extra_select, order_by, group_by = self.pre_sql_setup(", "  File \"C:\\Users\\Rahul\\AppData\\Local\\Programs\\Python\\Python310\\lib\\site-packages\\django\\db\\models\\sql\\compiler.py\", line 85, in pre_sql_setup", "    self.setup_query(with_col_aliases=with_col_aliases)", "  File \"C:\\Users\\Rahul\\AppData\\Local\\Programs\\Python\\Python310\\lib\\site-packages\\django\\db\\models\\sql\\compiler.py\", line 74, in setup_query", "    self.select, self.klass_info, self.annotation_col_map = self.get_select(", "  File \"C:\\Users\\Rahul\\AppData\\Local\\Programs\\Python\\Python310\\lib\\site-packages\\django\\db\\models\\sql\\compiler.py\", line 299, in get_select", "    related_klass_infos = self.get_related_selections(select, select_mask)", "  File \"C:\\Users\\Rahul\\AppData\\Local\\Programs\\Python\\Python310\\lib\\site-packages\\django\\db\\models\\sql\\compiler.py\", line 1396, in get_related_selections", "    raise FieldError(", "django.core.exceptions.FieldError: Invalid field name(s) given in select_related: 'guardian'. Choices are: school", ""]}, "request": {"method": "GET", "path": "/api/athletes/", "ip": "127.0.0.1", "userAgent": "Mozilla/5.0 (Windows NT 10.0; Win64; x64; rv:142.0) Gecko/20100101 Firefox/142.0", "requestId": "2cb5037f-324b-4bdc-a42e-654834822e14", "userId": 3}, "response": {"statusCode": 500}, "context": {"view": "AthleteListCreateView", "viewMethod": null}, "meta": {"service": "athletiq-django", "environment": "development"}}
Internal Server Error: /api/athletes/
{"level": "error", "message": "Exception: FieldError", "timestamp": "2025-08-22T19:23:13.000Z", "error": {"name": "FieldError", "message": "Invalid field name(s) given in select_related: 'guardian'. Choices are: school", "stack": ["Traceback (most recent call last):", "  File \"C:\\Users\\Rahul\\AppData\\Local\\Programs\\Python\\Python310\\lib\\site-packages\\rest_framework\\views.py\", line 512, in dispatch", "    response = handler(request, *args, **kwargs)", "  File \"C:\\Users\\Rahul\\AppData\\Local\\Programs\\Python\\Python310\\lib\\site-packages\\rest_framework\\generics.py\", line 243, in get", "    return self.list(request, *args, **kwargs)", "  File \"C:\\Users\\Rahul\\AppData\\Local\\Programs\\Python\\Python310\\lib\\site-packages\\rest_framework\\mixins.py\", line 40, in list", "    page = self.paginate_queryset(queryset)", "  File \"C:\\Users\\Rahul\\AppData\\Local\\Programs\\Python\\Python310\\lib\\site-packages\\rest_framework\\generics.py\", line 175, in paginate_queryset", "    return self.paginator.paginate_queryset(queryset, self.request, view=self)", "  File \"C:\\Users\\Rahul\\AppData\\Local\\Programs\\Python\\Python310\\lib\\site-packages\\rest_framework\\pagination.py\", line 222, in paginate_queryset", "    return list(self.page)", "  File \"C:\\Users\\Rahul\\AppData\\Local\\Programs\\Python\\Python310\\lib\\site-packages\\django\\core\\paginator.py\", line 191, in __len__", "    return len(self.object_list)", "  File \"C:\\Users\\Rahul\\AppData\\Local\\Programs\\Python\\Python310\\lib\\site-packages\\django\\db\\models\\query.py\", line 366, in __len__", "    self._fetch_all()", "  File \"C:\\Users\\Rahul\\AppData\\Local\\Programs\\Python\\Python310\\lib\\site-packages\\django\\db\\models\\query.py\", line 1949, in _fetch_all", "    self._result_cache = list(self._iterable_class(self))", "  File \"C:\\Users\\Rahul\\AppData\\Local\\Programs\\Python\\Python310\\lib\\site-packages\\django\\db\\models\\query.py\", line 91, in __iter__", "    results = compiler.execute_sql(", "  File \"C:\\Users\\Rahul\\AppData\\Local\\Programs\\Python\\Python310\\lib\\site-packages\\django\\db\\models\\sql\\compiler.py\", line 1610, in execute_sql", "    sql, params = self.as_sql()", "  File \"C:\\Users\\Rahul\\AppData\\Local\\Programs\\Python\\Python310\\lib\\site-packages\\django\\db\\models\\sql\\compiler.py\", line 766, in as_sql", "    extra_select, order_by, group_by = self.pre_sql_setup(", "  File \"C:\\Users\\Rahul\\AppData\\Local\\Programs\\Python\\Python310\\lib\\site-packages\\django\\db\\models\\sql\\compiler.py\", line 85, in pre_sql_setup", "    self.setup_query(with_col_aliases=with_col_aliases)", "  File \"C:\\Users\\Rahul\\AppData\\Local\\Programs\\Python\\Python310\\lib\\site-packages\\django\\db\\models\\sql\\compiler.py\", line 74, in setup_query", "    self.select, self.klass_info, self.annotation_col_map = self.get_select(", "  File \"C:\\Users\\Rahul\\AppData\\Local\\Programs\\Python\\Python310\\lib\\site-packages\\django\\db\\models\\sql\\compiler.py\", line 299, in get_select", "    related_klass_infos = self.get_related_selections(select, select_mask)", "  File \"C:\\Users\\Rahul\\AppData\\Local\\Programs\\Python\\Python310\\lib\\site-packages\\django\\db\\models\\sql\\compiler.py\", line 1396, in get_related_selections", "    raise FieldError(", "django.core.exceptions.FieldError: Invalid field name(s) given in select_related: 'guardian'. Choices are: school", ""]}, "request": {"method": "GET", "path": "/api/athletes/", "ip": "127.0.0.1", "userAgent": "Mozilla/5.0 (Windows NT 10.0; Win64; x64; rv:142.0) Gecko/20100101 Firefox/142.0", "requestId": "1d669f7b-08e4-4cfc-b52d-3a3996b0f3fc", "userId": 3}, "response": {"statusCode": 500}, "context": {"view": "AthleteListCreateView", "viewMethod": null}, "meta": {"service": "athletiq-django", "environment": "development"}}
{"level": "error", "message": "Exception: FieldError", "timestamp": "2025-08-22T19:23:14.000Z", "error": {"name": "FieldError", "message": "Invalid field name(s) given in select_related: 'guardian'. Choices are: school", "stack": ["Traceback (most recent call last):", "  File \"C:\\Users\\Rahul\\AppData\\Local\\Programs\\Python\\Python310\\lib\\site-packages\\rest_framework\\views.py\", line 512, in dispatch", "    response = handler(request, *args, **kwargs)", "  File \"C:\\Users\\Rahul\\AppData\\Local\\Programs\\Python\\Python310\\lib\\site-packages\\rest_framework\\generics.py\", line 243, in get", "    return self.list(request, *args, **kwargs)", "  File \"C:\\Users\\Rahul\\AppData\\Local\\Programs\\Python\\Python310\\lib\\site-packages\\rest_framework\\mixins.py\", line 40, in list", "    page = self.paginate_queryset(queryset)", "  File \"C:\\Users\\Rahul\\AppData\\Local\\Programs\\Python\\Python310\\lib\\site-packages\\rest_framework\\generics.py\", line 175, in paginate_queryset", "    return self.paginator.paginate_queryset(queryset, self.request, view=self)", "  File \"C:\\Users\\Rahul\\AppData\\Local\\Programs\\Python\\Python310\\lib\\site-packages\\rest_framework\\pagination.py\", line 222, in paginate_queryset", "    return list(self.page)", "  File \"C:\\Users\\Rahul\\AppData\\Local\\Programs\\Python\\Python310\\lib\\site-packages\\django\\core\\paginator.py\", line 191, in __len__", "    return len(self.object_list)", "  File \"C:\\Users\\Rahul\\AppData\\Local\\Programs\\Python\\Python310\\lib\\site-packages\\django\\db\\models\\query.py\", line 366, in __len__", "    self._fetch_all()", "  File \"C:\\Users\\Rahul\\AppData\\Local\\Programs\\Python\\Python310\\lib\\site-packages\\django\\db\\models\\query.py\", line 1949, in _fetch_all", "    self._result_cache = list(self._iterable_class(self))", "  File \"C:\\Users\\Rahul\\AppData\\Local\\Programs\\Python\\Python310\\lib\\site-packages\\django\\db\\models\\query.py\", line 91, in __iter__", "    results = compiler.execute_sql(", "  File \"C:\\Users\\Rahul\\AppData\\Local\\Programs\\Python\\Python310\\lib\\site-packages\\django\\db\\models\\sql\\compiler.py\", line 1610, in execute_sql", "    sql, params = self.as_sql()", "  File \"C:\\Users\\Rahul\\AppData\\Local\\Programs\\Python\\Python310\\lib\\site-packages\\django\\db\\models\\sql\\compiler.py\", line 766, in as_sql", "    extra_select, order_by, group_by = self.pre_sql_setup(", "  File \"C:\\Users\\Rahul\\AppData\\Local\\Programs\\Python\\Python310\\lib\\site-packages\\django\\db\\models\\sql\\compiler.py\", line 85, in pre_sql_setup", "    self.setup_query(with_col_aliases=with_col_aliases)", "  File \"C:\\Users\\Rahul\\AppData\\Local\\Programs\\Python\\Python310\\lib\\site-packages\\django\\db\\models\\sql\\compiler.py\", line 74, in setup_query", "    self.select, self.klass_info, self.annotation_col_map = self.get_select(", "  File \"C:\\Users\\Rahul\\AppData\\Local\\Programs\\Python\\Python310\\lib\\site-packages\\django\\db\\models\\sql\\compiler.py\", line 299, in get_select", "    related_klass_infos = self.get_related_selections(select, select_mask)", "  File \"C:\\Users\\Rahul\\AppData\\Local\\Programs\\Python\\Python310\\lib\\site-packages\\django\\db\\models\\sql\\compiler.py\", line 1396, in get_related_selections", "    raise FieldError(", "django.core.exceptions.FieldError: Invalid field name(s) given in select_related: 'guardian'. Choices are: school", ""]}, "request": {"method": "GET", "path": "/api/athletes/", "ip": "127.0.0.1", "userAgent": "Mozilla/5.0 (Windows NT 10.0; Win64; x64; rv:142.0) Gecko/20100101 Firefox/142.0", "requestId": "907cb819-b996-4fb4-af98-8c9dce47ea3e", "userId": 3}, "response": {"statusCode": 500}, "context": {"view": "AthleteListCreateView", "viewMethod": null}, "meta": {"service": "athletiq-django", "environment": "development"}}
Internal Server Error: /api/athletes/
Internal Server Error: /api/athletes/
{"level": "error", "message": "Exception: FieldError", "timestamp": "2025-08-22T19:23:18.000Z", "error": {"name": "FieldError", "message": "Invalid field name(s) given in select_related: 'guardian'. Choices are: school", "stack": ["Traceback (most recent call last):", "  File \"C:\\Users\\Rahul\\AppData\\Local\\Programs\\Python\\Python310\\lib\\site-packages\\rest_framework\\views.py\", line 512, in dispatch", "    response = handler(request, *args, **kwargs)", "  File \"C:\\Users\\Rahul\\AppData\\Local\\Programs\\Python\\Python310\\lib\\site-packages\\rest_framework\\generics.py\", line 243, in get", "    return self.list(request, *args, **kwargs)", "  File \"C:\\Users\\Rahul\\AppData\\Local\\Programs\\Python\\Python310\\lib\\site-packages\\rest_framework\\mixins.py\", line 40, in list", "    page = self.paginate_queryset(queryset)", "  File \"C:\\Users\\Rahul\\AppData\\Local\\Programs\\Python\\Python310\\lib\\site-packages\\rest_framework\\generics.py\", line 175, in paginate_queryset", "    return self.paginator.paginate_queryset(queryset, self.request, view=self)", "  File \"C:\\Users\\Rahul\\AppData\\Local\\Programs\\Python\\Python310\\lib\\site-packages\\rest_framework\\pagination.py\", line 222, in paginate_queryset", "    return list(self.page)", "  File \"C:\\Users\\Rahul\\AppData\\Local\\Programs\\Python\\Python310\\lib\\site-packages\\django\\core\\paginator.py\", line 191, in __len__", "    return len(self.object_list)", "  File \"C:\\Users\\Rahul\\AppData\\Local\\Programs\\Python\\Python310\\lib\\site-packages\\django\\db\\models\\query.py\", line 366, in __len__", "    self._fetch_all()", "  File \"C:\\Users\\Rahul\\AppData\\Local\\Programs\\Python\\Python310\\lib\\site-packages\\django\\db\\models\\query.py\", line 1949, in _fetch_all", "    self._result_cache = list(self._iterable_class(self))", "  File \"C:\\Users\\Rahul\\AppData\\Local\\Programs\\Python\\Python310\\lib\\site-packages\\django\\db\\models\\query.py\", line 91, in __iter__", "    results = compiler.execute_sql(", "  File \"C:\\Users\\Rahul\\AppData\\Local\\Programs\\Python\\Python310\\lib\\site-packages\\django\\db\\models\\sql\\compiler.py\", line 1610, in execute_sql", "    sql, params = self.as_sql()", "  File \"C:\\Users\\Rahul\\AppData\\Local\\Programs\\Python\\Python310\\lib\\site-packages\\django\\db\\models\\sql\\compiler.py\", line 766, in as_sql", "    extra_select, order_by, group_by = self.pre_sql_setup(", "  File \"C:\\Users\\Rahul\\AppData\\Local\\Programs\\Python\\Python310\\lib\\site-packages\\django\\db\\models\\sql\\compiler.py\", line 85, in pre_sql_setup", "    self.setup_query(with_col_aliases=with_col_aliases)", "  File \"C:\\Users\\Rahul\\AppData\\Local\\Programs\\Python\\Python310\\lib\\site-packages\\django\\db\\models\\sql\\compiler.py\", line 74, in setup_query", "    self.select, self.klass_info, self.annotation_col_map = self.get_select(", "  File \"C:\\Users\\Rahul\\AppData\\Local\\Programs\\Python\\Python310\\lib\\site-packages\\django\\db\\models\\sql\\compiler.py\", line 299, in get_select", "    related_klass_infos = self.get_related_selections(select, select_mask)", "  File \"C:\\Users\\Rahul\\AppData\\Local\\Programs\\Python\\Python310\\lib\\site-packages\\django\\db\\models\\sql\\compiler.py\", line 1396, in get_related_selections", "    raise FieldError(", "django.core.exceptions.FieldError: Invalid field name(s) given in select_related: 'guardian'. Choices are: school", ""]}, "request": {"method": "GET", "path": "/api/athletes/", "ip": "127.0.0.1", "userAgent": "Mozilla/5.0 (Windows NT 10.0; Win64; x64; rv:142.0) Gecko/20100101 Firefox/142.0", "requestId": "fbd0a073-3b62-45fb-82bd-12942d433e54", "userId": 3}, "response": {"statusCode": 500}, "context": {"view": "AthleteListCreateView", "viewMethod": null}, "meta": {"service": "athletiq-django", "environment": "development"}}
Internal Server Error: /api/athletes/
{"level": "error", "message": "Exception: FieldError", "timestamp": "2025-08-22T19:26:58.000Z", "error": {"name": "FieldError", "message": "Invalid field name(s) given in select_related: 'guardian'. Choices are: school", "stack": ["Traceback (most recent call last):", "  File \"C:\\Users\\Rahul\\AppData\\Local\\Programs\\Python\\Python310\\lib\\site-packages\\rest_framework\\views.py\", line 512, in dispatch", "    response = handler(request, *args, **kwargs)", "  File \"C:\\Users\\Rahul\\AppData\\Local\\Programs\\Python\\Python310\\lib\\site-packages\\rest_framework\\generics.py\", line 243, in get", "    return self.list(request, *args, **kwargs)", "  File \"C:\\Users\\Rahul\\AppData\\Local\\Programs\\Python\\Python310\\lib\\site-packages\\rest_framework\\mixins.py\", line 40, in list", "    page = self.paginate_queryset(queryset)", "  File \"C:\\Users\\Rahul\\AppData\\Local\\Programs\\Python\\Python310\\lib\\site-packages\\rest_framework\\generics.py\", line 175, in paginate_queryset", "    return self.paginator.paginate_queryset(queryset, self.request, view=self)", "  File \"C:\\Users\\Rahul\\AppData\\Local\\Programs\\Python\\Python310\\lib\\site-packages\\rest_framework\\pagination.py\", line 222, in paginate_queryset", "    return list(self.page)", "  File \"C:\\Users\\Rahul\\AppData\\Local\\Programs\\Python\\Python310\\lib\\site-packages\\django\\core\\paginator.py\", line 191, in __len__", "    return len(self.object_list)", "  File \"C:\\Users\\Rahul\\AppData\\Local\\Programs\\Python\\Python310\\lib\\site-packages\\django\\db\\models\\query.py\", line 366, in __len__", "    self._fetch_all()", "  File \"C:\\Users\\Rahul\\AppData\\Local\\Programs\\Python\\Python310\\lib\\site-packages\\django\\db\\models\\query.py\", line 1949, in _fetch_all", "    self._result_cache = list(self._iterable_class(self))", "  File \"C:\\Users\\Rahul\\AppData\\Local\\Programs\\Python\\Python310\\lib\\site-packages\\django\\db\\models\\query.py\", line 91, in __iter__", "    results = compiler.execute_sql(", "  File \"C:\\Users\\Rahul\\AppData\\Local\\Programs\\Python\\Python310\\lib\\site-packages\\django\\db\\models\\sql\\compiler.py\", line 1610, in execute_sql", "    sql, params = self.as_sql()", "  File \"C:\\Users\\Rahul\\AppData\\Local\\Programs\\Python\\Python310\\lib\\site-packages\\django\\db\\models\\sql\\compiler.py\", line 766, in as_sql", "    extra_select, order_by, group_by = self.pre_sql_setup(", "  File \"C:\\Users\\Rahul\\AppData\\Local\\Programs\\Python\\Python310\\lib\\site-packages\\django\\db\\models\\sql\\compiler.py\", line 85, in pre_sql_setup", "    self.setup_query(with_col_aliases=with_col_aliases)", "  File \"C:\\Users\\Rahul\\AppData\\Local\\Programs\\Python\\Python310\\lib\\site-packages\\django\\db\\models\\sql\\compiler.py\", line 74, in setup_query", "    self.select, self.klass_info, self.annotation_col_map = self.get_select(", "  File \"C:\\Users\\Rahul\\AppData\\Local\\Programs\\Python\\Python310\\lib\\site-packages\\django\\db\\models\\sql\\compiler.py\", line 299, in get_select", "    related_klass_infos = self.get_related_selections(select, select_mask)", "  File \"C:\\Users\\Rahul\\AppData\\Local\\Programs\\Python\\Python310\\lib\\site-packages\\django\\db\\models\\sql\\compiler.py\", line 1396, in get_related_selections", "    raise FieldError(", "django.core.exceptions.FieldError: Invalid field name(s) given in select_related: 'guardian'. Choices are: school", ""]}, "request": {"method": "GET", "path": "/api/athletes/", "ip": "127.0.0.1", "userAgent": "Mozilla/5.0 (Windows NT 10.0; Win64; x64; rv:142.0) Gecko/20100101 Firefox/142.0", "requestId": "4306a00c-56a4-4023-822f-36d514f8371d", "userId": 3}, "response": {"statusCode": 500}, "context": {"view": "AthleteListCreateView", "viewMethod": null}, "meta": {"service": "athletiq-django", "environment": "development"}}
{"level": "error", "message": "Exception: FieldError", "timestamp": "2025-08-22T19:26:58.000Z", "error": {"name": "FieldError", "message": "Invalid field name(s) given in select_related: 'guardian'. Choices are: school", "stack": ["Traceback (most recent call last):", "  File \"C:\\Users\\Rahul\\AppData\\Local\\Programs\\Python\\Python310\\lib\\site-packages\\rest_framework\\views.py\", line 512, in dispatch", "    response = handler(request, *args, **kwargs)", "  File \"C:\\Users\\Rahul\\AppData\\Local\\Programs\\Python\\Python310\\lib\\site-packages\\rest_framework\\generics.py\", line 243, in get", "    return self.list(request, *args, **kwargs)", "  File \"C:\\Users\\Rahul\\AppData\\Local\\Programs\\Python\\Python310\\lib\\site-packages\\rest_framework\\mixins.py\", line 40, in list", "    page = self.paginate_queryset(queryset)", "  File \"C:\\Users\\Rahul\\AppData\\Local\\Programs\\Python\\Python310\\lib\\site-packages\\rest_framework\\generics.py\", line 175, in paginate_queryset", "    return self.paginator.paginate_queryset(queryset, self.request, view=self)", "  File \"C:\\Users\\Rahul\\AppData\\Local\\Programs\\Python\\Python310\\lib\\site-packages\\rest_framework\\pagination.py\", line 222, in paginate_queryset", "    return list(self.page)", "  File \"C:\\Users\\Rahul\\AppData\\Local\\Programs\\Python\\Python310\\lib\\site-packages\\django\\core\\paginator.py\", line 191, in __len__", "    return len(self.object_list)", "  File \"C:\\Users\\Rahul\\AppData\\Local\\Programs\\Python\\Python310\\lib\\site-packages\\django\\db\\models\\query.py\", line 366, in __len__", "    self._fetch_all()", "  File \"C:\\Users\\Rahul\\AppData\\Local\\Programs\\Python\\Python310\\lib\\site-packages\\django\\db\\models\\query.py\", line 1949, in _fetch_all", "    self._result_cache = list(self._iterable_class(self))", "  File \"C:\\Users\\Rahul\\AppData\\Local\\Programs\\Python\\Python310\\lib\\site-packages\\django\\db\\models\\query.py\", line 91, in __iter__", "    results = compiler.execute_sql(", "  File \"C:\\Users\\Rahul\\AppData\\Local\\Programs\\Python\\Python310\\lib\\site-packages\\django\\db\\models\\sql\\compiler.py\", line 1610, in execute_sql", "    sql, params = self.as_sql()", "  File \"C:\\Users\\Rahul\\AppData\\Local\\Programs\\Python\\Python310\\lib\\site-packages\\django\\db\\models\\sql\\compiler.py\", line 766, in as_sql", "    extra_select, order_by, group_by = self.pre_sql_setup(", "  File \"C:\\Users\\Rahul\\AppData\\Local\\Programs\\Python\\Python310\\lib\\site-packages\\django\\db\\models\\sql\\compiler.py\", line 85, in pre_sql_setup", "    self.setup_query(with_col_aliases=with_col_aliases)", "  File \"C:\\Users\\Rahul\\AppData\\Local\\Programs\\Python\\Python310\\lib\\site-packages\\django\\db\\models\\sql\\compiler.py\", line 74, in setup_query", "    self.select, self.klass_info, self.annotation_col_map = self.get_select(", "  File \"C:\\Users\\Rahul\\AppData\\Local\\Programs\\Python\\Python310\\lib\\site-packages\\django\\db\\models\\sql\\compiler.py\", line 299, in get_select", "    related_klass_infos = self.get_related_selections(select, select_mask)", "  File \"C:\\Users\\Rahul\\AppData\\Local\\Programs\\Python\\Python310\\lib\\site-packages\\django\\db\\models\\sql\\compiler.py\", line 1396, in get_related_selections", "    raise FieldError(", "django.core.exceptions.FieldError: Invalid field name(s) given in select_related: 'guardian'. Choices are: school", ""]}, "request": {"method": "GET", "path": "/api/athletes/", "ip": "127.0.0.1", "userAgent": "Mozilla/5.0 (Windows NT 10.0; Win64; x64; rv:142.0) Gecko/20100101 Firefox/142.0", "requestId": "34446ab9-f52f-4587-83bf-2e3f0307cc14", "userId": 3}, "response": {"statusCode": 500}, "context": {"view": "AthleteListCreateView", "viewMethod": null}, "meta": {"service": "athletiq-django", "environment": "development"}}
Internal Server Error: /api/athletes/
Internal Server Error: /api/athletes/
{"level": "error", "message": "Exception: FieldError", "timestamp": "2025-08-22T19:27:02.000Z", "error": {"name": "FieldError", "message": "Invalid field name(s) given in select_related: 'guardian'. Choices are: school", "stack": ["Traceback (most recent call last):", "  File \"C:\\Users\\Rahul\\AppData\\Local\\Programs\\Python\\Python310\\lib\\site-packages\\rest_framework\\views.py\", line 512, in dispatch", "    response = handler(request, *args, **kwargs)", "  File \"C:\\Users\\Rahul\\AppData\\Local\\Programs\\Python\\Python310\\lib\\site-packages\\rest_framework\\generics.py\", line 243, in get", "    return self.list(request, *args, **kwargs)", "  File \"C:\\Users\\Rahul\\AppData\\Local\\Programs\\Python\\Python310\\lib\\site-packages\\rest_framework\\mixins.py\", line 40, in list", "    page = self.paginate_queryset(queryset)", "  File \"C:\\Users\\Rahul\\AppData\\Local\\Programs\\Python\\Python310\\lib\\site-packages\\rest_framework\\generics.py\", line 175, in paginate_queryset", "    return self.paginator.paginate_queryset(queryset, self.request, view=self)", "  File \"C:\\Users\\Rahul\\AppData\\Local\\Programs\\Python\\Python310\\lib\\site-packages\\rest_framework\\pagination.py\", line 222, in paginate_queryset", "    return list(self.page)", "  File \"C:\\Users\\Rahul\\AppData\\Local\\Programs\\Python\\Python310\\lib\\site-packages\\django\\core\\paginator.py\", line 191, in __len__", "    return len(self.object_list)", "  File \"C:\\Users\\Rahul\\AppData\\Local\\Programs\\Python\\Python310\\lib\\site-packages\\django\\db\\models\\query.py\", line 366, in __len__", "    self._fetch_all()", "  File \"C:\\Users\\Rahul\\AppData\\Local\\Programs\\Python\\Python310\\lib\\site-packages\\django\\db\\models\\query.py\", line 1949, in _fetch_all", "    self._result_cache = list(self._iterable_class(self))", "  File \"C:\\Users\\Rahul\\AppData\\Local\\Programs\\Python\\Python310\\lib\\site-packages\\django\\db\\models\\query.py\", line 91, in __iter__", "    results = compiler.execute_sql(", "  File \"C:\\Users\\Rahul\\AppData\\Local\\Programs\\Python\\Python310\\lib\\site-packages\\django\\db\\models\\sql\\compiler.py\", line 1610, in execute_sql", "    sql, params = self.as_sql()", "  File \"C:\\Users\\Rahul\\AppData\\Local\\Programs\\Python\\Python310\\lib\\site-packages\\django\\db\\models\\sql\\compiler.py\", line 766, in as_sql", "    extra_select, order_by, group_by = self.pre_sql_setup(", "  File \"C:\\Users\\Rahul\\AppData\\Local\\Programs\\Python\\Python310\\lib\\site-packages\\django\\db\\models\\sql\\compiler.py\", line 85, in pre_sql_setup", "    self.setup_query(with_col_aliases=with_col_aliases)", "  File \"C:\\Users\\Rahul\\AppData\\Local\\Programs\\Python\\Python310\\lib\\site-packages\\django\\db\\models\\sql\\compiler.py\", line 74, in setup_query", "    self.select, self.klass_info, self.annotation_col_map = self.get_select(", "  File \"C:\\Users\\Rahul\\AppData\\Local\\Programs\\Python\\Python310\\lib\\site-packages\\django\\db\\models\\sql\\compiler.py\", line 299, in get_select", "    related_klass_infos = self.get_related_selections(select, select_mask)", "  File \"C:\\Users\\Rahul\\AppData\\Local\\Programs\\Python\\Python310\\lib\\site-packages\\django\\db\\models\\sql\\compiler.py\", line 1396, in get_related_selections", "    raise FieldError(", "django.core.exceptions.FieldError: Invalid field name(s) given in select_related: 'guardian'. Choices are: school", ""]}, "request": {"method": "GET", "path": "/api/athletes/", "ip": "127.0.0.1", "userAgent": "Mozilla/5.0 (Windows NT 10.0; Win64; x64; rv:142.0) Gecko/20100101 Firefox/142.0", "requestId": "f963f663-bae7-4652-854c-92c6704a820e", "userId": 3}, "response": {"statusCode": 500}, "context": {"view": "AthleteListCreateView", "viewMethod": null}, "meta": {"service": "athletiq-django", "environment": "development"}}
Internal Server Error: /api/athletes/
{"level": "error", "message": "Exception: FieldError", "timestamp": "2025-08-22T19:27:03.000Z", "error": {"name": "FieldError", "message": "Invalid field name(s) given in select_related: 'guardian'. Choices are: school", "stack": ["Traceback (most recent call last):", "  File \"C:\\Users\\Rahul\\AppData\\Local\\Programs\\Python\\Python310\\lib\\site-packages\\rest_framework\\views.py\", line 512, in dispatch", "    response = handler(request, *args, **kwargs)", "  File \"C:\\Users\\Rahul\\AppData\\Local\\Programs\\Python\\Python310\\lib\\site-packages\\rest_framework\\generics.py\", line 243, in get", "    return self.list(request, *args, **kwargs)", "  File \"C:\\Users\\Rahul\\AppData\\Local\\Programs\\Python\\Python310\\lib\\site-packages\\rest_framework\\mixins.py\", line 40, in list", "    page = self.paginate_queryset(queryset)", "  File \"C:\\Users\\Rahul\\AppData\\Local\\Programs\\Python\\Python310\\lib\\site-packages\\rest_framework\\generics.py\", line 175, in paginate_queryset", "    return self.paginator.paginate_queryset(queryset, self.request, view=self)", "  File \"C:\\Users\\Rahul\\AppData\\Local\\Programs\\Python\\Python310\\lib\\site-packages\\rest_framework\\pagination.py\", line 222, in paginate_queryset", "    return list(self.page)", "  File \"C:\\Users\\Rahul\\AppData\\Local\\Programs\\Python\\Python310\\lib\\site-packages\\django\\core\\paginator.py\", line 191, in __len__", "    return len(self.object_list)", "  File \"C:\\Users\\Rahul\\AppData\\Local\\Programs\\Python\\Python310\\lib\\site-packages\\django\\db\\models\\query.py\", line 366, in __len__", "    self._fetch_all()", "  File \"C:\\Users\\Rahul\\AppData\\Local\\Programs\\Python\\Python310\\lib\\site-packages\\django\\db\\models\\query.py\", line 1949, in _fetch_all", "    self._result_cache = list(self._iterable_class(self))", "  File \"C:\\Users\\Rahul\\AppData\\Local\\Programs\\Python\\Python310\\lib\\site-packages\\django\\db\\models\\query.py\", line 91, in __iter__", "    results = compiler.execute_sql(", "  File \"C:\\Users\\Rahul\\AppData\\Local\\Programs\\Python\\Python310\\lib\\site-packages\\django\\db\\models\\sql\\compiler.py\", line 1610, in execute_sql", "    sql, params = self.as_sql()", "  File \"C:\\Users\\Rahul\\AppData\\Local\\Programs\\Python\\Python310\\lib\\site-packages\\django\\db\\models\\sql\\compiler.py\", line 766, in as_sql", "    extra_select, order_by, group_by = self.pre_sql_setup(", "  File \"C:\\Users\\Rahul\\AppData\\Local\\Programs\\Python\\Python310\\lib\\site-packages\\django\\db\\models\\sql\\compiler.py\", line 85, in pre_sql_setup", "    self.setup_query(with_col_aliases=with_col_aliases)", "  File \"C:\\Users\\Rahul\\AppData\\Local\\Programs\\Python\\Python310\\lib\\site-packages\\django\\db\\models\\sql\\compiler.py\", line 74, in setup_query", "    self.select, self.klass_info, self.annotation_col_map = self.get_select(", "  File \"C:\\Users\\Rahul\\AppData\\Local\\Programs\\Python\\Python310\\lib\\site-packages\\django\\db\\models\\sql\\compiler.py\", line 299, in get_select", "    related_klass_infos = self.get_related_selections(select, select_mask)", "  File \"C:\\Users\\Rahul\\AppData\\Local\\Programs\\Python\\Python310\\lib\\site-packages\\django\\db\\models\\sql\\compiler.py\", line 1396, in get_related_selections", "    raise FieldError(", "django.core.exceptions.FieldError: Invalid field name(s) given in select_related: 'guardian'. Choices are: school", ""]}, "request": {"method": "GET", "path": "/api/athletes/", "ip": "127.0.0.1", "userAgent": "Mozilla/5.0 (Windows NT 10.0; Win64; x64; rv:142.0) Gecko/20100101 Firefox/142.0", "requestId": "7abf8242-b3ec-483d-81e3-4370e6f376f4", "userId": 3}, "response": {"statusCode": 500}, "context": {"view": "AthleteListCreateView", "viewMethod": null}, "meta": {"service": "athletiq-django", "environment": "development"}}
{"level": "error", "message": "Exception: FieldError", "timestamp": "2025-08-22T19:27:03.000Z", "error": {"name": "FieldError", "message": "Invalid field name(s) given in select_related: 'guardian'. Choices are: school", "stack": ["Traceback (most recent call last):", "  File \"C:\\Users\\Rahul\\AppData\\Local\\Programs\\Python\\Python310\\lib\\site-packages\\rest_framework\\views.py\", line 512, in dispatch", "    response = handler(request, *args, **kwargs)", "  File \"C:\\Users\\Rahul\\AppData\\Local\\Programs\\Python\\Python310\\lib\\site-packages\\rest_framework\\generics.py\", line 243, in get", "    return self.list(request, *args, **kwargs)", "  File \"C:\\Users\\Rahul\\AppData\\Local\\Programs\\Python\\Python310\\lib\\site-packages\\rest_framework\\mixins.py\", line 40, in list", "    page = self.paginate_queryset(queryset)", "  File \"C:\\Users\\Rahul\\AppData\\Local\\Programs\\Python\\Python310\\lib\\site-packages\\rest_framework\\generics.py\", line 175, in paginate_queryset", "    return self.paginator.paginate_queryset(queryset, self.request, view=self)", "  File \"C:\\Users\\Rahul\\AppData\\Local\\Programs\\Python\\Python310\\lib\\site-packages\\rest_framework\\pagination.py\", line 222, in paginate_queryset", "    return list(self.page)", "  File \"C:\\Users\\Rahul\\AppData\\Local\\Programs\\Python\\Python310\\lib\\site-packages\\django\\core\\paginator.py\", line 191, in __len__", "    return len(self.object_list)", "  File \"C:\\Users\\Rahul\\AppData\\Local\\Programs\\Python\\Python310\\lib\\site-packages\\django\\db\\models\\query.py\", line 366, in __len__", "    self._fetch_all()", "  File \"C:\\Users\\Rahul\\AppData\\Local\\Programs\\Python\\Python310\\lib\\site-packages\\django\\db\\models\\query.py\", line 1949, in _fetch_all", "    self._result_cache = list(self._iterable_class(self))", "  File \"C:\\Users\\Rahul\\AppData\\Local\\Programs\\Python\\Python310\\lib\\site-packages\\django\\db\\models\\query.py\", line 91, in __iter__", "    results = compiler.execute_sql(", "  File \"C:\\Users\\Rahul\\AppData\\Local\\Programs\\Python\\Python310\\lib\\site-packages\\django\\db\\models\\sql\\compiler.py\", line 1610, in execute_sql", "    sql, params = self.as_sql()", "  File \"C:\\Users\\Rahul\\AppData\\Local\\Programs\\Python\\Python310\\lib\\site-packages\\django\\db\\models\\sql\\compiler.py\", line 766, in as_sql", "    extra_select, order_by, group_by = self.pre_sql_setup(", "  File \"C:\\Users\\Rahul\\AppData\\Local\\Programs\\Python\\Python310\\lib\\site-packages\\django\\db\\models\\sql\\compiler.py\", line 85, in pre_sql_setup", "    self.setup_query(with_col_aliases=with_col_aliases)", "  File \"C:\\Users\\Rahul\\AppData\\Local\\Programs\\Python\\Python310\\lib\\site-packages\\django\\db\\models\\sql\\compiler.py\", line 74, in setup_query", "    self.select, self.klass_info, self.annotation_col_map = self.get_select(", "  File \"C:\\Users\\Rahul\\AppData\\Local\\Programs\\Python\\Python310\\lib\\site-packages\\django\\db\\models\\sql\\compiler.py\", line 299, in get_select", "    related_klass_infos = self.get_related_selections(select, select_mask)", "  File \"C:\\Users\\Rahul\\AppData\\Local\\Programs\\Python\\Python310\\lib\\site-packages\\django\\db\\models\\sql\\compiler.py\", line 1396, in get_related_selections", "    raise FieldError(", "django.core.exceptions.FieldError: Invalid field name(s) given in select_related: 'guardian'. Choices are: school", ""]}, "request": {"method": "GET", "path": "/api/athletes/", "ip": "127.0.0.1", "userAgent": "Mozilla/5.0 (Windows NT 10.0; Win64; x64; rv:142.0) Gecko/20100101 Firefox/142.0", "requestId": "9a5258a4-8609-4f36-8112-0f853f0823a8", "userId": 3}, "response": {"statusCode": 500}, "context": {"view": "AthleteListCreateView", "viewMethod": null}, "meta": {"service": "athletiq-django", "environment": "development"}}
Internal Server Error: /api/athletes/
Internal Server Error: /api/athletes/
{"level": "error", "message": "Exception: FieldError", "timestamp": "2025-08-22T19:27:05.000Z", "error": {"name": "FieldError", "message": "Invalid field name(s) given in select_related: 'guardian'. Choices are: school", "stack": ["Traceback (most recent call last):", "  File \"C:\\Users\\Rahul\\AppData\\Local\\Programs\\Python\\Python310\\lib\\site-packages\\rest_framework\\views.py\", line 512, in dispatch", "    response = handler(request, *args, **kwargs)", "  File \"C:\\Users\\Rahul\\AppData\\Local\\Programs\\Python\\Python310\\lib\\site-packages\\rest_framework\\generics.py\", line 243, in get", "    return self.list(request, *args, **kwargs)", "  File \"C:\\Users\\Rahul\\AppData\\Local\\Programs\\Python\\Python310\\lib\\site-packages\\rest_framework\\mixins.py\", line 40, in list", "    page = self.paginate_queryset(queryset)", "  File \"C:\\Users\\Rahul\\AppData\\Local\\Programs\\Python\\Python310\\lib\\site-packages\\rest_framework\\generics.py\", line 175, in paginate_queryset", "    return self.paginator.paginate_queryset(queryset, self.request, view=self)", "  File \"C:\\Users\\Rahul\\AppData\\Local\\Programs\\Python\\Python310\\lib\\site-packages\\rest_framework\\pagination.py\", line 222, in paginate_queryset", "    return list(self.page)", "  File \"C:\\Users\\Rahul\\AppData\\Local\\Programs\\Python\\Python310\\lib\\site-packages\\django\\core\\paginator.py\", line 191, in __len__", "    return len(self.object_list)", "  File \"C:\\Users\\Rahul\\AppData\\Local\\Programs\\Python\\Python310\\lib\\site-packages\\django\\db\\models\\query.py\", line 366, in __len__", "    self._fetch_all()", "  File \"C:\\Users\\Rahul\\AppData\\Local\\Programs\\Python\\Python310\\lib\\site-packages\\django\\db\\models\\query.py\", line 1949, in _fetch_all", "    self._result_cache = list(self._iterable_class(self))", "  File \"C:\\Users\\Rahul\\AppData\\Local\\Programs\\Python\\Python310\\lib\\site-packages\\django\\db\\models\\query.py\", line 91, in __iter__", "    results = compiler.execute_sql(", "  File \"C:\\Users\\Rahul\\AppData\\Local\\Programs\\Python\\Python310\\lib\\site-packages\\django\\db\\models\\sql\\compiler.py\", line 1610, in execute_sql", "    sql, params = self.as_sql()", "  File \"C:\\Users\\Rahul\\AppData\\Local\\Programs\\Python\\Python310\\lib\\site-packages\\django\\db\\models\\sql\\compiler.py\", line 766, in as_sql", "    extra_select, order_by, group_by = self.pre_sql_setup(", "  File \"C:\\Users\\Rahul\\AppData\\Local\\Programs\\Python\\Python310\\lib\\site-packages\\django\\db\\models\\sql\\compiler.py\", line 85, in pre_sql_setup", "    self.setup_query(with_col_aliases=with_col_aliases)", "  File \"C:\\Users\\Rahul\\AppData\\Local\\Programs\\Python\\Python310\\lib\\site-packages\\django\\db\\models\\sql\\compiler.py\", line 74, in setup_query", "    self.select, self.klass_info, self.annotation_col_map = self.get_select(", "  File \"C:\\Users\\Rahul\\AppData\\Local\\Programs\\Python\\Python310\\lib\\site-packages\\django\\db\\models\\sql\\compiler.py\", line 299, in get_select", "    related_klass_infos = self.get_related_selections(select, select_mask)", "  File \"C:\\Users\\Rahul\\AppData\\Local\\Programs\\Python\\Python310\\lib\\site-packages\\django\\db\\models\\sql\\compiler.py\", line 1396, in get_related_selections", "    raise FieldError(", "django.core.exceptions.FieldError: Invalid field name(s) given in select_related: 'guardian'. Choices are: school", ""]}, "request": {"method": "GET", "path": "/api/athletes/", "ip": "127.0.0.1", "userAgent": "Mozilla/5.0 (Windows NT 10.0; Win64; x64; rv:142.0) Gecko/20100101 Firefox/142.0", "requestId": "9441e368-09dd-44a8-a3d5-cce0babc64d0", "userId": 3}, "response": {"statusCode": 500}, "context": {"view": "AthleteListCreateView", "viewMethod": null}, "meta": {"service": "athletiq-django", "environment": "development"}}
Internal Server Error: /api/athletes/
{"level": "error", "message": "Exception: FieldError", "timestamp": "2025-08-22T19:27:07.000Z", "error": {"name": "FieldError", "message": "Invalid field name(s) given in select_related: 'guardian'. Choices are: school", "stack": ["Traceback (most recent call last):", "  File \"C:\\Users\\Rahul\\AppData\\Local\\Programs\\Python\\Python310\\lib\\site-packages\\rest_framework\\views.py\", line 512, in dispatch", "    response = handler(request, *args, **kwargs)", "  File \"C:\\Users\\Rahul\\AppData\\Local\\Programs\\Python\\Python310\\lib\\site-packages\\rest_framework\\generics.py\", line 243, in get", "    return self.list(request, *args, **kwargs)", "  File \"C:\\Users\\Rahul\\AppData\\Local\\Programs\\Python\\Python310\\lib\\site-packages\\rest_framework\\mixins.py\", line 40, in list", "    page = self.paginate_queryset(queryset)", "  File \"C:\\Users\\Rahul\\AppData\\Local\\Programs\\Python\\Python310\\lib\\site-packages\\rest_framework\\generics.py\", line 175, in paginate_queryset", "    return self.paginator.paginate_queryset(queryset, self.request, view=self)", "  File \"C:\\Users\\Rahul\\AppData\\Local\\Programs\\Python\\Python310\\lib\\site-packages\\rest_framework\\pagination.py\", line 222, in paginate_queryset", "    return list(self.page)", "  File \"C:\\Users\\Rahul\\AppData\\Local\\Programs\\Python\\Python310\\lib\\site-packages\\django\\core\\paginator.py\", line 191, in __len__", "    return len(self.object_list)", "  File \"C:\\Users\\Rahul\\AppData\\Local\\Programs\\Python\\Python310\\lib\\site-packages\\django\\db\\models\\query.py\", line 366, in __len__", "    self._fetch_all()", "  File \"C:\\Users\\Rahul\\AppData\\Local\\Programs\\Python\\Python310\\lib\\site-packages\\django\\db\\models\\query.py\", line 1949, in _fetch_all", "    self._result_cache = list(self._iterable_class(self))", "  File \"C:\\Users\\Rahul\\AppData\\Local\\Programs\\Python\\Python310\\lib\\site-packages\\django\\db\\models\\query.py\", line 91, in __iter__", "    results = compiler.execute_sql(", "  File \"C:\\Users\\Rahul\\AppData\\Local\\Programs\\Python\\Python310\\lib\\site-packages\\django\\db\\models\\sql\\compiler.py\", line 1610, in execute_sql", "    sql, params = self.as_sql()", "  File \"C:\\Users\\Rahul\\AppData\\Local\\Programs\\Python\\Python310\\lib\\site-packages\\django\\db\\models\\sql\\compiler.py\", line 766, in as_sql", "    extra_select, order_by, group_by = self.pre_sql_setup(", "  File \"C:\\Users\\Rahul\\AppData\\Local\\Programs\\Python\\Python310\\lib\\site-packages\\django\\db\\models\\sql\\compiler.py\", line 85, in pre_sql_setup", "    self.setup_query(with_col_aliases=with_col_aliases)", "  File \"C:\\Users\\Rahul\\AppData\\Local\\Programs\\Python\\Python310\\lib\\site-packages\\django\\db\\models\\sql\\compiler.py\", line 74, in setup_query", "    self.select, self.klass_info, self.annotation_col_map = self.get_select(", "  File \"C:\\Users\\Rahul\\AppData\\Local\\Programs\\Python\\Python310\\lib\\site-packages\\django\\db\\models\\sql\\compiler.py\", line 299, in get_select", "    related_klass_infos = self.get_related_selections(select, select_mask)", "  File \"C:\\Users\\Rahul\\AppData\\Local\\Programs\\Python\\Python310\\lib\\site-packages\\django\\db\\models\\sql\\compiler.py\", line 1396, in get_related_selections", "    raise FieldError(", "django.core.exceptions.FieldError: Invalid field name(s) given in select_related: 'guardian'. Choices are: school", ""]}, "request": {"method": "GET", "path": "/api/athletes/", "ip": "127.0.0.1", "userAgent": "Mozilla/5.0 (Windows NT 10.0; Win64; x64; rv:142.0) Gecko/20100101 Firefox/142.0", "requestId": "1c4b6533-886e-41f8-981d-a6dd39db658c", "userId": 3}, "response": {"statusCode": 500}, "context": {"view": "AthleteListCreateView", "viewMethod": null}, "meta": {"service": "athletiq-django", "environment": "development"}}
{"level": "error", "message": "Exception: FieldError", "timestamp": "2025-08-22T19:27:08.000Z", "error": {"name": "FieldError", "message": "Invalid field name(s) given in select_related: 'guardian'. Choices are: school", "stack": ["Traceback (most recent call last):", "  File \"C:\\Users\\Rahul\\AppData\\Local\\Programs\\Python\\Python310\\lib\\site-packages\\rest_framework\\views.py\", line 512, in dispatch", "    response = handler(request, *args, **kwargs)", "  File \"C:\\Users\\Rahul\\AppData\\Local\\Programs\\Python\\Python310\\lib\\site-packages\\rest_framework\\generics.py\", line 243, in get", "    return self.list(request, *args, **kwargs)", "  File \"C:\\Users\\Rahul\\AppData\\Local\\Programs\\Python\\Python310\\lib\\site-packages\\rest_framework\\mixins.py\", line 40, in list", "    page = self.paginate_queryset(queryset)", "  File \"C:\\Users\\Rahul\\AppData\\Local\\Programs\\Python\\Python310\\lib\\site-packages\\rest_framework\\generics.py\", line 175, in paginate_queryset", "    return self.paginator.paginate_queryset(queryset, self.request, view=self)", "  File \"C:\\Users\\Rahul\\AppData\\Local\\Programs\\Python\\Python310\\lib\\site-packages\\rest_framework\\pagination.py\", line 222, in paginate_queryset", "    return list(self.page)", "  File \"C:\\Users\\Rahul\\AppData\\Local\\Programs\\Python\\Python310\\lib\\site-packages\\django\\core\\paginator.py\", line 191, in __len__", "    return len(self.object_list)", "  File \"C:\\Users\\Rahul\\AppData\\Local\\Programs\\Python\\Python310\\lib\\site-packages\\django\\db\\models\\query.py\", line 366, in __len__", "    self._fetch_all()", "  File \"C:\\Users\\Rahul\\AppData\\Local\\Programs\\Python\\Python310\\lib\\site-packages\\django\\db\\models\\query.py\", line 1949, in _fetch_all", "    self._result_cache = list(self._iterable_class(self))", "  File \"C:\\Users\\Rahul\\AppData\\Local\\Programs\\Python\\Python310\\lib\\site-packages\\django\\db\\models\\query.py\", line 91, in __iter__", "    results = compiler.execute_sql(", "  File \"C:\\Users\\Rahul\\AppData\\Local\\Programs\\Python\\Python310\\lib\\site-packages\\django\\db\\models\\sql\\compiler.py\", line 1610, in execute_sql", "    sql, params = self.as_sql()", "  File \"C:\\Users\\Rahul\\AppData\\Local\\Programs\\Python\\Python310\\lib\\site-packages\\django\\db\\models\\sql\\compiler.py\", line 766, in as_sql", "    extra_select, order_by, group_by = self.pre_sql_setup(", "  File \"C:\\Users\\Rahul\\AppData\\Local\\Programs\\Python\\Python310\\lib\\site-packages\\django\\db\\models\\sql\\compiler.py\", line 85, in pre_sql_setup", "    self.setup_query(with_col_aliases=with_col_aliases)", "  File \"C:\\Users\\Rahul\\AppData\\Local\\Programs\\Python\\Python310\\lib\\site-packages\\django\\db\\models\\sql\\compiler.py\", line 74, in setup_query", "    self.select, self.klass_info, self.annotation_col_map = self.get_select(", "  File \"C:\\Users\\Rahul\\AppData\\Local\\Programs\\Python\\Python310\\lib\\site-packages\\django\\db\\models\\sql\\compiler.py\", line 299, in get_select", "    related_klass_infos = self.get_related_selections(select, select_mask)", "  File \"C:\\Users\\Rahul\\AppData\\Local\\Programs\\Python\\Python310\\lib\\site-packages\\django\\db\\models\\sql\\compiler.py\", line 1396, in get_related_selections", "    raise FieldError(", "django.core.exceptions.FieldError: Invalid field name(s) given in select_related: 'guardian'. Choices are: school", ""]}, "request": {"method": "GET", "path": "/api/athletes/", "ip": "127.0.0.1", "userAgent": "Mozilla/5.0 (Windows NT 10.0; Win64; x64; rv:142.0) Gecko/20100101 Firefox/142.0", "requestId": "a7ebf37d-83a9-4d43-abed-62c2dd68a960", "userId": 3}, "response": {"statusCode": 500}, "context": {"view": "AthleteListCreateView", "viewMethod": null}, "meta": {"service": "athletiq-django", "environment": "development"}}
Internal Server Error: /api/athletes/
Internal Server Error: /api/athletes/
{"level": "error", "message": "Exception: FieldError", "timestamp": "2025-08-22T19:27:09.000Z", "error": {"name": "FieldError", "message": "Invalid field name(s) given in select_related: 'guardian'. Choices are: school", "stack": ["Traceback (most recent call last):", "  File \"C:\\Users\\Rahul\\AppData\\Local\\Programs\\Python\\Python310\\lib\\site-packages\\rest_framework\\views.py\", line 512, in dispatch", "    response = handler(request, *args, **kwargs)", "  File \"C:\\Users\\Rahul\\AppData\\Local\\Programs\\Python\\Python310\\lib\\site-packages\\rest_framework\\generics.py\", line 243, in get", "    return self.list(request, *args, **kwargs)", "  File \"C:\\Users\\Rahul\\AppData\\Local\\Programs\\Python\\Python310\\lib\\site-packages\\rest_framework\\mixins.py\", line 40, in list", "    page = self.paginate_queryset(queryset)", "  File \"C:\\Users\\Rahul\\AppData\\Local\\Programs\\Python\\Python310\\lib\\site-packages\\rest_framework\\generics.py\", line 175, in paginate_queryset", "    return self.paginator.paginate_queryset(queryset, self.request, view=self)", "  File \"C:\\Users\\Rahul\\AppData\\Local\\Programs\\Python\\Python310\\lib\\site-packages\\rest_framework\\pagination.py\", line 222, in paginate_queryset", "    return list(self.page)", "  File \"C:\\Users\\Rahul\\AppData\\Local\\Programs\\Python\\Python310\\lib\\site-packages\\django\\core\\paginator.py\", line 191, in __len__", "    return len(self.object_list)", "  File \"C:\\Users\\Rahul\\AppData\\Local\\Programs\\Python\\Python310\\lib\\site-packages\\django\\db\\models\\query.py\", line 366, in __len__", "    self._fetch_all()", "  File \"C:\\Users\\Rahul\\AppData\\Local\\Programs\\Python\\Python310\\lib\\site-packages\\django\\db\\models\\query.py\", line 1949, in _fetch_all", "    self._result_cache = list(self._iterable_class(self))", "  File \"C:\\Users\\Rahul\\AppData\\Local\\Programs\\Python\\Python310\\lib\\site-packages\\django\\db\\models\\query.py\", line 91, in __iter__", "    results = compiler.execute_sql(", "  File \"C:\\Users\\Rahul\\AppData\\Local\\Programs\\Python\\Python310\\lib\\site-packages\\django\\db\\models\\sql\\compiler.py\", line 1610, in execute_sql", "    sql, params = self.as_sql()", "  File \"C:\\Users\\Rahul\\AppData\\Local\\Programs\\Python\\Python310\\lib\\site-packages\\django\\db\\models\\sql\\compiler.py\", line 766, in as_sql", "    extra_select, order_by, group_by = self.pre_sql_setup(", "  File \"C:\\Users\\Rahul\\AppData\\Local\\Programs\\Python\\Python310\\lib\\site-packages\\django\\db\\models\\sql\\compiler.py\", line 85, in pre_sql_setup", "    self.setup_query(with_col_aliases=with_col_aliases)", "  File \"C:\\Users\\Rahul\\AppData\\Local\\Programs\\Python\\Python310\\lib\\site-packages\\django\\db\\models\\sql\\compiler.py\", line 74, in setup_query", "    self.select, self.klass_info, self.annotation_col_map = self.get_select(", "  File \"C:\\Users\\Rahul\\AppData\\Local\\Programs\\Python\\Python310\\lib\\site-packages\\django\\db\\models\\sql\\compiler.py\", line 299, in get_select", "    related_klass_infos = self.get_related_selections(select, select_mask)", "  File \"C:\\Users\\Rahul\\AppData\\Local\\Programs\\Python\\Python310\\lib\\site-packages\\django\\db\\models\\sql\\compiler.py\", line 1396, in get_related_selections", "    raise FieldError(", "django.core.exceptions.FieldError: Invalid field name(s) given in select_related: 'guardian'. Choices are: school", ""]}, "request": {"method": "GET", "path": "/api/athletes/", "ip": "127.0.0.1", "userAgent": "Mozilla/5.0 (Windows NT 10.0; Win64; x64; rv:142.0) Gecko/20100101 Firefox/142.0", "requestId": "76269905-4967-4f83-97b3-b017255f4eec", "userId": 3}, "response": {"statusCode": 500}, "context": {"view": "AthleteListCreateView", "viewMethod": null}, "meta": {"service": "athletiq-django", "environment": "development"}}
Internal Server Error: /api/athletes/
{"level": "error", "message": "Exception: FieldError", "timestamp": "2025-08-22T19:27:12.000Z", "error": {"name": "FieldError", "message": "Invalid field name(s) given in select_related: 'guardian'. Choices are: school", "stack": ["Traceback (most recent call last):", "  File \"C:\\Users\\Rahul\\AppData\\Local\\Programs\\Python\\Python310\\lib\\site-packages\\rest_framework\\views.py\", line 512, in dispatch", "    response = handler(request, *args, **kwargs)", "  File \"C:\\Users\\Rahul\\AppData\\Local\\Programs\\Python\\Python310\\lib\\site-packages\\rest_framework\\generics.py\", line 243, in get", "    return self.list(request, *args, **kwargs)", "  File \"C:\\Users\\Rahul\\AppData\\Local\\Programs\\Python\\Python310\\lib\\site-packages\\rest_framework\\mixins.py\", line 40, in list", "    page = self.paginate_queryset(queryset)", "  File \"C:\\Users\\Rahul\\AppData\\Local\\Programs\\Python\\Python310\\lib\\site-packages\\rest_framework\\generics.py\", line 175, in paginate_queryset", "    return self.paginator.paginate_queryset(queryset, self.request, view=self)", "  File \"C:\\Users\\Rahul\\AppData\\Local\\Programs\\Python\\Python310\\lib\\site-packages\\rest_framework\\pagination.py\", line 222, in paginate_queryset", "    return list(self.page)", "  File \"C:\\Users\\Rahul\\AppData\\Local\\Programs\\Python\\Python310\\lib\\site-packages\\django\\core\\paginator.py\", line 191, in __len__", "    return len(self.object_list)", "  File \"C:\\Users\\Rahul\\AppData\\Local\\Programs\\Python\\Python310\\lib\\site-packages\\django\\db\\models\\query.py\", line 366, in __len__", "    self._fetch_all()", "  File \"C:\\Users\\Rahul\\AppData\\Local\\Programs\\Python\\Python310\\lib\\site-packages\\django\\db\\models\\query.py\", line 1949, in _fetch_all", "    self._result_cache = list(self._iterable_class(self))", "  File \"C:\\Users\\Rahul\\AppData\\Local\\Programs\\Python\\Python310\\lib\\site-packages\\django\\db\\models\\query.py\", line 91, in __iter__", "    results = compiler.execute_sql(", "  File \"C:\\Users\\Rahul\\AppData\\Local\\Programs\\Python\\Python310\\lib\\site-packages\\django\\db\\models\\sql\\compiler.py\", line 1610, in execute_sql", "    sql, params = self.as_sql()", "  File \"C:\\Users\\Rahul\\AppData\\Local\\Programs\\Python\\Python310\\lib\\site-packages\\django\\db\\models\\sql\\compiler.py\", line 766, in as_sql", "    extra_select, order_by, group_by = self.pre_sql_setup(", "  File \"C:\\Users\\Rahul\\AppData\\Local\\Programs\\Python\\Python310\\lib\\site-packages\\django\\db\\models\\sql\\compiler.py\", line 85, in pre_sql_setup", "    self.setup_query(with_col_aliases=with_col_aliases)", "  File \"C:\\Users\\Rahul\\AppData\\Local\\Programs\\Python\\Python310\\lib\\site-packages\\django\\db\\models\\sql\\compiler.py\", line 74, in setup_query", "    self.select, self.klass_info, self.annotation_col_map = self.get_select(", "  File \"C:\\Users\\Rahul\\AppData\\Local\\Programs\\Python\\Python310\\lib\\site-packages\\django\\db\\models\\sql\\compiler.py\", line 299, in get_select", "    related_klass_infos = self.get_related_selections(select, select_mask)", "  File \"C:\\Users\\Rahul\\AppData\\Local\\Programs\\Python\\Python310\\lib\\site-packages\\django\\db\\models\\sql\\compiler.py\", line 1396, in get_related_selections", "    raise FieldError(", "django.core.exceptions.FieldError: Invalid field name(s) given in select_related: 'guardian'. Choices are: school", ""]}, "request": {"method": "GET", "path": "/api/athletes/", "ip": "127.0.0.1", "userAgent": "Mozilla/5.0 (Windows NT 10.0; Win64; x64; rv:142.0) Gecko/20100101 Firefox/142.0", "requestId": "bb83adb9-c913-49b8-8c92-cc69377cd737", "userId": 3}, "response": {"statusCode": 500}, "context": {"view": "AthleteListCreateView", "viewMethod": null}, "meta": {"service": "athletiq-django", "environment": "development"}}
Internal Server Error: /api/athletes/
{"level": "error", "message": "Exception: FieldError", "timestamp": "2025-08-22T19:27:13.000Z", "error": {"name": "FieldError", "message": "Invalid field name(s) given in select_related: 'guardian'. Choices are: school", "stack": ["Traceback (most recent call last):", "  File \"C:\\Users\\Rahul\\AppData\\Local\\Programs\\Python\\Python310\\lib\\site-packages\\rest_framework\\views.py\", line 512, in dispatch", "    response = handler(request, *args, **kwargs)", "  File \"C:\\Users\\Rahul\\AppData\\Local\\Programs\\Python\\Python310\\lib\\site-packages\\rest_framework\\generics.py\", line 243, in get", "    return self.list(request, *args, **kwargs)", "  File \"C:\\Users\\Rahul\\AppData\\Local\\Programs\\Python\\Python310\\lib\\site-packages\\rest_framework\\mixins.py\", line 40, in list", "    page = self.paginate_queryset(queryset)", "  File \"C:\\Users\\Rahul\\AppData\\Local\\Programs\\Python\\Python310\\lib\\site-packages\\rest_framework\\generics.py\", line 175, in paginate_queryset", "    return self.paginator.paginate_queryset(queryset, self.request, view=self)", "  File \"C:\\Users\\Rahul\\AppData\\Local\\Programs\\Python\\Python310\\lib\\site-packages\\rest_framework\\pagination.py\", line 222, in paginate_queryset", "    return list(self.page)", "  File \"C:\\Users\\Rahul\\AppData\\Local\\Programs\\Python\\Python310\\lib\\site-packages\\django\\core\\paginator.py\", line 191, in __len__", "    return len(self.object_list)", "  File \"C:\\Users\\Rahul\\AppData\\Local\\Programs\\Python\\Python310\\lib\\site-packages\\django\\db\\models\\query.py\", line 366, in __len__", "    self._fetch_all()", "  File \"C:\\Users\\Rahul\\AppData\\Local\\Programs\\Python\\Python310\\lib\\site-packages\\django\\db\\models\\query.py\", line 1949, in _fetch_all", "    self._result_cache = list(self._iterable_class(self))", "  File \"C:\\Users\\Rahul\\AppData\\Local\\Programs\\Python\\Python310\\lib\\site-packages\\django\\db\\models\\query.py\", line 91, in __iter__", "    results = compiler.execute_sql(", "  File \"C:\\Users\\Rahul\\AppData\\Local\\Programs\\Python\\Python310\\lib\\site-packages\\django\\db\\models\\sql\\compiler.py\", line 1610, in execute_sql", "    sql, params = self.as_sql()", "  File \"C:\\Users\\Rahul\\AppData\\Local\\Programs\\Python\\Python310\\lib\\site-packages\\django\\db\\models\\sql\\compiler.py\", line 766, in as_sql", "    extra_select, order_by, group_by = self.pre_sql_setup(", "  File \"C:\\Users\\Rahul\\AppData\\Local\\Programs\\Python\\Python310\\lib\\site-packages\\django\\db\\models\\sql\\compiler.py\", line 85, in pre_sql_setup", "    self.setup_query(with_col_aliases=with_col_aliases)", "  File \"C:\\Users\\Rahul\\AppData\\Local\\Programs\\Python\\Python310\\lib\\site-packages\\django\\db\\models\\sql\\compiler.py\", line 74, in setup_query", "    self.select, self.klass_info, self.annotation_col_map = self.get_select(", "  File \"C:\\Users\\Rahul\\AppData\\Local\\Programs\\Python\\Python310\\lib\\site-packages\\django\\db\\models\\sql\\compiler.py\", line 299, in get_select", "    related_klass_infos = self.get_related_selections(select, select_mask)", "  File \"C:\\Users\\Rahul\\AppData\\Local\\Programs\\Python\\Python310\\lib\\site-packages\\django\\db\\models\\sql\\compiler.py\", line 1396, in get_related_selections", "    raise FieldError(", "django.core.exceptions.FieldError: Invalid field name(s) given in select_related: 'guardian'. Choices are: school", ""]}, "request": {"method": "GET", "path": "/api/athletes/", "ip": "127.0.0.1", "userAgent": "Mozilla/5.0 (Windows NT 10.0; Win64; x64; rv:142.0) Gecko/20100101 Firefox/142.0", "requestId": "876458fa-fe26-460a-b6a0-b67f05af7e64", "userId": 3}, "response": {"statusCode": 500}, "context": {"view": "AthleteListCreateView", "viewMethod": null}, "meta": {"service": "athletiq-django", "environment": "development"}}
Internal Server Error: /api/athletes/
{"level": "error", "message": "Exception: FieldError", "timestamp": "2025-08-22T19:27:14.000Z", "error": {"name": "FieldError", "message": "Invalid field name(s) given in select_related: 'guardian'. Choices are: school", "stack": ["Traceback (most recent call last):", "  File \"C:\\Users\\Rahul\\AppData\\Local\\Programs\\Python\\Python310\\lib\\site-packages\\rest_framework\\views.py\", line 512, in dispatch", "    response = handler(request, *args, **kwargs)", "  File \"C:\\Users\\Rahul\\AppData\\Local\\Programs\\Python\\Python310\\lib\\site-packages\\rest_framework\\generics.py\", line 243, in get", "    return self.list(request, *args, **kwargs)", "  File \"C:\\Users\\Rahul\\AppData\\Local\\Programs\\Python\\Python310\\lib\\site-packages\\rest_framework\\mixins.py\", line 40, in list", "    page = self.paginate_queryset(queryset)", "  File \"C:\\Users\\Rahul\\AppData\\Local\\Programs\\Python\\Python310\\lib\\site-packages\\rest_framework\\generics.py\", line 175, in paginate_queryset", "    return self.paginator.paginate_queryset(queryset, self.request, view=self)", "  File \"C:\\Users\\Rahul\\AppData\\Local\\Programs\\Python\\Python310\\lib\\site-packages\\rest_framework\\pagination.py\", line 222, in paginate_queryset", "    return list(self.page)", "  File \"C:\\Users\\Rahul\\AppData\\Local\\Programs\\Python\\Python310\\lib\\site-packages\\django\\core\\paginator.py\", line 191, in __len__", "    return len(self.object_list)", "  File \"C:\\Users\\Rahul\\AppData\\Local\\Programs\\Python\\Python310\\lib\\site-packages\\django\\db\\models\\query.py\", line 366, in __len__", "    self._fetch_all()", "  File \"C:\\Users\\Rahul\\AppData\\Local\\Programs\\Python\\Python310\\lib\\site-packages\\django\\db\\models\\query.py\", line 1949, in _fetch_all", "    self._result_cache = list(self._iterable_class(self))", "  File \"C:\\Users\\Rahul\\AppData\\Local\\Programs\\Python\\Python310\\lib\\site-packages\\django\\db\\models\\query.py\", line 91, in __iter__", "    results = compiler.execute_sql(", "  File \"C:\\Users\\Rahul\\AppData\\Local\\Programs\\Python\\Python310\\lib\\site-packages\\django\\db\\models\\sql\\compiler.py\", line 1610, in execute_sql", "    sql, params = self.as_sql()", "  File \"C:\\Users\\Rahul\\AppData\\Local\\Programs\\Python\\Python310\\lib\\site-packages\\django\\db\\models\\sql\\compiler.py\", line 766, in as_sql", "    extra_select, order_by, group_by = self.pre_sql_setup(", "  File \"C:\\Users\\Rahul\\AppData\\Local\\Programs\\Python\\Python310\\lib\\site-packages\\django\\db\\models\\sql\\compiler.py\", line 85, in pre_sql_setup", "    self.setup_query(with_col_aliases=with_col_aliases)", "  File \"C:\\Users\\Rahul\\AppData\\Local\\Programs\\Python\\Python310\\lib\\site-packages\\django\\db\\models\\sql\\compiler.py\", line 74, in setup_query", "    self.select, self.klass_info, self.annotation_col_map = self.get_select(", "  File \"C:\\Users\\Rahul\\AppData\\Local\\Programs\\Python\\Python310\\lib\\site-packages\\django\\db\\models\\sql\\compiler.py\", line 299, in get_select", "    related_klass_infos = self.get_related_selections(select, select_mask)", "  File \"C:\\Users\\Rahul\\AppData\\Local\\Programs\\Python\\Python310\\lib\\site-packages\\django\\db\\models\\sql\\compiler.py\", line 1396, in get_related_selections", "    raise FieldError(", "django.core.exceptions.FieldError: Invalid field name(s) given in select_related: 'guardian'. Choices are: school", ""]}, "request": {"method": "GET", "path": "/api/athletes/", "ip": "127.0.0.1", "userAgent": "Mozilla/5.0 (Windows NT 10.0; Win64; x64; rv:142.0) Gecko/20100101 Firefox/142.0", "requestId": "c6a697c7-c924-42f8-92c5-7caeb36738b1", "userId": 3}, "response": {"statusCode": 500}, "context": {"view": "AthleteListCreateView", "viewMethod": null}, "meta": {"service": "athletiq-django", "environment": "development"}}
Internal Server Error: /api/athletes/
{"level": "error", "message": "Exception: FieldError", "timestamp": "2025-08-22T19:27:53.000Z", "error": {"name": "FieldError", "message": "Invalid field name(s) given in select_related: 'guardian'. Choices are: school", "stack": ["Traceback (most recent call last):", "  File \"C:\\Users\\Rahul\\AppData\\Local\\Programs\\Python\\Python310\\lib\\site-packages\\rest_framework\\views.py\", line 512, in dispatch", "    response = handler(request, *args, **kwargs)", "  File \"C:\\Users\\Rahul\\AppData\\Local\\Programs\\Python\\Python310\\lib\\site-packages\\rest_framework\\generics.py\", line 243, in get", "    return self.list(request, *args, **kwargs)", "  File \"C:\\Users\\Rahul\\AppData\\Local\\Programs\\Python\\Python310\\lib\\site-packages\\rest_framework\\mixins.py\", line 40, in list", "    page = self.paginate_queryset(queryset)", "  File \"C:\\Users\\Rahul\\AppData\\Local\\Programs\\Python\\Python310\\lib\\site-packages\\rest_framework\\generics.py\", line 175, in paginate_queryset", "    return self.paginator.paginate_queryset(queryset, self.request, view=self)", "  File \"C:\\Users\\Rahul\\AppData\\Local\\Programs\\Python\\Python310\\lib\\site-packages\\rest_framework\\pagination.py\", line 222, in paginate_queryset", "    return list(self.page)", "  File \"C:\\Users\\Rahul\\AppData\\Local\\Programs\\Python\\Python310\\lib\\site-packages\\django\\core\\paginator.py\", line 191, in __len__", "    return len(self.object_list)", "  File \"C:\\Users\\Rahul\\AppData\\Local\\Programs\\Python\\Python310\\lib\\site-packages\\django\\db\\models\\query.py\", line 366, in __len__", "    self._fetch_all()", "  File \"C:\\Users\\Rahul\\AppData\\Local\\Programs\\Python\\Python310\\lib\\site-packages\\django\\db\\models\\query.py\", line 1949, in _fetch_all", "    self._result_cache = list(self._iterable_class(self))", "  File \"C:\\Users\\Rahul\\AppData\\Local\\Programs\\Python\\Python310\\lib\\site-packages\\django\\db\\models\\query.py\", line 91, in __iter__", "    results = compiler.execute_sql(", "  File \"C:\\Users\\Rahul\\AppData\\Local\\Programs\\Python\\Python310\\lib\\site-packages\\django\\db\\models\\sql\\compiler.py\", line 1610, in execute_sql", "    sql, params = self.as_sql()", "  File \"C:\\Users\\Rahul\\AppData\\Local\\Programs\\Python\\Python310\\lib\\site-packages\\django\\db\\models\\sql\\compiler.py\", line 766, in as_sql", "    extra_select, order_by, group_by = self.pre_sql_setup(", "  File \"C:\\Users\\Rahul\\AppData\\Local\\Programs\\Python\\Python310\\lib\\site-packages\\django\\db\\models\\sql\\compiler.py\", line 85, in pre_sql_setup", "    self.setup_query(with_col_aliases=with_col_aliases)", "  File \"C:\\Users\\Rahul\\AppData\\Local\\Programs\\Python\\Python310\\lib\\site-packages\\django\\db\\models\\sql\\compiler.py\", line 74, in setup_query", "    self.select, self.klass_info, self.annotation_col_map = self.get_select(", "  File \"C:\\Users\\Rahul\\AppData\\Local\\Programs\\Python\\Python310\\lib\\site-packages\\django\\db\\models\\sql\\compiler.py\", line 299, in get_select", "    related_klass_infos = self.get_related_selections(select, select_mask)", "  File \"C:\\Users\\Rahul\\AppData\\Local\\Programs\\Python\\Python310\\lib\\site-packages\\django\\db\\models\\sql\\compiler.py\", line 1396, in get_related_selections", "    raise FieldError(", "django.core.exceptions.FieldError: Invalid field name(s) given in select_related: 'guardian'. Choices are: school", ""]}, "request": {"method": "GET", "path": "/api/athletes/", "ip": "127.0.0.1", "userAgent": "Mozilla/5.0 (Windows NT 10.0; Win64; x64; rv:142.0) Gecko/20100101 Firefox/142.0", "requestId": "5505f5c2-4cfd-43a4-b738-5ff2440119de", "userId": 3}, "response": {"statusCode": 500}, "context": {"view": "AthleteListCreateView", "viewMethod": null}, "meta": {"service": "athletiq-django", "environment": "development"}}
Internal Server Error: /api/athletes/
{"level": "error", "message": "Exception: FieldError", "timestamp": "2025-08-22T19:27:54.000Z", "error": {"name": "FieldError", "message": "Invalid field name(s) given in select_related: 'guardian'. Choices are: school", "stack": ["Traceback (most recent call last):", "  File \"C:\\Users\\Rahul\\AppData\\Local\\Programs\\Python\\Python310\\lib\\site-packages\\rest_framework\\views.py\", line 512, in dispatch", "    response = handler(request, *args, **kwargs)", "  File \"C:\\Users\\Rahul\\AppData\\Local\\Programs\\Python\\Python310\\lib\\site-packages\\rest_framework\\generics.py\", line 243, in get", "    return self.list(request, *args, **kwargs)", "  File \"C:\\Users\\Rahul\\AppData\\Local\\Programs\\Python\\Python310\\lib\\site-packages\\rest_framework\\mixins.py\", line 40, in list", "    page = self.paginate_queryset(queryset)", "  File \"C:\\Users\\Rahul\\AppData\\Local\\Programs\\Python\\Python310\\lib\\site-packages\\rest_framework\\generics.py\", line 175, in paginate_queryset", "    return self.paginator.paginate_queryset(queryset, self.request, view=self)", "  File \"C:\\Users\\Rahul\\AppData\\Local\\Programs\\Python\\Python310\\lib\\site-packages\\rest_framework\\pagination.py\", line 222, in paginate_queryset", "    return list(self.page)", "  File \"C:\\Users\\Rahul\\AppData\\Local\\Programs\\Python\\Python310\\lib\\site-packages\\django\\core\\paginator.py\", line 191, in __len__", "    return len(self.object_list)", "  File \"C:\\Users\\Rahul\\AppData\\Local\\Programs\\Python\\Python310\\lib\\site-packages\\django\\db\\models\\query.py\", line 366, in __len__", "    self._fetch_all()", "  File \"C:\\Users\\Rahul\\AppData\\Local\\Programs\\Python\\Python310\\lib\\site-packages\\django\\db\\models\\query.py\", line 1949, in _fetch_all", "    self._result_cache = list(self._iterable_class(self))", "  File \"C:\\Users\\Rahul\\AppData\\Local\\Programs\\Python\\Python310\\lib\\site-packages\\django\\db\\models\\query.py\", line 91, in __iter__", "    results = compiler.execute_sql(", "  File \"C:\\Users\\Rahul\\AppData\\Local\\Programs\\Python\\Python310\\lib\\site-packages\\django\\db\\models\\sql\\compiler.py\", line 1610, in execute_sql", "    sql, params = self.as_sql()", "  File \"C:\\Users\\Rahul\\AppData\\Local\\Programs\\Python\\Python310\\lib\\site-packages\\django\\db\\models\\sql\\compiler.py\", line 766, in as_sql", "    extra_select, order_by, group_by = self.pre_sql_setup(", "  File \"C:\\Users\\Rahul\\AppData\\Local\\Programs\\Python\\Python310\\lib\\site-packages\\django\\db\\models\\sql\\compiler.py\", line 85, in pre_sql_setup", "    self.setup_query(with_col_aliases=with_col_aliases)", "  File \"C:\\Users\\Rahul\\AppData\\Local\\Programs\\Python\\Python310\\lib\\site-packages\\django\\db\\models\\sql\\compiler.py\", line 74, in setup_query", "    self.select, self.klass_info, self.annotation_col_map = self.get_select(", "  File \"C:\\Users\\Rahul\\AppData\\Local\\Programs\\Python\\Python310\\lib\\site-packages\\django\\db\\models\\sql\\compiler.py\", line 299, in get_select", "    related_klass_infos = self.get_related_selections(select, select_mask)", "  File \"C:\\Users\\Rahul\\AppData\\Local\\Programs\\Python\\Python310\\lib\\site-packages\\django\\db\\models\\sql\\compiler.py\", line 1396, in get_related_selections", "    raise FieldError(", "django.core.exceptions.FieldError: Invalid field name(s) given in select_related: 'guardian'. Choices are: school", ""]}, "request": {"method": "GET", "path": "/api/athletes/", "ip": "127.0.0.1", "userAgent": "Mozilla/5.0 (Windows NT 10.0; Win64; x64; rv:142.0) Gecko/20100101 Firefox/142.0", "requestId": "55706a57-2ebb-4fcc-a247-08b5f72ffd23", "userId": 3}, "response": {"statusCode": 500}, "context": {"view": "AthleteListCreateView", "viewMethod": null}, "meta": {"service": "athletiq-django", "environment": "development"}}
Internal Server Error: /api/athletes/
{"level": "error", "message": "Exception: FieldError", "timestamp": "2025-08-22T19:27:55.000Z", "error": {"name": "FieldError", "message": "Invalid field name(s) given in select_related: 'guardian'. Choices are: school", "stack": ["Traceback (most recent call last):", "  File \"C:\\Users\\Rahul\\AppData\\Local\\Programs\\Python\\Python310\\lib\\site-packages\\rest_framework\\views.py\", line 512, in dispatch", "    response = handler(request, *args, **kwargs)", "  File \"C:\\Users\\Rahul\\AppData\\Local\\Programs\\Python\\Python310\\lib\\site-packages\\rest_framework\\generics.py\", line 243, in get", "    return self.list(request, *args, **kwargs)", "  File \"C:\\Users\\Rahul\\AppData\\Local\\Programs\\Python\\Python310\\lib\\site-packages\\rest_framework\\mixins.py\", line 40, in list", "    page = self.paginate_queryset(queryset)", "  File \"C:\\Users\\Rahul\\AppData\\Local\\Programs\\Python\\Python310\\lib\\site-packages\\rest_framework\\generics.py\", line 175, in paginate_queryset", "    return self.paginator.paginate_queryset(queryset, self.request, view=self)", "  File \"C:\\Users\\Rahul\\AppData\\Local\\Programs\\Python\\Python310\\lib\\site-packages\\rest_framework\\pagination.py\", line 222, in paginate_queryset", "    return list(self.page)", "  File \"C:\\Users\\Rahul\\AppData\\Local\\Programs\\Python\\Python310\\lib\\site-packages\\django\\core\\paginator.py\", line 191, in __len__", "    return len(self.object_list)", "  File \"C:\\Users\\Rahul\\AppData\\Local\\Programs\\Python\\Python310\\lib\\site-packages\\django\\db\\models\\query.py\", line 366, in __len__", "    self._fetch_all()", "  File \"C:\\Users\\Rahul\\AppData\\Local\\Programs\\Python\\Python310\\lib\\site-packages\\django\\db\\models\\query.py\", line 1949, in _fetch_all", "    self._result_cache = list(self._iterable_class(self))", "  File \"C:\\Users\\Rahul\\AppData\\Local\\Programs\\Python\\Python310\\lib\\site-packages\\django\\db\\models\\query.py\", line 91, in __iter__", "    results = compiler.execute_sql(", "  File \"C:\\Users\\Rahul\\AppData\\Local\\Programs\\Python\\Python310\\lib\\site-packages\\django\\db\\models\\sql\\compiler.py\", line 1610, in execute_sql", "    sql, params = self.as_sql()", "  File \"C:\\Users\\Rahul\\AppData\\Local\\Programs\\Python\\Python310\\lib\\site-packages\\django\\db\\models\\sql\\compiler.py\", line 766, in as_sql", "    extra_select, order_by, group_by = self.pre_sql_setup(", "  File \"C:\\Users\\Rahul\\AppData\\Local\\Programs\\Python\\Python310\\lib\\site-packages\\django\\db\\models\\sql\\compiler.py\", line 85, in pre_sql_setup", "    self.setup_query(with_col_aliases=with_col_aliases)", "  File \"C:\\Users\\Rahul\\AppData\\Local\\Programs\\Python\\Python310\\lib\\site-packages\\django\\db\\models\\sql\\compiler.py\", line 74, in setup_query", "    self.select, self.klass_info, self.annotation_col_map = self.get_select(", "  File \"C:\\Users\\Rahul\\AppData\\Local\\Programs\\Python\\Python310\\lib\\site-packages\\django\\db\\models\\sql\\compiler.py\", line 299, in get_select", "    related_klass_infos = self.get_related_selections(select, select_mask)", "  File \"C:\\Users\\Rahul\\AppData\\Local\\Programs\\Python\\Python310\\lib\\site-packages\\django\\db\\models\\sql\\compiler.py\", line 1396, in get_related_selections", "    raise FieldError(", "django.core.exceptions.FieldError: Invalid field name(s) given in select_related: 'guardian'. Choices are: school", ""]}, "request": {"method": "GET", "path": "/api/athletes/", "ip": "127.0.0.1", "userAgent": "Mozilla/5.0 (Windows NT 10.0; Win64; x64; rv:142.0) Gecko/20100101 Firefox/142.0", "requestId": "4f7fc57c-8989-430e-aff7-6a1b0929dbce", "userId": 3}, "response": {"statusCode": 500}, "context": {"view": "AthleteListCreateView", "viewMethod": null}, "meta": {"service": "athletiq-django", "environment": "development"}}
Internal Server Error: /api/athletes/
{"level": "error", "message": "Exception: FieldError", "timestamp": "2025-08-22T19:27:59.000Z", "error": {"name": "FieldError", "message": "Invalid field name(s) given in select_related: 'guardian'. Choices are: school", "stack": ["Traceback (most recent call last):", "  File \"C:\\Users\\Rahul\\AppData\\Local\\Programs\\Python\\Python310\\lib\\site-packages\\rest_framework\\views.py\", line 512, in dispatch", "    response = handler(request, *args, **kwargs)", "  File \"C:\\Users\\Rahul\\AppData\\Local\\Programs\\Python\\Python310\\lib\\site-packages\\rest_framework\\generics.py\", line 243, in get", "    return self.list(request, *args, **kwargs)", "  File \"C:\\Users\\Rahul\\AppData\\Local\\Programs\\Python\\Python310\\lib\\site-packages\\rest_framework\\mixins.py\", line 40, in list", "    page = self.paginate_queryset(queryset)", "  File \"C:\\Users\\Rahul\\AppData\\Local\\Programs\\Python\\Python310\\lib\\site-packages\\rest_framework\\generics.py\", line 175, in paginate_queryset", "    return self.paginator.paginate_queryset(queryset, self.request, view=self)", "  File \"C:\\Users\\Rahul\\AppData\\Local\\Programs\\Python\\Python310\\lib\\site-packages\\rest_framework\\pagination.py\", line 222, in paginate_queryset", "    return list(self.page)", "  File \"C:\\Users\\Rahul\\AppData\\Local\\Programs\\Python\\Python310\\lib\\site-packages\\django\\core\\paginator.py\", line 191, in __len__", "    return len(self.object_list)", "  File \"C:\\Users\\Rahul\\AppData\\Local\\Programs\\Python\\Python310\\lib\\site-packages\\django\\db\\models\\query.py\", line 366, in __len__", "    self._fetch_all()", "  File \"C:\\Users\\Rahul\\AppData\\Local\\Programs\\Python\\Python310\\lib\\site-packages\\django\\db\\models\\query.py\", line 1949, in _fetch_all", "    self._result_cache = list(self._iterable_class(self))", "  File \"C:\\Users\\Rahul\\AppData\\Local\\Programs\\Python\\Python310\\lib\\site-packages\\django\\db\\models\\query.py\", line 91, in __iter__", "    results = compiler.execute_sql(", "  File \"C:\\Users\\Rahul\\AppData\\Local\\Programs\\Python\\Python310\\lib\\site-packages\\django\\db\\models\\sql\\compiler.py\", line 1610, in execute_sql", "    sql, params = self.as_sql()", "  File \"C:\\Users\\Rahul\\AppData\\Local\\Programs\\Python\\Python310\\lib\\site-packages\\django\\db\\models\\sql\\compiler.py\", line 766, in as_sql", "    extra_select, order_by, group_by = self.pre_sql_setup(", "  File \"C:\\Users\\Rahul\\AppData\\Local\\Programs\\Python\\Python310\\lib\\site-packages\\django\\db\\models\\sql\\compiler.py\", line 85, in pre_sql_setup", "    self.setup_query(with_col_aliases=with_col_aliases)", "  File \"C:\\Users\\Rahul\\AppData\\Local\\Programs\\Python\\Python310\\lib\\site-packages\\django\\db\\models\\sql\\compiler.py\", line 74, in setup_query", "    self.select, self.klass_info, self.annotation_col_map = self.get_select(", "  File \"C:\\Users\\Rahul\\AppData\\Local\\Programs\\Python\\Python310\\lib\\site-packages\\django\\db\\models\\sql\\compiler.py\", line 299, in get_select", "    related_klass_infos = self.get_related_selections(select, select_mask)", "  File \"C:\\Users\\Rahul\\AppData\\Local\\Programs\\Python\\Python310\\lib\\site-packages\\django\\db\\models\\sql\\compiler.py\", line 1396, in get_related_selections", "    raise FieldError(", "django.core.exceptions.FieldError: Invalid field name(s) given in select_related: 'guardian'. Choices are: school", ""]}, "request": {"method": "GET", "path": "/api/athletes/", "ip": "127.0.0.1", "userAgent": "Mozilla/5.0 (Windows NT 10.0; Win64; x64; rv:142.0) Gecko/20100101 Firefox/142.0", "requestId": "8a4b637b-79de-4636-abc5-a7d2286f025a", "userId": 3}, "response": {"statusCode": 500}, "context": {"view": "AthleteListCreateView", "viewMethod": null}, "meta": {"service": "athletiq-django", "environment": "development"}}
Internal Server Error: /api/athletes/
{"level": "error", "message": "Exception: FieldError", "timestamp": "2025-08-22T19:28:55.000Z", "error": {"name": "FieldError", "message": "Invalid field name(s) given in select_related: 'guardian'. Choices are: school", "stack": ["Traceback (most recent call last):", "  File \"C:\\Users\\Rahul\\AppData\\Local\\Programs\\Python\\Python310\\lib\\site-packages\\rest_framework\\views.py\", line 512, in dispatch", "    response = handler(request, *args, **kwargs)", "  File \"C:\\Users\\Rahul\\AppData\\Local\\Programs\\Python\\Python310\\lib\\site-packages\\rest_framework\\generics.py\", line 243, in get", "    return self.list(request, *args, **kwargs)", "  File \"C:\\Users\\Rahul\\AppData\\Local\\Programs\\Python\\Python310\\lib\\site-packages\\rest_framework\\mixins.py\", line 40, in list", "    page = self.paginate_queryset(queryset)", "  File \"C:\\Users\\Rahul\\AppData\\Local\\Programs\\Python\\Python310\\lib\\site-packages\\rest_framework\\generics.py\", line 175, in paginate_queryset", "    return self.paginator.paginate_queryset(queryset, self.request, view=self)", "  File \"C:\\Users\\Rahul\\AppData\\Local\\Programs\\Python\\Python310\\lib\\site-packages\\rest_framework\\pagination.py\", line 222, in paginate_queryset", "    return list(self.page)", "  File \"C:\\Users\\Rahul\\AppData\\Local\\Programs\\Python\\Python310\\lib\\site-packages\\django\\core\\paginator.py\", line 191, in __len__", "    return len(self.object_list)", "  File \"C:\\Users\\Rahul\\AppData\\Local\\Programs\\Python\\Python310\\lib\\site-packages\\django\\db\\models\\query.py\", line 366, in __len__", "    self._fetch_all()", "  File \"C:\\Users\\Rahul\\AppData\\Local\\Programs\\Python\\Python310\\lib\\site-packages\\django\\db\\models\\query.py\", line 1949, in _fetch_all", "    self._result_cache = list(self._iterable_class(self))", "  File \"C:\\Users\\Rahul\\AppData\\Local\\Programs\\Python\\Python310\\lib\\site-packages\\django\\db\\models\\query.py\", line 91, in __iter__", "    results = compiler.execute_sql(", "  File \"C:\\Users\\Rahul\\AppData\\Local\\Programs\\Python\\Python310\\lib\\site-packages\\django\\db\\models\\sql\\compiler.py\", line 1610, in execute_sql", "    sql, params = self.as_sql()", "  File \"C:\\Users\\Rahul\\AppData\\Local\\Programs\\Python\\Python310\\lib\\site-packages\\django\\db\\models\\sql\\compiler.py\", line 766, in as_sql", "    extra_select, order_by, group_by = self.pre_sql_setup(", "  File \"C:\\Users\\Rahul\\AppData\\Local\\Programs\\Python\\Python310\\lib\\site-packages\\django\\db\\models\\sql\\compiler.py\", line 85, in pre_sql_setup", "    self.setup_query(with_col_aliases=with_col_aliases)", "  File \"C:\\Users\\Rahul\\AppData\\Local\\Programs\\Python\\Python310\\lib\\site-packages\\django\\db\\models\\sql\\compiler.py\", line 74, in setup_query", "    self.select, self.klass_info, self.annotation_col_map = self.get_select(", "  File \"C:\\Users\\Rahul\\AppData\\Local\\Programs\\Python\\Python310\\lib\\site-packages\\django\\db\\models\\sql\\compiler.py\", line 299, in get_select", "    related_klass_infos = self.get_related_selections(select, select_mask)", "  File \"C:\\Users\\Rahul\\AppData\\Local\\Programs\\Python\\Python310\\lib\\site-packages\\django\\db\\models\\sql\\compiler.py\", line 1396, in get_related_selections", "    raise FieldError(", "django.core.exceptions.FieldError: Invalid field name(s) given in select_related: 'guardian'. Choices are: school", ""]}, "request": {"method": "GET", "path": "/api/athletes/", "ip": "127.0.0.1", "userAgent": "Mozilla/5.0 (Windows NT 10.0; Win64; x64; rv:142.0) Gecko/20100101 Firefox/142.0", "requestId": "94ea41ae-9fcd-447c-b909-07df02d551dd", "userId": 3}, "response": {"statusCode": 500}, "context": {"view": "AthleteListCreateView", "viewMethod": null}, "meta": {"service": "athletiq-django", "environment": "development"}}
Internal Server Error: /api/athletes/
{"level": "error", "message": "Exception: FieldError", "timestamp": "2025-08-22T19:28:57.000Z", "error": {"name": "FieldError", "message": "Invalid field name(s) given in select_related: 'guardian'. Choices are: school", "stack": ["Traceback (most recent call last):", "  File \"C:\\Users\\Rahul\\AppData\\Local\\Programs\\Python\\Python310\\lib\\site-packages\\rest_framework\\views.py\", line 512, in dispatch", "    response = handler(request, *args, **kwargs)", "  File \"C:\\Users\\Rahul\\AppData\\Local\\Programs\\Python\\Python310\\lib\\site-packages\\rest_framework\\generics.py\", line 243, in get", "    return self.list(request, *args, **kwargs)", "  File \"C:\\Users\\Rahul\\AppData\\Local\\Programs\\Python\\Python310\\lib\\site-packages\\rest_framework\\mixins.py\", line 40, in list", "    page = self.paginate_queryset(queryset)", "  File \"C:\\Users\\Rahul\\AppData\\Local\\Programs\\Python\\Python310\\lib\\site-packages\\rest_framework\\generics.py\", line 175, in paginate_queryset", "    return self.paginator.paginate_queryset(queryset, self.request, view=self)", "  File \"C:\\Users\\Rahul\\AppData\\Local\\Programs\\Python\\Python310\\lib\\site-packages\\rest_framework\\pagination.py\", line 222, in paginate_queryset", "    return list(self.page)", "  File \"C:\\Users\\Rahul\\AppData\\Local\\Programs\\Python\\Python310\\lib\\site-packages\\django\\core\\paginator.py\", line 191, in __len__", "    return len(self.object_list)", "  File \"C:\\Users\\Rahul\\AppData\\Local\\Programs\\Python\\Python310\\lib\\site-packages\\django\\db\\models\\query.py\", line 366, in __len__", "    self._fetch_all()", "  File \"C:\\Users\\Rahul\\AppData\\Local\\Programs\\Python\\Python310\\lib\\site-packages\\django\\db\\models\\query.py\", line 1949, in _fetch_all", "    self._result_cache = list(self._iterable_class(self))", "  File \"C:\\Users\\Rahul\\AppData\\Local\\Programs\\Python\\Python310\\lib\\site-packages\\django\\db\\models\\query.py\", line 91, in __iter__", "    results = compiler.execute_sql(", "  File \"C:\\Users\\Rahul\\AppData\\Local\\Programs\\Python\\Python310\\lib\\site-packages\\django\\db\\models\\sql\\compiler.py\", line 1610, in execute_sql", "    sql, params = self.as_sql()", "  File \"C:\\Users\\Rahul\\AppData\\Local\\Programs\\Python\\Python310\\lib\\site-packages\\django\\db\\models\\sql\\compiler.py\", line 766, in as_sql", "    extra_select, order_by, group_by = self.pre_sql_setup(", "  File \"C:\\Users\\Rahul\\AppData\\Local\\Programs\\Python\\Python310\\lib\\site-packages\\django\\db\\models\\sql\\compiler.py\", line 85, in pre_sql_setup", "    self.setup_query(with_col_aliases=with_col_aliases)", "  File \"C:\\Users\\Rahul\\AppData\\Local\\Programs\\Python\\Python310\\lib\\site-packages\\django\\db\\models\\sql\\compiler.py\", line 74, in setup_query", "    self.select, self.klass_info, self.annotation_col_map = self.get_select(", "  File \"C:\\Users\\Rahul\\AppData\\Local\\Programs\\Python\\Python310\\lib\\site-packages\\django\\db\\models\\sql\\compiler.py\", line 299, in get_select", "    related_klass_infos = self.get_related_selections(select, select_mask)", "  File \"C:\\Users\\Rahul\\AppData\\Local\\Programs\\Python\\Python310\\lib\\site-packages\\django\\db\\models\\sql\\compiler.py\", line 1396, in get_related_selections", "    raise FieldError(", "django.core.exceptions.FieldError: Invalid field name(s) given in select_related: 'guardian'. Choices are: school", ""]}, "request": {"method": "GET", "path": "/api/athletes/", "ip": "127.0.0.1", "userAgent": "Mozilla/5.0 (Windows NT 10.0; Win64; x64; rv:142.0) Gecko/20100101 Firefox/142.0", "requestId": "1626d54e-da24-4074-b663-97885117922b", "userId": 3}, "response": {"statusCode": 500}, "context": {"view": "AthleteListCreateView", "viewMethod": null}, "meta": {"service": "athletiq-django", "environment": "development"}}
Internal Server Error: /api/athletes/
{"level": "error", "message": "Exception: FieldError", "timestamp": "2025-08-22T19:28:58.000Z", "error": {"name": "FieldError", "message": "Invalid field name(s) given in select_related: 'guardian'. Choices are: school", "stack": ["Traceback (most recent call last):", "  File \"C:\\Users\\Rahul\\AppData\\Local\\Programs\\Python\\Python310\\lib\\site-packages\\rest_framework\\views.py\", line 512, in dispatch", "    response = handler(request, *args, **kwargs)", "  File \"C:\\Users\\Rahul\\AppData\\Local\\Programs\\Python\\Python310\\lib\\site-packages\\rest_framework\\generics.py\", line 243, in get", "    return self.list(request, *args, **kwargs)", "  File \"C:\\Users\\Rahul\\AppData\\Local\\Programs\\Python\\Python310\\lib\\site-packages\\rest_framework\\mixins.py\", line 40, in list", "    page = self.paginate_queryset(queryset)", "  File \"C:\\Users\\Rahul\\AppData\\Local\\Programs\\Python\\Python310\\lib\\site-packages\\rest_framework\\generics.py\", line 175, in paginate_queryset", "    return self.paginator.paginate_queryset(queryset, self.request, view=self)", "  File \"C:\\Users\\Rahul\\AppData\\Local\\Programs\\Python\\Python310\\lib\\site-packages\\rest_framework\\pagination.py\", line 222, in paginate_queryset", "    return list(self.page)", "  File \"C:\\Users\\Rahul\\AppData\\Local\\Programs\\Python\\Python310\\lib\\site-packages\\django\\core\\paginator.py\", line 191, in __len__", "    return len(self.object_list)", "  File \"C:\\Users\\Rahul\\AppData\\Local\\Programs\\Python\\Python310\\lib\\site-packages\\django\\db\\models\\query.py\", line 366, in __len__", "    self._fetch_all()", "  File \"C:\\Users\\Rahul\\AppData\\Local\\Programs\\Python\\Python310\\lib\\site-packages\\django\\db\\models\\query.py\", line 1949, in _fetch_all", "    self._result_cache = list(self._iterable_class(self))", "  File \"C:\\Users\\Rahul\\AppData\\Local\\Programs\\Python\\Python310\\lib\\site-packages\\django\\db\\models\\query.py\", line 91, in __iter__", "    results = compiler.execute_sql(", "  File \"C:\\Users\\Rahul\\AppData\\Local\\Programs\\Python\\Python310\\lib\\site-packages\\django\\db\\models\\sql\\compiler.py\", line 1610, in execute_sql", "    sql, params = self.as_sql()", "  File \"C:\\Users\\Rahul\\AppData\\Local\\Programs\\Python\\Python310\\lib\\site-packages\\django\\db\\models\\sql\\compiler.py\", line 766, in as_sql", "    extra_select, order_by, group_by = self.pre_sql_setup(", "  File \"C:\\Users\\Rahul\\AppData\\Local\\Programs\\Python\\Python310\\lib\\site-packages\\django\\db\\models\\sql\\compiler.py\", line 85, in pre_sql_setup", "    self.setup_query(with_col_aliases=with_col_aliases)", "  File \"C:\\Users\\Rahul\\AppData\\Local\\Programs\\Python\\Python310\\lib\\site-packages\\django\\db\\models\\sql\\compiler.py\", line 74, in setup_query", "    self.select, self.klass_info, self.annotation_col_map = self.get_select(", "  File \"C:\\Users\\Rahul\\AppData\\Local\\Programs\\Python\\Python310\\lib\\site-packages\\django\\db\\models\\sql\\compiler.py\", line 299, in get_select", "    related_klass_infos = self.get_related_selections(select, select_mask)", "  File \"C:\\Users\\Rahul\\AppData\\Local\\Programs\\Python\\Python310\\lib\\site-packages\\django\\db\\models\\sql\\compiler.py\", line 1396, in get_related_selections", "    raise FieldError(", "django.core.exceptions.FieldError: Invalid field name(s) given in select_related: 'guardian'. Choices are: school", ""]}, "request": {"method": "GET", "path": "/api/athletes/", "ip": "127.0.0.1", "userAgent": "Mozilla/5.0 (Windows NT 10.0; Win64; x64; rv:142.0) Gecko/20100101 Firefox/142.0", "requestId": "33ef5d25-2c70-41d0-a447-71d587f39ff8", "userId": 3}, "response": {"statusCode": 500}, "context": {"view": "AthleteListCreateView", "viewMethod": null}, "meta": {"service": "athletiq-django", "environment": "development"}}
Internal Server Error: /api/athletes/
{"level": "error", "message": "Exception: FieldError", "timestamp": "2025-08-22T19:29:00.000Z", "error": {"name": "FieldError", "message": "Invalid field name(s) given in select_related: 'guardian'. Choices are: school", "stack": ["Traceback (most recent call last):", "  File \"C:\\Users\\Rahul\\AppData\\Local\\Programs\\Python\\Python310\\lib\\site-packages\\rest_framework\\views.py\", line 512, in dispatch", "    response = handler(request, *args, **kwargs)", "  File \"C:\\Users\\Rahul\\AppData\\Local\\Programs\\Python\\Python310\\lib\\site-packages\\rest_framework\\generics.py\", line 243, in get", "    return self.list(request, *args, **kwargs)", "  File \"C:\\Users\\Rahul\\AppData\\Local\\Programs\\Python\\Python310\\lib\\site-packages\\rest_framework\\mixins.py\", line 40, in list", "    page = self.paginate_queryset(queryset)", "  File \"C:\\Users\\Rahul\\AppData\\Local\\Programs\\Python\\Python310\\lib\\site-packages\\rest_framework\\generics.py\", line 175, in paginate_queryset", "    return self.paginator.paginate_queryset(queryset, self.request, view=self)", "  File \"C:\\Users\\Rahul\\AppData\\Local\\Programs\\Python\\Python310\\lib\\site-packages\\rest_framework\\pagination.py\", line 222, in paginate_queryset", "    return list(self.page)", "  File \"C:\\Users\\Rahul\\AppData\\Local\\Programs\\Python\\Python310\\lib\\site-packages\\django\\core\\paginator.py\", line 191, in __len__", "    return len(self.object_list)", "  File \"C:\\Users\\Rahul\\AppData\\Local\\Programs\\Python\\Python310\\lib\\site-packages\\django\\db\\models\\query.py\", line 366, in __len__", "    self._fetch_all()", "  File \"C:\\Users\\Rahul\\AppData\\Local\\Programs\\Python\\Python310\\lib\\site-packages\\django\\db\\models\\query.py\", line 1949, in _fetch_all", "    self._result_cache = list(self._iterable_class(self))", "  File \"C:\\Users\\Rahul\\AppData\\Local\\Programs\\Python\\Python310\\lib\\site-packages\\django\\db\\models\\query.py\", line 91, in __iter__", "    results = compiler.execute_sql(", "  File \"C:\\Users\\Rahul\\AppData\\Local\\Programs\\Python\\Python310\\lib\\site-packages\\django\\db\\models\\sql\\compiler.py\", line 1610, in execute_sql", "    sql, params = self.as_sql()", "  File \"C:\\Users\\Rahul\\AppData\\Local\\Programs\\Python\\Python310\\lib\\site-packages\\django\\db\\models\\sql\\compiler.py\", line 766, in as_sql", "    extra_select, order_by, group_by = self.pre_sql_setup(", "  File \"C:\\Users\\Rahul\\AppData\\Local\\Programs\\Python\\Python310\\lib\\site-packages\\django\\db\\models\\sql\\compiler.py\", line 85, in pre_sql_setup", "    self.setup_query(with_col_aliases=with_col_aliases)", "  File \"C:\\Users\\Rahul\\AppData\\Local\\Programs\\Python\\Python310\\lib\\site-packages\\django\\db\\models\\sql\\compiler.py\", line 74, in setup_query", "    self.select, self.klass_info, self.annotation_col_map = self.get_select(", "  File \"C:\\Users\\Rahul\\AppData\\Local\\Programs\\Python\\Python310\\lib\\site-packages\\django\\db\\models\\sql\\compiler.py\", line 299, in get_select", "    related_klass_infos = self.get_related_selections(select, select_mask)", "  File \"C:\\Users\\Rahul\\AppData\\Local\\Programs\\Python\\Python310\\lib\\site-packages\\django\\db\\models\\sql\\compiler.py\", line 1396, in get_related_selections", "    raise FieldError(", "django.core.exceptions.FieldError: Invalid field name(s) given in select_related: 'guardian'. Choices are: school", ""]}, "request": {"method": "GET", "path": "/api/athletes/", "ip": "127.0.0.1", "userAgent": "Mozilla/5.0 (Windows NT 10.0; Win64; x64; rv:142.0) Gecko/20100101 Firefox/142.0", "requestId": "85621fec-3bf2-4cdf-a7d1-04031eeb066f", "userId": 3}, "response": {"statusCode": 500}, "context": {"view": "AthleteListCreateView", "viewMethod": null}, "meta": {"service": "athletiq-django", "environment": "development"}}
Internal Server Error: /api/athletes/
{"level": "error", "message": "Exception: FieldError", "timestamp": "2025-08-22T19:30:08.000Z", "error": {"name": "FieldError", "message": "Invalid field name(s) given in select_related: 'guardian'. Choices are: school", "stack": ["Traceback (most recent call last):", "  File \"C:\\Users\\Rahul\\AppData\\Local\\Programs\\Python\\Python310\\lib\\site-packages\\rest_framework\\views.py\", line 512, in dispatch", "    response = handler(request, *args, **kwargs)", "  File \"C:\\Users\\Rahul\\AppData\\Local\\Programs\\Python\\Python310\\lib\\site-packages\\rest_framework\\generics.py\", line 243, in get", "    return self.list(request, *args, **kwargs)", "  File \"C:\\Users\\Rahul\\AppData\\Local\\Programs\\Python\\Python310\\lib\\site-packages\\rest_framework\\mixins.py\", line 40, in list", "    page = self.paginate_queryset(queryset)", "  File \"C:\\Users\\Rahul\\AppData\\Local\\Programs\\Python\\Python310\\lib\\site-packages\\rest_framework\\generics.py\", line 175, in paginate_queryset", "    return self.paginator.paginate_queryset(queryset, self.request, view=self)", "  File \"C:\\Users\\Rahul\\AppData\\Local\\Programs\\Python\\Python310\\lib\\site-packages\\rest_framework\\pagination.py\", line 222, in paginate_queryset", "    return list(self.page)", "  File \"C:\\Users\\Rahul\\AppData\\Local\\Programs\\Python\\Python310\\lib\\site-packages\\django\\core\\paginator.py\", line 191, in __len__", "    return len(self.object_list)", "  File \"C:\\Users\\Rahul\\AppData\\Local\\Programs\\Python\\Python310\\lib\\site-packages\\django\\db\\models\\query.py\", line 366, in __len__", "    self._fetch_all()", "  File \"C:\\Users\\Rahul\\AppData\\Local\\Programs\\Python\\Python310\\lib\\site-packages\\django\\db\\models\\query.py\", line 1949, in _fetch_all", "    self._result_cache = list(self._iterable_class(self))", "  File \"C:\\Users\\Rahul\\AppData\\Local\\Programs\\Python\\Python310\\lib\\site-packages\\django\\db\\models\\query.py\", line 91, in __iter__", "    results = compiler.execute_sql(", "  File \"C:\\Users\\Rahul\\AppData\\Local\\Programs\\Python\\Python310\\lib\\site-packages\\django\\db\\models\\sql\\compiler.py\", line 1610, in execute_sql", "    sql, params = self.as_sql()", "  File \"C:\\Users\\Rahul\\AppData\\Local\\Programs\\Python\\Python310\\lib\\site-packages\\django\\db\\models\\sql\\compiler.py\", line 766, in as_sql", "    extra_select, order_by, group_by = self.pre_sql_setup(", "  File \"C:\\Users\\Rahul\\AppData\\Local\\Programs\\Python\\Python310\\lib\\site-packages\\django\\db\\models\\sql\\compiler.py\", line 85, in pre_sql_setup", "    self.setup_query(with_col_aliases=with_col_aliases)", "  File \"C:\\Users\\Rahul\\AppData\\Local\\Programs\\Python\\Python310\\lib\\site-packages\\django\\db\\models\\sql\\compiler.py\", line 74, in setup_query", "    self.select, self.klass_info, self.annotation_col_map = self.get_select(", "  File \"C:\\Users\\Rahul\\AppData\\Local\\Programs\\Python\\Python310\\lib\\site-packages\\django\\db\\models\\sql\\compiler.py\", line 299, in get_select", "    related_klass_infos = self.get_related_selections(select, select_mask)", "  File \"C:\\Users\\Rahul\\AppData\\Local\\Programs\\Python\\Python310\\lib\\site-packages\\django\\db\\models\\sql\\compiler.py\", line 1396, in get_related_selections", "    raise FieldError(", "django.core.exceptions.FieldError: Invalid field name(s) given in select_related: 'guardian'. Choices are: school", ""]}, "request": {"method": "GET", "path": "/api/athletes/", "ip": "127.0.0.1", "userAgent": "Mozilla/5.0 (Windows NT 10.0; Win64; x64; rv:142.0) Gecko/20100101 Firefox/142.0", "requestId": "f6b68759-b222-4e0e-a579-d31248a61053", "userId": 3}, "response": {"statusCode": 500}, "context": {"view": "AthleteListCreateView", "viewMethod": null}, "meta": {"service": "athletiq-django", "environment": "development"}}
{"level": "error", "message": "Exception: FieldError", "timestamp": "2025-08-22T19:30:08.000Z", "error": {"name": "FieldError", "message": "Invalid field name(s) given in select_related: 'guardian'. Choices are: school", "stack": ["Traceback (most recent call last):", "  File \"C:\\Users\\Rahul\\AppData\\Local\\Programs\\Python\\Python310\\lib\\site-packages\\rest_framework\\views.py\", line 512, in dispatch", "    response = handler(request, *args, **kwargs)", "  File \"C:\\Users\\Rahul\\AppData\\Local\\Programs\\Python\\Python310\\lib\\site-packages\\rest_framework\\generics.py\", line 243, in get", "    return self.list(request, *args, **kwargs)", "  File \"C:\\Users\\Rahul\\AppData\\Local\\Programs\\Python\\Python310\\lib\\site-packages\\rest_framework\\mixins.py\", line 40, in list", "    page = self.paginate_queryset(queryset)", "  File \"C:\\Users\\Rahul\\AppData\\Local\\Programs\\Python\\Python310\\lib\\site-packages\\rest_framework\\generics.py\", line 175, in paginate_queryset", "    return self.paginator.paginate_queryset(queryset, self.request, view=self)", "  File \"C:\\Users\\Rahul\\AppData\\Local\\Programs\\Python\\Python310\\lib\\site-packages\\rest_framework\\pagination.py\", line 222, in paginate_queryset", "    return list(self.page)", "  File \"C:\\Users\\Rahul\\AppData\\Local\\Programs\\Python\\Python310\\lib\\site-packages\\django\\core\\paginator.py\", line 191, in __len__", "    return len(self.object_list)", "  File \"C:\\Users\\Rahul\\AppData\\Local\\Programs\\Python\\Python310\\lib\\site-packages\\django\\db\\models\\query.py\", line 366, in __len__", "    self._fetch_all()", "  File \"C:\\Users\\Rahul\\AppData\\Local\\Programs\\Python\\Python310\\lib\\site-packages\\django\\db\\models\\query.py\", line 1949, in _fetch_all", "    self._result_cache = list(self._iterable_class(self))", "  File \"C:\\Users\\Rahul\\AppData\\Local\\Programs\\Python\\Python310\\lib\\site-packages\\django\\db\\models\\query.py\", line 91, in __iter__", "    results = compiler.execute_sql(", "  File \"C:\\Users\\Rahul\\AppData\\Local\\Programs\\Python\\Python310\\lib\\site-packages\\django\\db\\models\\sql\\compiler.py\", line 1610, in execute_sql", "    sql, params = self.as_sql()", "  File \"C:\\Users\\Rahul\\AppData\\Local\\Programs\\Python\\Python310\\lib\\site-packages\\django\\db\\models\\sql\\compiler.py\", line 766, in as_sql", "    extra_select, order_by, group_by = self.pre_sql_setup(", "  File \"C:\\Users\\Rahul\\AppData\\Local\\Programs\\Python\\Python310\\lib\\site-packages\\django\\db\\models\\sql\\compiler.py\", line 85, in pre_sql_setup", "    self.setup_query(with_col_aliases=with_col_aliases)", "  File \"C:\\Users\\Rahul\\AppData\\Local\\Programs\\Python\\Python310\\lib\\site-packages\\django\\db\\models\\sql\\compiler.py\", line 74, in setup_query", "    self.select, self.klass_info, self.annotation_col_map = self.get_select(", "  File \"C:\\Users\\Rahul\\AppData\\Local\\Programs\\Python\\Python310\\lib\\site-packages\\django\\db\\models\\sql\\compiler.py\", line 299, in get_select", "    related_klass_infos = self.get_related_selections(select, select_mask)", "  File \"C:\\Users\\Rahul\\AppData\\Local\\Programs\\Python\\Python310\\lib\\site-packages\\django\\db\\models\\sql\\compiler.py\", line 1396, in get_related_selections", "    raise FieldError(", "django.core.exceptions.FieldError: Invalid field name(s) given in select_related: 'guardian'. Choices are: school", ""]}, "request": {"method": "GET", "path": "/api/athletes/", "ip": "127.0.0.1", "userAgent": "Mozilla/5.0 (Windows NT 10.0; Win64; x64; rv:142.0) Gecko/20100101 Firefox/142.0", "requestId": "ec088750-551e-495e-abbe-b585449f2dea", "userId": 3}, "response": {"statusCode": 500}, "context": {"view": "AthleteListCreateView", "viewMethod": null}, "meta": {"service": "athletiq-django", "environment": "development"}}
Internal Server Error: /api/athletes/
Internal Server Error: /api/athletes/
{"level": "error", "message": "Exception: FieldError", "timestamp": "2025-08-22T19:30:14.000Z", "error": {"name": "FieldError", "message": "Invalid field name(s) given in select_related: 'guardian'. Choices are: school", "stack": ["Traceback (most recent call last):", "  File \"C:\\Users\\Rahul\\AppData\\Local\\Programs\\Python\\Python310\\lib\\site-packages\\rest_framework\\views.py\", line 512, in dispatch", "    response = handler(request, *args, **kwargs)", "  File \"C:\\Users\\Rahul\\AppData\\Local\\Programs\\Python\\Python310\\lib\\site-packages\\rest_framework\\generics.py\", line 243, in get", "    return self.list(request, *args, **kwargs)", "  File \"C:\\Users\\Rahul\\AppData\\Local\\Programs\\Python\\Python310\\lib\\site-packages\\rest_framework\\mixins.py\", line 40, in list", "    page = self.paginate_queryset(queryset)", "  File \"C:\\Users\\Rahul\\AppData\\Local\\Programs\\Python\\Python310\\lib\\site-packages\\rest_framework\\generics.py\", line 175, in paginate_queryset", "    return self.paginator.paginate_queryset(queryset, self.request, view=self)", "  File \"C:\\Users\\Rahul\\AppData\\Local\\Programs\\Python\\Python310\\lib\\site-packages\\rest_framework\\pagination.py\", line 222, in paginate_queryset", "    return list(self.page)", "  File \"C:\\Users\\Rahul\\AppData\\Local\\Programs\\Python\\Python310\\lib\\site-packages\\django\\core\\paginator.py\", line 191, in __len__", "    return len(self.object_list)", "  File \"C:\\Users\\Rahul\\AppData\\Local\\Programs\\Python\\Python310\\lib\\site-packages\\django\\db\\models\\query.py\", line 366, in __len__", "    self._fetch_all()", "  File \"C:\\Users\\Rahul\\AppData\\Local\\Programs\\Python\\Python310\\lib\\site-packages\\django\\db\\models\\query.py\", line 1949, in _fetch_all", "    self._result_cache = list(self._iterable_class(self))", "  File \"C:\\Users\\Rahul\\AppData\\Local\\Programs\\Python\\Python310\\lib\\site-packages\\django\\db\\models\\query.py\", line 91, in __iter__", "    results = compiler.execute_sql(", "  File \"C:\\Users\\Rahul\\AppData\\Local\\Programs\\Python\\Python310\\lib\\site-packages\\django\\db\\models\\sql\\compiler.py\", line 1610, in execute_sql", "    sql, params = self.as_sql()", "  File \"C:\\Users\\Rahul\\AppData\\Local\\Programs\\Python\\Python310\\lib\\site-packages\\django\\db\\models\\sql\\compiler.py\", line 766, in as_sql", "    extra_select, order_by, group_by = self.pre_sql_setup(", "  File \"C:\\Users\\Rahul\\AppData\\Local\\Programs\\Python\\Python310\\lib\\site-packages\\django\\db\\models\\sql\\compiler.py\", line 85, in pre_sql_setup", "    self.setup_query(with_col_aliases=with_col_aliases)", "  File \"C:\\Users\\Rahul\\AppData\\Local\\Programs\\Python\\Python310\\lib\\site-packages\\django\\db\\models\\sql\\compiler.py\", line 74, in setup_query", "    self.select, self.klass_info, self.annotation_col_map = self.get_select(", "  File \"C:\\Users\\Rahul\\AppData\\Local\\Programs\\Python\\Python310\\lib\\site-packages\\django\\db\\models\\sql\\compiler.py\", line 299, in get_select", "    related_klass_infos = self.get_related_selections(select, select_mask)", "  File \"C:\\Users\\Rahul\\AppData\\Local\\Programs\\Python\\Python310\\lib\\site-packages\\django\\db\\models\\sql\\compiler.py\", line 1396, in get_related_selections", "    raise FieldError(", "django.core.exceptions.FieldError: Invalid field name(s) given in select_related: 'guardian'. Choices are: school", ""]}, "request": {"method": "GET", "path": "/api/athletes/", "ip": "127.0.0.1", "userAgent": "Mozilla/5.0 (Windows NT 10.0; Win64; x64; rv:142.0) Gecko/20100101 Firefox/142.0", "requestId": "4ee15b4d-90ef-4ed6-9abc-887b1c4da639", "userId": 3}, "response": {"statusCode": 500}, "context": {"view": "AthleteListCreateView", "viewMethod": null}, "meta": {"service": "athletiq-django", "environment": "development"}}
Internal Server Error: /api/athletes/
{"level": "error", "message": "Exception: FieldError", "timestamp": "2025-08-22T19:30:14.000Z", "error": {"name": "FieldError", "message": "Invalid field name(s) given in select_related: 'guardian'. Choices are: school", "stack": ["Traceback (most recent call last):", "  File \"C:\\Users\\Rahul\\AppData\\Local\\Programs\\Python\\Python310\\lib\\site-packages\\rest_framework\\views.py\", line 512, in dispatch", "    response = handler(request, *args, **kwargs)", "  File \"C:\\Users\\Rahul\\AppData\\Local\\Programs\\Python\\Python310\\lib\\site-packages\\rest_framework\\generics.py\", line 243, in get", "    return self.list(request, *args, **kwargs)", "  File \"C:\\Users\\Rahul\\AppData\\Local\\Programs\\Python\\Python310\\lib\\site-packages\\rest_framework\\mixins.py\", line 40, in list", "    page = self.paginate_queryset(queryset)", "  File \"C:\\Users\\Rahul\\AppData\\Local\\Programs\\Python\\Python310\\lib\\site-packages\\rest_framework\\generics.py\", line 175, in paginate_queryset", "    return self.paginator.paginate_queryset(queryset, self.request, view=self)", "  File \"C:\\Users\\Rahul\\AppData\\Local\\Programs\\Python\\Python310\\lib\\site-packages\\rest_framework\\pagination.py\", line 222, in paginate_queryset", "    return list(self.page)", "  File \"C:\\Users\\Rahul\\AppData\\Local\\Programs\\Python\\Python310\\lib\\site-packages\\django\\core\\paginator.py\", line 191, in __len__", "    return len(self.object_list)", "  File \"C:\\Users\\Rahul\\AppData\\Local\\Programs\\Python\\Python310\\lib\\site-packages\\django\\db\\models\\query.py\", line 366, in __len__", "    self._fetch_all()", "  File \"C:\\Users\\Rahul\\AppData\\Local\\Programs\\Python\\Python310\\lib\\site-packages\\django\\db\\models\\query.py\", line 1949, in _fetch_all", "    self._result_cache = list(self._iterable_class(self))", "  File \"C:\\Users\\Rahul\\AppData\\Local\\Programs\\Python\\Python310\\lib\\site-packages\\django\\db\\models\\query.py\", line 91, in __iter__", "    results = compiler.execute_sql(", "  File \"C:\\Users\\Rahul\\AppData\\Local\\Programs\\Python\\Python310\\lib\\site-packages\\django\\db\\models\\sql\\compiler.py\", line 1610, in execute_sql", "    sql, params = self.as_sql()", "  File \"C:\\Users\\Rahul\\AppData\\Local\\Programs\\Python\\Python310\\lib\\site-packages\\django\\db\\models\\sql\\compiler.py\", line 766, in as_sql", "    extra_select, order_by, group_by = self.pre_sql_setup(", "  File \"C:\\Users\\Rahul\\AppData\\Local\\Programs\\Python\\Python310\\lib\\site-packages\\django\\db\\models\\sql\\compiler.py\", line 85, in pre_sql_setup", "    self.setup_query(with_col_aliases=with_col_aliases)", "  File \"C:\\Users\\Rahul\\AppData\\Local\\Programs\\Python\\Python310\\lib\\site-packages\\django\\db\\models\\sql\\compiler.py\", line 74, in setup_query", "    self.select, self.klass_info, self.annotation_col_map = self.get_select(", "  File \"C:\\Users\\Rahul\\AppData\\Local\\Programs\\Python\\Python310\\lib\\site-packages\\django\\db\\models\\sql\\compiler.py\", line 299, in get_select", "    related_klass_infos = self.get_related_selections(select, select_mask)", "  File \"C:\\Users\\Rahul\\AppData\\Local\\Programs\\Python\\Python310\\lib\\site-packages\\django\\db\\models\\sql\\compiler.py\", line 1396, in get_related_selections", "    raise FieldError(", "django.core.exceptions.FieldError: Invalid field name(s) given in select_related: 'guardian'. Choices are: school", ""]}, "request": {"method": "GET", "path": "/api/athletes/", "ip": "127.0.0.1", "userAgent": "Mozilla/5.0 (Windows NT 10.0; Win64; x64; rv:142.0) Gecko/20100101 Firefox/142.0", "requestId": "f2c53d31-ebb9-4c4c-8a56-86b4ea6a2eea", "userId": 3}, "response": {"statusCode": 500}, "context": {"view": "AthleteListCreateView", "viewMethod": null}, "meta": {"service": "athletiq-django", "environment": "development"}}
Internal Server Error: /api/athletes/
{"level": "error", "message": "Exception: FieldError", "timestamp": "2025-08-22T19:30:16.000Z", "error": {"name": "FieldError", "message": "Invalid field name(s) given in select_related: 'guardian'. Choices are: school", "stack": ["Traceback (most recent call last):", "  File \"C:\\Users\\Rahul\\AppData\\Local\\Programs\\Python\\Python310\\lib\\site-packages\\rest_framework\\views.py\", line 512, in dispatch", "    response = handler(request, *args, **kwargs)", "  File \"C:\\Users\\Rahul\\AppData\\Local\\Programs\\Python\\Python310\\lib\\site-packages\\rest_framework\\generics.py\", line 243, in get", "    return self.list(request, *args, **kwargs)", "  File \"C:\\Users\\Rahul\\AppData\\Local\\Programs\\Python\\Python310\\lib\\site-packages\\rest_framework\\mixins.py\", line 40, in list", "    page = self.paginate_queryset(queryset)", "  File \"C:\\Users\\Rahul\\AppData\\Local\\Programs\\Python\\Python310\\lib\\site-packages\\rest_framework\\generics.py\", line 175, in paginate_queryset", "    return self.paginator.paginate_queryset(queryset, self.request, view=self)", "  File \"C:\\Users\\Rahul\\AppData\\Local\\Programs\\Python\\Python310\\lib\\site-packages\\rest_framework\\pagination.py\", line 222, in paginate_queryset", "    return list(self.page)", "  File \"C:\\Users\\Rahul\\AppData\\Local\\Programs\\Python\\Python310\\lib\\site-packages\\django\\core\\paginator.py\", line 191, in __len__", "    return len(self.object_list)", "  File \"C:\\Users\\Rahul\\AppData\\Local\\Programs\\Python\\Python310\\lib\\site-packages\\django\\db\\models\\query.py\", line 366, in __len__", "    self._fetch_all()", "  File \"C:\\Users\\Rahul\\AppData\\Local\\Programs\\Python\\Python310\\lib\\site-packages\\django\\db\\models\\query.py\", line 1949, in _fetch_all", "    self._result_cache = list(self._iterable_class(self))", "  File \"C:\\Users\\Rahul\\AppData\\Local\\Programs\\Python\\Python310\\lib\\site-packages\\django\\db\\models\\query.py\", line 91, in __iter__", "    results = compiler.execute_sql(", "  File \"C:\\Users\\Rahul\\AppData\\Local\\Programs\\Python\\Python310\\lib\\site-packages\\django\\db\\models\\sql\\compiler.py\", line 1610, in execute_sql", "    sql, params = self.as_sql()", "  File \"C:\\Users\\Rahul\\AppData\\Local\\Programs\\Python\\Python310\\lib\\site-packages\\django\\db\\models\\sql\\compiler.py\", line 766, in as_sql", "    extra_select, order_by, group_by = self.pre_sql_setup(", "  File \"C:\\Users\\Rahul\\AppData\\Local\\Programs\\Python\\Python310\\lib\\site-packages\\django\\db\\models\\sql\\compiler.py\", line 85, in pre_sql_setup", "    self.setup_query(with_col_aliases=with_col_aliases)", "  File \"C:\\Users\\Rahul\\AppData\\Local\\Programs\\Python\\Python310\\lib\\site-packages\\django\\db\\models\\sql\\compiler.py\", line 74, in setup_query", "    self.select, self.klass_info, self.annotation_col_map = self.get_select(", "  File \"C:\\Users\\Rahul\\AppData\\Local\\Programs\\Python\\Python310\\lib\\site-packages\\django\\db\\models\\sql\\compiler.py\", line 299, in get_select", "    related_klass_infos = self.get_related_selections(select, select_mask)", "  File \"C:\\Users\\Rahul\\AppData\\Local\\Programs\\Python\\Python310\\lib\\site-packages\\django\\db\\models\\sql\\compiler.py\", line 1396, in get_related_selections", "    raise FieldError(", "django.core.exceptions.FieldError: Invalid field name(s) given in select_related: 'guardian'. Choices are: school", ""]}, "request": {"method": "GET", "path": "/api/athletes/", "ip": "127.0.0.1", "userAgent": "Mozilla/5.0 (Windows NT 10.0; Win64; x64; rv:142.0) Gecko/20100101 Firefox/142.0", "requestId": "7744aea3-0f56-4253-8805-28c09b19acce", "userId": 3}, "response": {"statusCode": 500}, "context": {"view": "AthleteListCreateView", "viewMethod": null}, "meta": {"service": "athletiq-django", "environment": "development"}}
{"level": "error", "message": "Exception: FieldError", "timestamp": "2025-08-22T19:30:18.000Z", "error": {"name": "FieldError", "message": "Invalid field name(s) given in select_related: 'guardian'. Choices are: school", "stack": ["Traceback (most recent call last):", "  File \"C:\\Users\\Rahul\\AppData\\Local\\Programs\\Python\\Python310\\lib\\site-packages\\rest_framework\\views.py\", line 512, in dispatch", "    response = handler(request, *args, **kwargs)", "  File \"C:\\Users\\Rahul\\AppData\\Local\\Programs\\Python\\Python310\\lib\\site-packages\\rest_framework\\generics.py\", line 243, in get", "    return self.list(request, *args, **kwargs)", "  File \"C:\\Users\\Rahul\\AppData\\Local\\Programs\\Python\\Python310\\lib\\site-packages\\rest_framework\\mixins.py\", line 40, in list", "    page = self.paginate_queryset(queryset)", "  File \"C:\\Users\\Rahul\\AppData\\Local\\Programs\\Python\\Python310\\lib\\site-packages\\rest_framework\\generics.py\", line 175, in paginate_queryset", "    return self.paginator.paginate_queryset(queryset, self.request, view=self)", "  File \"C:\\Users\\Rahul\\AppData\\Local\\Programs\\Python\\Python310\\lib\\site-packages\\rest_framework\\pagination.py\", line 222, in paginate_queryset", "    return list(self.page)", "  File \"C:\\Users\\Rahul\\AppData\\Local\\Programs\\Python\\Python310\\lib\\site-packages\\django\\core\\paginator.py\", line 191, in __len__", "    return len(self.object_list)", "  File \"C:\\Users\\Rahul\\AppData\\Local\\Programs\\Python\\Python310\\lib\\site-packages\\django\\db\\models\\query.py\", line 366, in __len__", "    self._fetch_all()", "  File \"C:\\Users\\Rahul\\AppData\\Local\\Programs\\Python\\Python310\\lib\\site-packages\\django\\db\\models\\query.py\", line 1949, in _fetch_all", "    self._result_cache = list(self._iterable_class(self))", "  File \"C:\\Users\\Rahul\\AppData\\Local\\Programs\\Python\\Python310\\lib\\site-packages\\django\\db\\models\\query.py\", line 91, in __iter__", "    results = compiler.execute_sql(", "  File \"C:\\Users\\Rahul\\AppData\\Local\\Programs\\Python\\Python310\\lib\\site-packages\\django\\db\\models\\sql\\compiler.py\", line 1610, in execute_sql", "    sql, params = self.as_sql()", "  File \"C:\\Users\\Rahul\\AppData\\Local\\Programs\\Python\\Python310\\lib\\site-packages\\django\\db\\models\\sql\\compiler.py\", line 766, in as_sql", "    extra_select, order_by, group_by = self.pre_sql_setup(", "  File \"C:\\Users\\Rahul\\AppData\\Local\\Programs\\Python\\Python310\\lib\\site-packages\\django\\db\\models\\sql\\compiler.py\", line 85, in pre_sql_setup", "    self.setup_query(with_col_aliases=with_col_aliases)", "  File \"C:\\Users\\Rahul\\AppData\\Local\\Programs\\Python\\Python310\\lib\\site-packages\\django\\db\\models\\sql\\compiler.py\", line 74, in setup_query", "    self.select, self.klass_info, self.annotation_col_map = self.get_select(", "  File \"C:\\Users\\Rahul\\AppData\\Local\\Programs\\Python\\Python310\\lib\\site-packages\\django\\db\\models\\sql\\compiler.py\", line 299, in get_select", "    related_klass_infos = self.get_related_selections(select, select_mask)", "  File \"C:\\Users\\Rahul\\AppData\\Local\\Programs\\Python\\Python310\\lib\\site-packages\\django\\db\\models\\sql\\compiler.py\", line 1396, in get_related_selections", "    raise FieldError(", "django.core.exceptions.FieldError: Invalid field name(s) given in select_related: 'guardian'. Choices are: school", ""]}, "request": {"method": "GET", "path": "/api/athletes/", "ip": "127.0.0.1", "userAgent": "Mozilla/5.0 (Windows NT 10.0; Win64; x64; rv:142.0) Gecko/20100101 Firefox/142.0", "requestId": "d3b438e0-54c9-4641-99da-a512b33da044", "userId": 3}, "response": {"statusCode": 500}, "context": {"view": "AthleteListCreateView", "viewMethod": null}, "meta": {"service": "athletiq-django", "environment": "development"}}
Internal Server Error: /api/athletes/
Internal Server Error: /api/athletes/
{"level": "error", "message": "Exception: FieldError", "timestamp": "2025-08-22T19:30:21.000Z", "error": {"name": "FieldError", "message": "Invalid field name(s) given in select_related: 'guardian'. Choices are: school", "stack": ["Traceback (most recent call last):", "  File \"C:\\Users\\Rahul\\AppData\\Local\\Programs\\Python\\Python310\\lib\\site-packages\\rest_framework\\views.py\", line 512, in dispatch", "    response = handler(request, *args, **kwargs)", "  File \"C:\\Users\\Rahul\\AppData\\Local\\Programs\\Python\\Python310\\lib\\site-packages\\rest_framework\\generics.py\", line 243, in get", "    return self.list(request, *args, **kwargs)", "  File \"C:\\Users\\Rahul\\AppData\\Local\\Programs\\Python\\Python310\\lib\\site-packages\\rest_framework\\mixins.py\", line 40, in list", "    page = self.paginate_queryset(queryset)", "  File \"C:\\Users\\Rahul\\AppData\\Local\\Programs\\Python\\Python310\\lib\\site-packages\\rest_framework\\generics.py\", line 175, in paginate_queryset", "    return self.paginator.paginate_queryset(queryset, self.request, view=self)", "  File \"C:\\Users\\Rahul\\AppData\\Local\\Programs\\Python\\Python310\\lib\\site-packages\\rest_framework\\pagination.py\", line 222, in paginate_queryset", "    return list(self.page)", "  File \"C:\\Users\\Rahul\\AppData\\Local\\Programs\\Python\\Python310\\lib\\site-packages\\django\\core\\paginator.py\", line 191, in __len__", "    return len(self.object_list)", "  File \"C:\\Users\\Rahul\\AppData\\Local\\Programs\\Python\\Python310\\lib\\site-packages\\django\\db\\models\\query.py\", line 366, in __len__", "    self._fetch_all()", "  File \"C:\\Users\\Rahul\\AppData\\Local\\Programs\\Python\\Python310\\lib\\site-packages\\django\\db\\models\\query.py\", line 1949, in _fetch_all", "    self._result_cache = list(self._iterable_class(self))", "  File \"C:\\Users\\Rahul\\AppData\\Local\\Programs\\Python\\Python310\\lib\\site-packages\\django\\db\\models\\query.py\", line 91, in __iter__", "    results = compiler.execute_sql(", "  File \"C:\\Users\\Rahul\\AppData\\Local\\Programs\\Python\\Python310\\lib\\site-packages\\django\\db\\models\\sql\\compiler.py\", line 1610, in execute_sql", "    sql, params = self.as_sql()", "  File \"C:\\Users\\Rahul\\AppData\\Local\\Programs\\Python\\Python310\\lib\\site-packages\\django\\db\\models\\sql\\compiler.py\", line 766, in as_sql", "    extra_select, order_by, group_by = self.pre_sql_setup(", "  File \"C:\\Users\\Rahul\\AppData\\Local\\Programs\\Python\\Python310\\lib\\site-packages\\django\\db\\models\\sql\\compiler.py\", line 85, in pre_sql_setup", "    self.setup_query(with_col_aliases=with_col_aliases)", "  File \"C:\\Users\\Rahul\\AppData\\Local\\Programs\\Python\\Python310\\lib\\site-packages\\django\\db\\models\\sql\\compiler.py\", line 74, in setup_query", "    self.select, self.klass_info, self.annotation_col_map = self.get_select(", "  File \"C:\\Users\\Rahul\\AppData\\Local\\Programs\\Python\\Python310\\lib\\site-packages\\django\\db\\models\\sql\\compiler.py\", line 299, in get_select", "    related_klass_infos = self.get_related_selections(select, select_mask)", "  File \"C:\\Users\\Rahul\\AppData\\Local\\Programs\\Python\\Python310\\lib\\site-packages\\django\\db\\models\\sql\\compiler.py\", line 1396, in get_related_selections", "    raise FieldError(", "django.core.exceptions.FieldError: Invalid field name(s) given in select_related: 'guardian'. Choices are: school", ""]}, "request": {"method": "GET", "path": "/api/athletes/", "ip": "127.0.0.1", "userAgent": "Mozilla/5.0 (Windows NT 10.0; Win64; x64; rv:142.0) Gecko/20100101 Firefox/142.0", "requestId": "7381943b-6236-4ed4-9b8c-a3cc9eb31cd3", "userId": 3}, "response": {"statusCode": 500}, "context": {"view": "AthleteListCreateView", "viewMethod": null}, "meta": {"service": "athletiq-django", "environment": "development"}}
{"level": "error", "message": "Exception: FieldError", "timestamp": "2025-08-22T19:30:21.000Z", "error": {"name": "FieldError", "message": "Invalid field name(s) given in select_related: 'guardian'. Choices are: school", "stack": ["Traceback (most recent call last):", "  File \"C:\\Users\\Rahul\\AppData\\Local\\Programs\\Python\\Python310\\lib\\site-packages\\rest_framework\\views.py\", line 512, in dispatch", "    response = handler(request, *args, **kwargs)", "  File \"C:\\Users\\Rahul\\AppData\\Local\\Programs\\Python\\Python310\\lib\\site-packages\\rest_framework\\generics.py\", line 243, in get", "    return self.list(request, *args, **kwargs)", "  File \"C:\\Users\\Rahul\\AppData\\Local\\Programs\\Python\\Python310\\lib\\site-packages\\rest_framework\\mixins.py\", line 40, in list", "    page = self.paginate_queryset(queryset)", "  File \"C:\\Users\\Rahul\\AppData\\Local\\Programs\\Python\\Python310\\lib\\site-packages\\rest_framework\\generics.py\", line 175, in paginate_queryset", "    return self.paginator.paginate_queryset(queryset, self.request, view=self)", "  File \"C:\\Users\\Rahul\\AppData\\Local\\Programs\\Python\\Python310\\lib\\site-packages\\rest_framework\\pagination.py\", line 222, in paginate_queryset", "    return list(self.page)", "  File \"C:\\Users\\Rahul\\AppData\\Local\\Programs\\Python\\Python310\\lib\\site-packages\\django\\core\\paginator.py\", line 191, in __len__", "    return len(self.object_list)", "  File \"C:\\Users\\Rahul\\AppData\\Local\\Programs\\Python\\Python310\\lib\\site-packages\\django\\db\\models\\query.py\", line 366, in __len__", "    self._fetch_all()", "  File \"C:\\Users\\Rahul\\AppData\\Local\\Programs\\Python\\Python310\\lib\\site-packages\\django\\db\\models\\query.py\", line 1949, in _fetch_all", "    self._result_cache = list(self._iterable_class(self))", "  File \"C:\\Users\\Rahul\\AppData\\Local\\Programs\\Python\\Python310\\lib\\site-packages\\django\\db\\models\\query.py\", line 91, in __iter__", "    results = compiler.execute_sql(", "  File \"C:\\Users\\Rahul\\AppData\\Local\\Programs\\Python\\Python310\\lib\\site-packages\\django\\db\\models\\sql\\compiler.py\", line 1610, in execute_sql", "    sql, params = self.as_sql()", "  File \"C:\\Users\\Rahul\\AppData\\Local\\Programs\\Python\\Python310\\lib\\site-packages\\django\\db\\models\\sql\\compiler.py\", line 766, in as_sql", "    extra_select, order_by, group_by = self.pre_sql_setup(", "  File \"C:\\Users\\Rahul\\AppData\\Local\\Programs\\Python\\Python310\\lib\\site-packages\\django\\db\\models\\sql\\compiler.py\", line 85, in pre_sql_setup", "    self.setup_query(with_col_aliases=with_col_aliases)", "  File \"C:\\Users\\Rahul\\AppData\\Local\\Programs\\Python\\Python310\\lib\\site-packages\\django\\db\\models\\sql\\compiler.py\", line 74, in setup_query", "    self.select, self.klass_info, self.annotation_col_map = self.get_select(", "  File \"C:\\Users\\Rahul\\AppData\\Local\\Programs\\Python\\Python310\\lib\\site-packages\\django\\db\\models\\sql\\compiler.py\", line 299, in get_select", "    related_klass_infos = self.get_related_selections(select, select_mask)", "  File \"C:\\Users\\Rahul\\AppData\\Local\\Programs\\Python\\Python310\\lib\\site-packages\\django\\db\\models\\sql\\compiler.py\", line 1396, in get_related_selections", "    raise FieldError(", "django.core.exceptions.FieldError: Invalid field name(s) given in select_related: 'guardian'. Choices are: school", ""]}, "request": {"method": "GET", "path": "/api/athletes/", "ip": "127.0.0.1", "userAgent": "Mozilla/5.0 (Windows NT 10.0; Win64; x64; rv:142.0) Gecko/20100101 Firefox/142.0", "requestId": "6930ffce-a180-4f8d-9024-3c2ce9fb85c4", "userId": 3}, "response": {"statusCode": 500}, "context": {"view": "AthleteListCreateView", "viewMethod": null}, "meta": {"service": "athletiq-django", "environment": "development"}}
Internal Server Error: /api/athletes/
Internal Server Error: /api/athletes/
{"level": "error", "message": "Exception: FieldError", "timestamp": "2025-08-22T19:30:36.000Z", "error": {"name": "FieldError", "message": "Invalid field name(s) given in select_related: 'guardian'. Choices are: school", "stack": ["Traceback (most recent call last):", "  File \"C:\\Users\\Rahul\\AppData\\Local\\Programs\\Python\\Python310\\lib\\site-packages\\rest_framework\\views.py\", line 512, in dispatch", "    response = handler(request, *args, **kwargs)", "  File \"C:\\Users\\Rahul\\AppData\\Local\\Programs\\Python\\Python310\\lib\\site-packages\\rest_framework\\generics.py\", line 243, in get", "    return self.list(request, *args, **kwargs)", "  File \"C:\\Users\\Rahul\\AppData\\Local\\Programs\\Python\\Python310\\lib\\site-packages\\rest_framework\\mixins.py\", line 40, in list", "    page = self.paginate_queryset(queryset)", "  File \"C:\\Users\\Rahul\\AppData\\Local\\Programs\\Python\\Python310\\lib\\site-packages\\rest_framework\\generics.py\", line 175, in paginate_queryset", "    return self.paginator.paginate_queryset(queryset, self.request, view=self)", "  File \"C:\\Users\\Rahul\\AppData\\Local\\Programs\\Python\\Python310\\lib\\site-packages\\rest_framework\\pagination.py\", line 222, in paginate_queryset", "    return list(self.page)", "  File \"C:\\Users\\Rahul\\AppData\\Local\\Programs\\Python\\Python310\\lib\\site-packages\\django\\core\\paginator.py\", line 191, in __len__", "    return len(self.object_list)", "  File \"C:\\Users\\Rahul\\AppData\\Local\\Programs\\Python\\Python310\\lib\\site-packages\\django\\db\\models\\query.py\", line 366, in __len__", "    self._fetch_all()", "  File \"C:\\Users\\Rahul\\AppData\\Local\\Programs\\Python\\Python310\\lib\\site-packages\\django\\db\\models\\query.py\", line 1949, in _fetch_all", "    self._result_cache = list(self._iterable_class(self))", "  File \"C:\\Users\\Rahul\\AppData\\Local\\Programs\\Python\\Python310\\lib\\site-packages\\django\\db\\models\\query.py\", line 91, in __iter__", "    results = compiler.execute_sql(", "  File \"C:\\Users\\Rahul\\AppData\\Local\\Programs\\Python\\Python310\\lib\\site-packages\\django\\db\\models\\sql\\compiler.py\", line 1610, in execute_sql", "    sql, params = self.as_sql()", "  File \"C:\\Users\\Rahul\\AppData\\Local\\Programs\\Python\\Python310\\lib\\site-packages\\django\\db\\models\\sql\\compiler.py\", line 766, in as_sql", "    extra_select, order_by, group_by = self.pre_sql_setup(", "  File \"C:\\Users\\Rahul\\AppData\\Local\\Programs\\Python\\Python310\\lib\\site-packages\\django\\db\\models\\sql\\compiler.py\", line 85, in pre_sql_setup", "    self.setup_query(with_col_aliases=with_col_aliases)", "  File \"C:\\Users\\Rahul\\AppData\\Local\\Programs\\Python\\Python310\\lib\\site-packages\\django\\db\\models\\sql\\compiler.py\", line 74, in setup_query", "    self.select, self.klass_info, self.annotation_col_map = self.get_select(", "  File \"C:\\Users\\Rahul\\AppData\\Local\\Programs\\Python\\Python310\\lib\\site-packages\\django\\db\\models\\sql\\compiler.py\", line 299, in get_select", "    related_klass_infos = self.get_related_selections(select, select_mask)", "  File \"C:\\Users\\Rahul\\AppData\\Local\\Programs\\Python\\Python310\\lib\\site-packages\\django\\db\\models\\sql\\compiler.py\", line 1396, in get_related_selections", "    raise FieldError(", "django.core.exceptions.FieldError: Invalid field name(s) given in select_related: 'guardian'. Choices are: school", ""]}, "request": {"method": "GET", "path": "/api/athletes/", "ip": "127.0.0.1", "userAgent": "Mozilla/5.0 (Windows NT 10.0; Win64; x64; rv:142.0) Gecko/20100101 Firefox/142.0", "requestId": "2db60217-8e4f-4b33-9f42-36739e409940", "userId": 3}, "response": {"statusCode": 500}, "context": {"view": "AthleteListCreateView", "viewMethod": null}, "meta": {"service": "athletiq-django", "environment": "development"}}
Internal Server Error: /api/athletes/
{"level": "error", "message": "Exception: FieldError", "timestamp": "2025-08-22T19:30:37.000Z", "error": {"name": "FieldError", "message": "Invalid field name(s) given in select_related: 'guardian'. Choices are: school", "stack": ["Traceback (most recent call last):", "  File \"C:\\Users\\Rahul\\AppData\\Local\\Programs\\Python\\Python310\\lib\\site-packages\\rest_framework\\views.py\", line 512, in dispatch", "    response = handler(request, *args, **kwargs)", "  File \"C:\\Users\\Rahul\\AppData\\Local\\Programs\\Python\\Python310\\lib\\site-packages\\rest_framework\\generics.py\", line 243, in get", "    return self.list(request, *args, **kwargs)", "  File \"C:\\Users\\Rahul\\AppData\\Local\\Programs\\Python\\Python310\\lib\\site-packages\\rest_framework\\mixins.py\", line 40, in list", "    page = self.paginate_queryset(queryset)", "  File \"C:\\Users\\Rahul\\AppData\\Local\\Programs\\Python\\Python310\\lib\\site-packages\\rest_framework\\generics.py\", line 175, in paginate_queryset", "    return self.paginator.paginate_queryset(queryset, self.request, view=self)", "  File \"C:\\Users\\Rahul\\AppData\\Local\\Programs\\Python\\Python310\\lib\\site-packages\\rest_framework\\pagination.py\", line 222, in paginate_queryset", "    return list(self.page)", "  File \"C:\\Users\\Rahul\\AppData\\Local\\Programs\\Python\\Python310\\lib\\site-packages\\django\\core\\paginator.py\", line 191, in __len__", "    return len(self.object_list)", "  File \"C:\\Users\\Rahul\\AppData\\Local\\Programs\\Python\\Python310\\lib\\site-packages\\django\\db\\models\\query.py\", line 366, in __len__", "    self._fetch_all()", "  File \"C:\\Users\\Rahul\\AppData\\Local\\Programs\\Python\\Python310\\lib\\site-packages\\django\\db\\models\\query.py\", line 1949, in _fetch_all", "    self._result_cache = list(self._iterable_class(self))", "  File \"C:\\Users\\Rahul\\AppData\\Local\\Programs\\Python\\Python310\\lib\\site-packages\\django\\db\\models\\query.py\", line 91, in __iter__", "    results = compiler.execute_sql(", "  File \"C:\\Users\\Rahul\\AppData\\Local\\Programs\\Python\\Python310\\lib\\site-packages\\django\\db\\models\\sql\\compiler.py\", line 1610, in execute_sql", "    sql, params = self.as_sql()", "  File \"C:\\Users\\Rahul\\AppData\\Local\\Programs\\Python\\Python310\\lib\\site-packages\\django\\db\\models\\sql\\compiler.py\", line 766, in as_sql", "    extra_select, order_by, group_by = self.pre_sql_setup(", "  File \"C:\\Users\\Rahul\\AppData\\Local\\Programs\\Python\\Python310\\lib\\site-packages\\django\\db\\models\\sql\\compiler.py\", line 85, in pre_sql_setup", "    self.setup_query(with_col_aliases=with_col_aliases)", "  File \"C:\\Users\\Rahul\\AppData\\Local\\Programs\\Python\\Python310\\lib\\site-packages\\django\\db\\models\\sql\\compiler.py\", line 74, in setup_query", "    self.select, self.klass_info, self.annotation_col_map = self.get_select(", "  File \"C:\\Users\\Rahul\\AppData\\Local\\Programs\\Python\\Python310\\lib\\site-packages\\django\\db\\models\\sql\\compiler.py\", line 299, in get_select", "    related_klass_infos = self.get_related_selections(select, select_mask)", "  File \"C:\\Users\\Rahul\\AppData\\Local\\Programs\\Python\\Python310\\lib\\site-packages\\django\\db\\models\\sql\\compiler.py\", line 1396, in get_related_selections", "    raise FieldError(", "django.core.exceptions.FieldError: Invalid field name(s) given in select_related: 'guardian'. Choices are: school", ""]}, "request": {"method": "GET", "path": "/api/athletes/", "ip": "127.0.0.1", "userAgent": "Mozilla/5.0 (Windows NT 10.0; Win64; x64; rv:142.0) Gecko/20100101 Firefox/142.0", "requestId": "1dd15e95-8918-4964-9ae2-432c01872c56", "userId": 3}, "response": {"statusCode": 500}, "context": {"view": "AthleteListCreateView", "viewMethod": null}, "meta": {"service": "athletiq-django", "environment": "development"}}
Internal Server Error: /api/athletes/
{"level": "error", "message": "Exception: FieldError", "timestamp": "2025-08-22T19:30:38.000Z", "error": {"name": "FieldError", "message": "Invalid field name(s) given in select_related: 'guardian'. Choices are: school", "stack": ["Traceback (most recent call last):", "  File \"C:\\Users\\Rahul\\AppData\\Local\\Programs\\Python\\Python310\\lib\\site-packages\\rest_framework\\views.py\", line 512, in dispatch", "    response = handler(request, *args, **kwargs)", "  File \"C:\\Users\\Rahul\\AppData\\Local\\Programs\\Python\\Python310\\lib\\site-packages\\rest_framework\\generics.py\", line 243, in get", "    return self.list(request, *args, **kwargs)", "  File \"C:\\Users\\Rahul\\AppData\\Local\\Programs\\Python\\Python310\\lib\\site-packages\\rest_framework\\mixins.py\", line 40, in list", "    page = self.paginate_queryset(queryset)", "  File \"C:\\Users\\Rahul\\AppData\\Local\\Programs\\Python\\Python310\\lib\\site-packages\\rest_framework\\generics.py\", line 175, in paginate_queryset", "    return self.paginator.paginate_queryset(queryset, self.request, view=self)", "  File \"C:\\Users\\Rahul\\AppData\\Local\\Programs\\Python\\Python310\\lib\\site-packages\\rest_framework\\pagination.py\", line 222, in paginate_queryset", "    return list(self.page)", "  File \"C:\\Users\\Rahul\\AppData\\Local\\Programs\\Python\\Python310\\lib\\site-packages\\django\\core\\paginator.py\", line 191, in __len__", "    return len(self.object_list)", "  File \"C:\\Users\\Rahul\\AppData\\Local\\Programs\\Python\\Python310\\lib\\site-packages\\django\\db\\models\\query.py\", line 366, in __len__", "    self._fetch_all()", "  File \"C:\\Users\\Rahul\\AppData\\Local\\Programs\\Python\\Python310\\lib\\site-packages\\django\\db\\models\\query.py\", line 1949, in _fetch_all", "    self._result_cache = list(self._iterable_class(self))", "  File \"C:\\Users\\Rahul\\AppData\\Local\\Programs\\Python\\Python310\\lib\\site-packages\\django\\db\\models\\query.py\", line 91, in __iter__", "    results = compiler.execute_sql(", "  File \"C:\\Users\\Rahul\\AppData\\Local\\Programs\\Python\\Python310\\lib\\site-packages\\django\\db\\models\\sql\\compiler.py\", line 1610, in execute_sql", "    sql, params = self.as_sql()", "  File \"C:\\Users\\Rahul\\AppData\\Local\\Programs\\Python\\Python310\\lib\\site-packages\\django\\db\\models\\sql\\compiler.py\", line 766, in as_sql", "    extra_select, order_by, group_by = self.pre_sql_setup(", "  File \"C:\\Users\\Rahul\\AppData\\Local\\Programs\\Python\\Python310\\lib\\site-packages\\django\\db\\models\\sql\\compiler.py\", line 85, in pre_sql_setup", "    self.setup_query(with_col_aliases=with_col_aliases)", "  File \"C:\\Users\\Rahul\\AppData\\Local\\Programs\\Python\\Python310\\lib\\site-packages\\django\\db\\models\\sql\\compiler.py\", line 74, in setup_query", "    self.select, self.klass_info, self.annotation_col_map = self.get_select(", "  File \"C:\\Users\\Rahul\\AppData\\Local\\Programs\\Python\\Python310\\lib\\site-packages\\django\\db\\models\\sql\\compiler.py\", line 299, in get_select", "    related_klass_infos = self.get_related_selections(select, select_mask)", "  File \"C:\\Users\\Rahul\\AppData\\Local\\Programs\\Python\\Python310\\lib\\site-packages\\django\\db\\models\\sql\\compiler.py\", line 1396, in get_related_selections", "    raise FieldError(", "django.core.exceptions.FieldError: Invalid field name(s) given in select_related: 'guardian'. Choices are: school", ""]}, "request": {"method": "GET", "path": "/api/athletes/", "ip": "127.0.0.1", "userAgent": "Mozilla/5.0 (Windows NT 10.0; Win64; x64; rv:142.0) Gecko/20100101 Firefox/142.0", "requestId": "8b2b7a10-982f-403f-9046-6d624f9a99e1", "userId": 3}, "response": {"statusCode": 500}, "context": {"view": "AthleteListCreateView", "viewMethod": null}, "meta": {"service": "athletiq-django", "environment": "development"}}
Internal Server Error: /api/athletes/
{"level": "error", "message": "Exception: FieldError", "timestamp": "2025-08-22T19:30:41.000Z", "error": {"name": "FieldError", "message": "Invalid field name(s) given in select_related: 'guardian'. Choices are: school", "stack": ["Traceback (most recent call last):", "  File \"C:\\Users\\Rahul\\AppData\\Local\\Programs\\Python\\Python310\\lib\\site-packages\\rest_framework\\views.py\", line 512, in dispatch", "    response = handler(request, *args, **kwargs)", "  File \"C:\\Users\\Rahul\\AppData\\Local\\Programs\\Python\\Python310\\lib\\site-packages\\rest_framework\\generics.py\", line 243, in get", "    return self.list(request, *args, **kwargs)", "  File \"C:\\Users\\Rahul\\AppData\\Local\\Programs\\Python\\Python310\\lib\\site-packages\\rest_framework\\mixins.py\", line 40, in list", "    page = self.paginate_queryset(queryset)", "  File \"C:\\Users\\Rahul\\AppData\\Local\\Programs\\Python\\Python310\\lib\\site-packages\\rest_framework\\generics.py\", line 175, in paginate_queryset", "    return self.paginator.paginate_queryset(queryset, self.request, view=self)", "  File \"C:\\Users\\Rahul\\AppData\\Local\\Programs\\Python\\Python310\\lib\\site-packages\\rest_framework\\pagination.py\", line 222, in paginate_queryset", "    return list(self.page)", "  File \"C:\\Users\\Rahul\\AppData\\Local\\Programs\\Python\\Python310\\lib\\site-packages\\django\\core\\paginator.py\", line 191, in __len__", "    return len(self.object_list)", "  File \"C:\\Users\\Rahul\\AppData\\Local\\Programs\\Python\\Python310\\lib\\site-packages\\django\\db\\models\\query.py\", line 366, in __len__", "    self._fetch_all()", "  File \"C:\\Users\\Rahul\\AppData\\Local\\Programs\\Python\\Python310\\lib\\site-packages\\django\\db\\models\\query.py\", line 1949, in _fetch_all", "    self._result_cache = list(self._iterable_class(self))", "  File \"C:\\Users\\Rahul\\AppData\\Local\\Programs\\Python\\Python310\\lib\\site-packages\\django\\db\\models\\query.py\", line 91, in __iter__", "    results = compiler.execute_sql(", "  File \"C:\\Users\\Rahul\\AppData\\Local\\Programs\\Python\\Python310\\lib\\site-packages\\django\\db\\models\\sql\\compiler.py\", line 1610, in execute_sql", "    sql, params = self.as_sql()", "  File \"C:\\Users\\Rahul\\AppData\\Local\\Programs\\Python\\Python310\\lib\\site-packages\\django\\db\\models\\sql\\compiler.py\", line 766, in as_sql", "    extra_select, order_by, group_by = self.pre_sql_setup(", "  File \"C:\\Users\\Rahul\\AppData\\Local\\Programs\\Python\\Python310\\lib\\site-packages\\django\\db\\models\\sql\\compiler.py\", line 85, in pre_sql_setup", "    self.setup_query(with_col_aliases=with_col_aliases)", "  File \"C:\\Users\\Rahul\\AppData\\Local\\Programs\\Python\\Python310\\lib\\site-packages\\django\\db\\models\\sql\\compiler.py\", line 74, in setup_query", "    self.select, self.klass_info, self.annotation_col_map = self.get_select(", "  File \"C:\\Users\\Rahul\\AppData\\Local\\Programs\\Python\\Python310\\lib\\site-packages\\django\\db\\models\\sql\\compiler.py\", line 299, in get_select", "    related_klass_infos = self.get_related_selections(select, select_mask)", "  File \"C:\\Users\\Rahul\\AppData\\Local\\Programs\\Python\\Python310\\lib\\site-packages\\django\\db\\models\\sql\\compiler.py\", line 1396, in get_related_selections", "    raise FieldError(", "django.core.exceptions.FieldError: Invalid field name(s) given in select_related: 'guardian'. Choices are: school", ""]}, "request": {"method": "GET", "path": "/api/athletes/", "ip": "127.0.0.1", "userAgent": "Mozilla/5.0 (Windows NT 10.0; Win64; x64; rv:142.0) Gecko/20100101 Firefox/142.0", "requestId": "f1963012-6e69-4b53-a2bc-d62f528810b9", "userId": 3}, "response": {"statusCode": 500}, "context": {"view": "AthleteListCreateView", "viewMethod": null}, "meta": {"service": "athletiq-django", "environment": "development"}}
Internal Server Error: /api/athletes/
{"level": "error", "message": "Exception: FieldError", "timestamp": "2025-08-22T19:31:43.000Z", "error": {"name": "FieldError", "message": "Invalid field name(s) given in select_related: 'guardian'. Choices are: school", "stack": ["Traceback (most recent call last):", "  File \"C:\\Users\\Rahul\\AppData\\Local\\Programs\\Python\\Python310\\lib\\site-packages\\rest_framework\\views.py\", line 512, in dispatch", "    response = handler(request, *args, **kwargs)", "  File \"C:\\Users\\Rahul\\AppData\\Local\\Programs\\Python\\Python310\\lib\\site-packages\\rest_framework\\generics.py\", line 243, in get", "    return self.list(request, *args, **kwargs)", "  File \"C:\\Users\\Rahul\\AppData\\Local\\Programs\\Python\\Python310\\lib\\site-packages\\rest_framework\\mixins.py\", line 40, in list", "    page = self.paginate_queryset(queryset)", "  File \"C:\\Users\\Rahul\\AppData\\Local\\Programs\\Python\\Python310\\lib\\site-packages\\rest_framework\\generics.py\", line 175, in paginate_queryset", "    return self.paginator.paginate_queryset(queryset, self.request, view=self)", "  File \"C:\\Users\\Rahul\\AppData\\Local\\Programs\\Python\\Python310\\lib\\site-packages\\rest_framework\\pagination.py\", line 222, in paginate_queryset", "    return list(self.page)", "  File \"C:\\Users\\Rahul\\AppData\\Local\\Programs\\Python\\Python310\\lib\\site-packages\\django\\core\\paginator.py\", line 191, in __len__", "    return len(self.object_list)", "  File \"C:\\Users\\Rahul\\AppData\\Local\\Programs\\Python\\Python310\\lib\\site-packages\\django\\db\\models\\query.py\", line 366, in __len__", "    self._fetch_all()", "  File \"C:\\Users\\Rahul\\AppData\\Local\\Programs\\Python\\Python310\\lib\\site-packages\\django\\db\\models\\query.py\", line 1949, in _fetch_all", "    self._result_cache = list(self._iterable_class(self))", "  File \"C:\\Users\\Rahul\\AppData\\Local\\Programs\\Python\\Python310\\lib\\site-packages\\django\\db\\models\\query.py\", line 91, in __iter__", "    results = compiler.execute_sql(", "  File \"C:\\Users\\Rahul\\AppData\\Local\\Programs\\Python\\Python310\\lib\\site-packages\\django\\db\\models\\sql\\compiler.py\", line 1610, in execute_sql", "    sql, params = self.as_sql()", "  File \"C:\\Users\\Rahul\\AppData\\Local\\Programs\\Python\\Python310\\lib\\site-packages\\django\\db\\models\\sql\\compiler.py\", line 766, in as_sql", "    extra_select, order_by, group_by = self.pre_sql_setup(", "  File \"C:\\Users\\Rahul\\AppData\\Local\\Programs\\Python\\Python310\\lib\\site-packages\\django\\db\\models\\sql\\compiler.py\", line 85, in pre_sql_setup", "    self.setup_query(with_col_aliases=with_col_aliases)", "  File \"C:\\Users\\Rahul\\AppData\\Local\\Programs\\Python\\Python310\\lib\\site-packages\\django\\db\\models\\sql\\compiler.py\", line 74, in setup_query", "    self.select, self.klass_info, self.annotation_col_map = self.get_select(", "  File \"C:\\Users\\Rahul\\AppData\\Local\\Programs\\Python\\Python310\\lib\\site-packages\\django\\db\\models\\sql\\compiler.py\", line 299, in get_select", "    related_klass_infos = self.get_related_selections(select, select_mask)", "  File \"C:\\Users\\Rahul\\AppData\\Local\\Programs\\Python\\Python310\\lib\\site-packages\\django\\db\\models\\sql\\compiler.py\", line 1396, in get_related_selections", "    raise FieldError(", "django.core.exceptions.FieldError: Invalid field name(s) given in select_related: 'guardian'. Choices are: school", ""]}, "request": {"method": "GET", "path": "/api/athletes/", "ip": "127.0.0.1", "userAgent": "Mozilla/5.0 (Windows NT 10.0; Win64; x64; rv:142.0) Gecko/20100101 Firefox/142.0", "requestId": "85bc7c99-70ee-4b0c-bfdf-abe073cdb633", "userId": 3}, "response": {"statusCode": 500}, "context": {"view": "AthleteListCreateView", "viewMethod": null}, "meta": {"service": "athletiq-django", "environment": "development"}}
Internal Server Error: /api/athletes/
{"level": "error", "message": "Exception: FieldError", "timestamp": "2025-08-22T19:31:46.000Z", "error": {"name": "FieldError", "message": "Invalid field name(s) given in select_related: 'guardian'. Choices are: school", "stack": ["Traceback (most recent call last):", "  File \"C:\\Users\\Rahul\\AppData\\Local\\Programs\\Python\\Python310\\lib\\site-packages\\rest_framework\\views.py\", line 512, in dispatch", "    response = handler(request, *args, **kwargs)", "  File \"C:\\Users\\Rahul\\AppData\\Local\\Programs\\Python\\Python310\\lib\\site-packages\\rest_framework\\generics.py\", line 243, in get", "    return self.list(request, *args, **kwargs)", "  File \"C:\\Users\\Rahul\\AppData\\Local\\Programs\\Python\\Python310\\lib\\site-packages\\rest_framework\\mixins.py\", line 40, in list", "    page = self.paginate_queryset(queryset)", "  File \"C:\\Users\\Rahul\\AppData\\Local\\Programs\\Python\\Python310\\lib\\site-packages\\rest_framework\\generics.py\", line 175, in paginate_queryset", "    return self.paginator.paginate_queryset(queryset, self.request, view=self)", "  File \"C:\\Users\\Rahul\\AppData\\Local\\Programs\\Python\\Python310\\lib\\site-packages\\rest_framework\\pagination.py\", line 222, in paginate_queryset", "    return list(self.page)", "  File \"C:\\Users\\Rahul\\AppData\\Local\\Programs\\Python\\Python310\\lib\\site-packages\\django\\core\\paginator.py\", line 191, in __len__", "    return len(self.object_list)", "  File \"C:\\Users\\Rahul\\AppData\\Local\\Programs\\Python\\Python310\\lib\\site-packages\\django\\db\\models\\query.py\", line 366, in __len__", "    self._fetch_all()", "  File \"C:\\Users\\Rahul\\AppData\\Local\\Programs\\Python\\Python310\\lib\\site-packages\\django\\db\\models\\query.py\", line 1949, in _fetch_all", "    self._result_cache = list(self._iterable_class(self))", "  File \"C:\\Users\\Rahul\\AppData\\Local\\Programs\\Python\\Python310\\lib\\site-packages\\django\\db\\models\\query.py\", line 91, in __iter__", "    results = compiler.execute_sql(", "  File \"C:\\Users\\Rahul\\AppData\\Local\\Programs\\Python\\Python310\\lib\\site-packages\\django\\db\\models\\sql\\compiler.py\", line 1610, in execute_sql", "    sql, params = self.as_sql()", "  File \"C:\\Users\\Rahul\\AppData\\Local\\Programs\\Python\\Python310\\lib\\site-packages\\django\\db\\models\\sql\\compiler.py\", line 766, in as_sql", "    extra_select, order_by, group_by = self.pre_sql_setup(", "  File \"C:\\Users\\Rahul\\AppData\\Local\\Programs\\Python\\Python310\\lib\\site-packages\\django\\db\\models\\sql\\compiler.py\", line 85, in pre_sql_setup", "    self.setup_query(with_col_aliases=with_col_aliases)", "  File \"C:\\Users\\Rahul\\AppData\\Local\\Programs\\Python\\Python310\\lib\\site-packages\\django\\db\\models\\sql\\compiler.py\", line 74, in setup_query", "    self.select, self.klass_info, self.annotation_col_map = self.get_select(", "  File \"C:\\Users\\Rahul\\AppData\\Local\\Programs\\Python\\Python310\\lib\\site-packages\\django\\db\\models\\sql\\compiler.py\", line 299, in get_select", "    related_klass_infos = self.get_related_selections(select, select_mask)", "  File \"C:\\Users\\Rahul\\AppData\\Local\\Programs\\Python\\Python310\\lib\\site-packages\\django\\db\\models\\sql\\compiler.py\", line 1396, in get_related_selections", "    raise FieldError(", "django.core.exceptions.FieldError: Invalid field name(s) given in select_related: 'guardian'. Choices are: school", ""]}, "request": {"method": "GET", "path": "/api/athletes/", "ip": "127.0.0.1", "userAgent": "Mozilla/5.0 (Windows NT 10.0; Win64; x64; rv:142.0) Gecko/20100101 Firefox/142.0", "requestId": "95bd4a2a-f258-4d46-85dc-aa3c4296443d", "userId": 3}, "response": {"statusCode": 500}, "context": {"view": "AthleteListCreateView", "viewMethod": null}, "meta": {"service": "athletiq-django", "environment": "development"}}
Internal Server Error: /api/athletes/
{"level": "error", "message": "Exception: FieldError", "timestamp": "2025-08-22T19:31:49.000Z", "error": {"name": "FieldError", "message": "Invalid field name(s) given in select_related: 'guardian'. Choices are: school", "stack": ["Traceback (most recent call last):", "  File \"C:\\Users\\Rahul\\AppData\\Local\\Programs\\Python\\Python310\\lib\\site-packages\\rest_framework\\views.py\", line 512, in dispatch", "    response = handler(request, *args, **kwargs)", "  File \"C:\\Users\\Rahul\\AppData\\Local\\Programs\\Python\\Python310\\lib\\site-packages\\rest_framework\\generics.py\", line 243, in get", "    return self.list(request, *args, **kwargs)", "  File \"C:\\Users\\Rahul\\AppData\\Local\\Programs\\Python\\Python310\\lib\\site-packages\\rest_framework\\mixins.py\", line 40, in list", "    page = self.paginate_queryset(queryset)", "  File \"C:\\Users\\Rahul\\AppData\\Local\\Programs\\Python\\Python310\\lib\\site-packages\\rest_framework\\generics.py\", line 175, in paginate_queryset", "    return self.paginator.paginate_queryset(queryset, self.request, view=self)", "  File \"C:\\Users\\Rahul\\AppData\\Local\\Programs\\Python\\Python310\\lib\\site-packages\\rest_framework\\pagination.py\", line 222, in paginate_queryset", "    return list(self.page)", "  File \"C:\\Users\\Rahul\\AppData\\Local\\Programs\\Python\\Python310\\lib\\site-packages\\django\\core\\paginator.py\", line 191, in __len__", "    return len(self.object_list)", "  File \"C:\\Users\\Rahul\\AppData\\Local\\Programs\\Python\\Python310\\lib\\site-packages\\django\\db\\models\\query.py\", line 366, in __len__", "    self._fetch_all()", "  File \"C:\\Users\\Rahul\\AppData\\Local\\Programs\\Python\\Python310\\lib\\site-packages\\django\\db\\models\\query.py\", line 1949, in _fetch_all", "    self._result_cache = list(self._iterable_class(self))", "  File \"C:\\Users\\Rahul\\AppData\\Local\\Programs\\Python\\Python310\\lib\\site-packages\\django\\db\\models\\query.py\", line 91, in __iter__", "    results = compiler.execute_sql(", "  File \"C:\\Users\\Rahul\\AppData\\Local\\Programs\\Python\\Python310\\lib\\site-packages\\django\\db\\models\\sql\\compiler.py\", line 1610, in execute_sql", "    sql, params = self.as_sql()", "  File \"C:\\Users\\Rahul\\AppData\\Local\\Programs\\Python\\Python310\\lib\\site-packages\\django\\db\\models\\sql\\compiler.py\", line 766, in as_sql", "    extra_select, order_by, group_by = self.pre_sql_setup(", "  File \"C:\\Users\\Rahul\\AppData\\Local\\Programs\\Python\\Python310\\lib\\site-packages\\django\\db\\models\\sql\\compiler.py\", line 85, in pre_sql_setup", "    self.setup_query(with_col_aliases=with_col_aliases)", "  File \"C:\\Users\\Rahul\\AppData\\Local\\Programs\\Python\\Python310\\lib\\site-packages\\django\\db\\models\\sql\\compiler.py\", line 74, in setup_query", "    self.select, self.klass_info, self.annotation_col_map = self.get_select(", "  File \"C:\\Users\\Rahul\\AppData\\Local\\Programs\\Python\\Python310\\lib\\site-packages\\django\\db\\models\\sql\\compiler.py\", line 299, in get_select", "    related_klass_infos = self.get_related_selections(select, select_mask)", "  File \"C:\\Users\\Rahul\\AppData\\Local\\Programs\\Python\\Python310\\lib\\site-packages\\django\\db\\models\\sql\\compiler.py\", line 1396, in get_related_selections", "    raise FieldError(", "django.core.exceptions.FieldError: Invalid field name(s) given in select_related: 'guardian'. Choices are: school", ""]}, "request": {"method": "GET", "path": "/api/athletes/", "ip": "127.0.0.1", "userAgent": "Mozilla/5.0 (Windows NT 10.0; Win64; x64; rv:142.0) Gecko/20100101 Firefox/142.0", "requestId": "85c34bbf-f28a-4a6c-80b7-36bd145d2fbb", "userId": 3}, "response": {"statusCode": 500}, "context": {"view": "AthleteListCreateView", "viewMethod": null}, "meta": {"service": "athletiq-django", "environment": "development"}}
Internal Server Error: /api/athletes/
{"level": "error", "message": "Exception: FieldError", "timestamp": "2025-08-22T19:31:52.000Z", "error": {"name": "FieldError", "message": "Invalid field name(s) given in select_related: 'guardian'. Choices are: school", "stack": ["Traceback (most recent call last):", "  File \"C:\\Users\\Rahul\\AppData\\Local\\Programs\\Python\\Python310\\lib\\site-packages\\rest_framework\\views.py\", line 512, in dispatch", "    response = handler(request, *args, **kwargs)", "  File \"C:\\Users\\Rahul\\AppData\\Local\\Programs\\Python\\Python310\\lib\\site-packages\\rest_framework\\generics.py\", line 243, in get", "    return self.list(request, *args, **kwargs)", "  File \"C:\\Users\\Rahul\\AppData\\Local\\Programs\\Python\\Python310\\lib\\site-packages\\rest_framework\\mixins.py\", line 40, in list", "    page = self.paginate_queryset(queryset)", "  File \"C:\\Users\\Rahul\\AppData\\Local\\Programs\\Python\\Python310\\lib\\site-packages\\rest_framework\\generics.py\", line 175, in paginate_queryset", "    return self.paginator.paginate_queryset(queryset, self.request, view=self)", "  File \"C:\\Users\\Rahul\\AppData\\Local\\Programs\\Python\\Python310\\lib\\site-packages\\rest_framework\\pagination.py\", line 222, in paginate_queryset", "    return list(self.page)", "  File \"C:\\Users\\Rahul\\AppData\\Local\\Programs\\Python\\Python310\\lib\\site-packages\\django\\core\\paginator.py\", line 191, in __len__", "    return len(self.object_list)", "  File \"C:\\Users\\Rahul\\AppData\\Local\\Programs\\Python\\Python310\\lib\\site-packages\\django\\db\\models\\query.py\", line 366, in __len__", "    self._fetch_all()", "  File \"C:\\Users\\Rahul\\AppData\\Local\\Programs\\Python\\Python310\\lib\\site-packages\\django\\db\\models\\query.py\", line 1949, in _fetch_all", "    self._result_cache = list(self._iterable_class(self))", "  File \"C:\\Users\\Rahul\\AppData\\Local\\Programs\\Python\\Python310\\lib\\site-packages\\django\\db\\models\\query.py\", line 91, in __iter__", "    results = compiler.execute_sql(", "  File \"C:\\Users\\Rahul\\AppData\\Local\\Programs\\Python\\Python310\\lib\\site-packages\\django\\db\\models\\sql\\compiler.py\", line 1610, in execute_sql", "    sql, params = self.as_sql()", "  File \"C:\\Users\\Rahul\\AppData\\Local\\Programs\\Python\\Python310\\lib\\site-packages\\django\\db\\models\\sql\\compiler.py\", line 766, in as_sql", "    extra_select, order_by, group_by = self.pre_sql_setup(", "  File \"C:\\Users\\Rahul\\AppData\\Local\\Programs\\Python\\Python310\\lib\\site-packages\\django\\db\\models\\sql\\compiler.py\", line 85, in pre_sql_setup", "    self.setup_query(with_col_aliases=with_col_aliases)", "  File \"C:\\Users\\Rahul\\AppData\\Local\\Programs\\Python\\Python310\\lib\\site-packages\\django\\db\\models\\sql\\compiler.py\", line 74, in setup_query", "    self.select, self.klass_info, self.annotation_col_map = self.get_select(", "  File \"C:\\Users\\Rahul\\AppData\\Local\\Programs\\Python\\Python310\\lib\\site-packages\\django\\db\\models\\sql\\compiler.py\", line 299, in get_select", "    related_klass_infos = self.get_related_selections(select, select_mask)", "  File \"C:\\Users\\Rahul\\AppData\\Local\\Programs\\Python\\Python310\\lib\\site-packages\\django\\db\\models\\sql\\compiler.py\", line 1396, in get_related_selections", "    raise FieldError(", "django.core.exceptions.FieldError: Invalid field name(s) given in select_related: 'guardian'. Choices are: school", ""]}, "request": {"method": "GET", "path": "/api/athletes/", "ip": "127.0.0.1", "userAgent": "Mozilla/5.0 (Windows NT 10.0; Win64; x64; rv:142.0) Gecko/20100101 Firefox/142.0", "requestId": "25a0ff3d-736a-4b47-a31e-26a8205812c2", "userId": 3}, "response": {"statusCode": 500}, "context": {"view": "AthleteListCreateView", "viewMethod": null}, "meta": {"service": "athletiq-django", "environment": "development"}}
Internal Server Error: /api/athletes/
{"level": "error", "message": "Exception: FieldError", "timestamp": "2025-08-22T19:32:07.000Z", "error": {"name": "FieldError", "message": "Invalid field name(s) given in select_related: 'guardian'. Choices are: school", "stack": ["Traceback (most recent call last):", "  File \"C:\\Users\\Rahul\\AppData\\Local\\Programs\\Python\\Python310\\lib\\site-packages\\rest_framework\\views.py\", line 512, in dispatch", "    response = handler(request, *args, **kwargs)", "  File \"C:\\Users\\Rahul\\AppData\\Local\\Programs\\Python\\Python310\\lib\\site-packages\\rest_framework\\generics.py\", line 243, in get", "    return self.list(request, *args, **kwargs)", "  File \"C:\\Users\\Rahul\\AppData\\Local\\Programs\\Python\\Python310\\lib\\site-packages\\rest_framework\\mixins.py\", line 40, in list", "    page = self.paginate_queryset(queryset)", "  File \"C:\\Users\\Rahul\\AppData\\Local\\Programs\\Python\\Python310\\lib\\site-packages\\rest_framework\\generics.py\", line 175, in paginate_queryset", "    return self.paginator.paginate_queryset(queryset, self.request, view=self)", "  File \"C:\\Users\\Rahul\\AppData\\Local\\Programs\\Python\\Python310\\lib\\site-packages\\rest_framework\\pagination.py\", line 222, in paginate_queryset", "    return list(self.page)", "  File \"C:\\Users\\Rahul\\AppData\\Local\\Programs\\Python\\Python310\\lib\\site-packages\\django\\core\\paginator.py\", line 191, in __len__", "    return len(self.object_list)", "  File \"C:\\Users\\Rahul\\AppData\\Local\\Programs\\Python\\Python310\\lib\\site-packages\\django\\db\\models\\query.py\", line 366, in __len__", "    self._fetch_all()", "  File \"C:\\Users\\Rahul\\AppData\\Local\\Programs\\Python\\Python310\\lib\\site-packages\\django\\db\\models\\query.py\", line 1949, in _fetch_all", "    self._result_cache = list(self._iterable_class(self))", "  File \"C:\\Users\\Rahul\\AppData\\Local\\Programs\\Python\\Python310\\lib\\site-packages\\django\\db\\models\\query.py\", line 91, in __iter__", "    results = compiler.execute_sql(", "  File \"C:\\Users\\Rahul\\AppData\\Local\\Programs\\Python\\Python310\\lib\\site-packages\\django\\db\\models\\sql\\compiler.py\", line 1610, in execute_sql", "    sql, params = self.as_sql()", "  File \"C:\\Users\\Rahul\\AppData\\Local\\Programs\\Python\\Python310\\lib\\site-packages\\django\\db\\models\\sql\\compiler.py\", line 766, in as_sql", "    extra_select, order_by, group_by = self.pre_sql_setup(", "  File \"C:\\Users\\Rahul\\AppData\\Local\\Programs\\Python\\Python310\\lib\\site-packages\\django\\db\\models\\sql\\compiler.py\", line 85, in pre_sql_setup", "    self.setup_query(with_col_aliases=with_col_aliases)", "  File \"C:\\Users\\Rahul\\AppData\\Local\\Programs\\Python\\Python310\\lib\\site-packages\\django\\db\\models\\sql\\compiler.py\", line 74, in setup_query", "    self.select, self.klass_info, self.annotation_col_map = self.get_select(", "  File \"C:\\Users\\Rahul\\AppData\\Local\\Programs\\Python\\Python310\\lib\\site-packages\\django\\db\\models\\sql\\compiler.py\", line 299, in get_select", "    related_klass_infos = self.get_related_selections(select, select_mask)", "  File \"C:\\Users\\Rahul\\AppData\\Local\\Programs\\Python\\Python310\\lib\\site-packages\\django\\db\\models\\sql\\compiler.py\", line 1396, in get_related_selections", "    raise FieldError(", "django.core.exceptions.FieldError: Invalid field name(s) given in select_related: 'guardian'. Choices are: school", ""]}, "request": {"method": "GET", "path": "/api/athletes/", "ip": "127.0.0.1", "userAgent": "Mozilla/5.0 (Windows NT 10.0; Win64; x64; rv:142.0) Gecko/20100101 Firefox/142.0", "requestId": "9b177de9-92e1-403b-8f3c-f0ac38549531", "userId": 3}, "response": {"statusCode": 500}, "context": {"view": "AthleteListCreateView", "viewMethod": null}, "meta": {"service": "athletiq-django", "environment": "development"}}
Internal Server Error: /api/athletes/
{"level": "error", "message": "Exception: FieldError", "timestamp": "2025-08-22T19:32:09.000Z", "error": {"name": "FieldError", "message": "Invalid field name(s) given in select_related: 'guardian'. Choices are: school", "stack": ["Traceback (most recent call last):", "  File \"C:\\Users\\Rahul\\AppData\\Local\\Programs\\Python\\Python310\\lib\\site-packages\\rest_framework\\views.py\", line 512, in dispatch", "    response = handler(request, *args, **kwargs)", "  File \"C:\\Users\\Rahul\\AppData\\Local\\Programs\\Python\\Python310\\lib\\site-packages\\rest_framework\\generics.py\", line 243, in get", "    return self.list(request, *args, **kwargs)", "  File \"C:\\Users\\Rahul\\AppData\\Local\\Programs\\Python\\Python310\\lib\\site-packages\\rest_framework\\mixins.py\", line 40, in list", "    page = self.paginate_queryset(queryset)", "  File \"C:\\Users\\Rahul\\AppData\\Local\\Programs\\Python\\Python310\\lib\\site-packages\\rest_framework\\generics.py\", line 175, in paginate_queryset", "    return self.paginator.paginate_queryset(queryset, self.request, view=self)", "  File \"C:\\Users\\Rahul\\AppData\\Local\\Programs\\Python\\Python310\\lib\\site-packages\\rest_framework\\pagination.py\", line 222, in paginate_queryset", "    return list(self.page)", "  File \"C:\\Users\\Rahul\\AppData\\Local\\Programs\\Python\\Python310\\lib\\site-packages\\django\\core\\paginator.py\", line 191, in __len__", "    return len(self.object_list)", "  File \"C:\\Users\\Rahul\\AppData\\Local\\Programs\\Python\\Python310\\lib\\site-packages\\django\\db\\models\\query.py\", line 366, in __len__", "    self._fetch_all()", "  File \"C:\\Users\\Rahul\\AppData\\Local\\Programs\\Python\\Python310\\lib\\site-packages\\django\\db\\models\\query.py\", line 1949, in _fetch_all", "    self._result_cache = list(self._iterable_class(self))", "  File \"C:\\Users\\Rahul\\AppData\\Local\\Programs\\Python\\Python310\\lib\\site-packages\\django\\db\\models\\query.py\", line 91, in __iter__", "    results = compiler.execute_sql(", "  File \"C:\\Users\\Rahul\\AppData\\Local\\Programs\\Python\\Python310\\lib\\site-packages\\django\\db\\models\\sql\\compiler.py\", line 1610, in execute_sql", "    sql, params = self.as_sql()", "  File \"C:\\Users\\Rahul\\AppData\\Local\\Programs\\Python\\Python310\\lib\\site-packages\\django\\db\\models\\sql\\compiler.py\", line 766, in as_sql", "    extra_select, order_by, group_by = self.pre_sql_setup(", "  File \"C:\\Users\\Rahul\\AppData\\Local\\Programs\\Python\\Python310\\lib\\site-packages\\django\\db\\models\\sql\\compiler.py\", line 85, in pre_sql_setup", "    self.setup_query(with_col_aliases=with_col_aliases)", "  File \"C:\\Users\\Rahul\\AppData\\Local\\Programs\\Python\\Python310\\lib\\site-packages\\django\\db\\models\\sql\\compiler.py\", line 74, in setup_query", "    self.select, self.klass_info, self.annotation_col_map = self.get_select(", "  File \"C:\\Users\\Rahul\\AppData\\Local\\Programs\\Python\\Python310\\lib\\site-packages\\django\\db\\models\\sql\\compiler.py\", line 299, in get_select", "    related_klass_infos = self.get_related_selections(select, select_mask)", "  File \"C:\\Users\\Rahul\\AppData\\Local\\Programs\\Python\\Python310\\lib\\site-packages\\django\\db\\models\\sql\\compiler.py\", line 1396, in get_related_selections", "    raise FieldError(", "django.core.exceptions.FieldError: Invalid field name(s) given in select_related: 'guardian'. Choices are: school", ""]}, "request": {"method": "GET", "path": "/api/athletes/", "ip": "127.0.0.1", "userAgent": "Mozilla/5.0 (Windows NT 10.0; Win64; x64; rv:142.0) Gecko/20100101 Firefox/142.0", "requestId": "1d8aabe3-a229-418c-9f24-0e4f454b7c06", "userId": 3}, "response": {"statusCode": 500}, "context": {"view": "AthleteListCreateView", "viewMethod": null}, "meta": {"service": "athletiq-django", "environment": "development"}}
Internal Server Error: /api/athletes/
{"level": "error", "message": "Exception: FieldError", "timestamp": "2025-08-22T19:32:10.000Z", "error": {"name": "FieldError", "message": "Invalid field name(s) given in select_related: 'guardian'. Choices are: school", "stack": ["Traceback (most recent call last):", "  File \"C:\\Users\\Rahul\\AppData\\Local\\Programs\\Python\\Python310\\lib\\site-packages\\rest_framework\\views.py\", line 512, in dispatch", "    response = handler(request, *args, **kwargs)", "  File \"C:\\Users\\Rahul\\AppData\\Local\\Programs\\Python\\Python310\\lib\\site-packages\\rest_framework\\generics.py\", line 243, in get", "    return self.list(request, *args, **kwargs)", "  File \"C:\\Users\\Rahul\\AppData\\Local\\Programs\\Python\\Python310\\lib\\site-packages\\rest_framework\\mixins.py\", line 40, in list", "    page = self.paginate_queryset(queryset)", "  File \"C:\\Users\\Rahul\\AppData\\Local\\Programs\\Python\\Python310\\lib\\site-packages\\rest_framework\\generics.py\", line 175, in paginate_queryset", "    return self.paginator.paginate_queryset(queryset, self.request, view=self)", "  File \"C:\\Users\\Rahul\\AppData\\Local\\Programs\\Python\\Python310\\lib\\site-packages\\rest_framework\\pagination.py\", line 222, in paginate_queryset", "    return list(self.page)", "  File \"C:\\Users\\Rahul\\AppData\\Local\\Programs\\Python\\Python310\\lib\\site-packages\\django\\core\\paginator.py\", line 191, in __len__", "    return len(self.object_list)", "  File \"C:\\Users\\Rahul\\AppData\\Local\\Programs\\Python\\Python310\\lib\\site-packages\\django\\db\\models\\query.py\", line 366, in __len__", "    self._fetch_all()", "  File \"C:\\Users\\Rahul\\AppData\\Local\\Programs\\Python\\Python310\\lib\\site-packages\\django\\db\\models\\query.py\", line 1949, in _fetch_all", "    self._result_cache = list(self._iterable_class(self))", "  File \"C:\\Users\\Rahul\\AppData\\Local\\Programs\\Python\\Python310\\lib\\site-packages\\django\\db\\models\\query.py\", line 91, in __iter__", "    results = compiler.execute_sql(", "  File \"C:\\Users\\Rahul\\AppData\\Local\\Programs\\Python\\Python310\\lib\\site-packages\\django\\db\\models\\sql\\compiler.py\", line 1610, in execute_sql", "    sql, params = self.as_sql()", "  File \"C:\\Users\\Rahul\\AppData\\Local\\Programs\\Python\\Python310\\lib\\site-packages\\django\\db\\models\\sql\\compiler.py\", line 766, in as_sql", "    extra_select, order_by, group_by = self.pre_sql_setup(", "  File \"C:\\Users\\Rahul\\AppData\\Local\\Programs\\Python\\Python310\\lib\\site-packages\\django\\db\\models\\sql\\compiler.py\", line 85, in pre_sql_setup", "    self.setup_query(with_col_aliases=with_col_aliases)", "  File \"C:\\Users\\Rahul\\AppData\\Local\\Programs\\Python\\Python310\\lib\\site-packages\\django\\db\\models\\sql\\compiler.py\", line 74, in setup_query", "    self.select, self.klass_info, self.annotation_col_map = self.get_select(", "  File \"C:\\Users\\Rahul\\AppData\\Local\\Programs\\Python\\Python310\\lib\\site-packages\\django\\db\\models\\sql\\compiler.py\", line 299, in get_select", "    related_klass_infos = self.get_related_selections(select, select_mask)", "  File \"C:\\Users\\Rahul\\AppData\\Local\\Programs\\Python\\Python310\\lib\\site-packages\\django\\db\\models\\sql\\compiler.py\", line 1396, in get_related_selections", "    raise FieldError(", "django.core.exceptions.FieldError: Invalid field name(s) given in select_related: 'guardian'. Choices are: school", ""]}, "request": {"method": "GET", "path": "/api/athletes/", "ip": "127.0.0.1", "userAgent": "Mozilla/5.0 (Windows NT 10.0; Win64; x64; rv:142.0) Gecko/20100101 Firefox/142.0", "requestId": "f0cf3111-a1dc-4670-aa61-369b44a92d70", "userId": 3}, "response": {"statusCode": 500}, "context": {"view": "AthleteListCreateView", "viewMethod": null}, "meta": {"service": "athletiq-django", "environment": "development"}}
Internal Server Error: /api/athletes/
{"level": "error", "message": "Exception: FieldError", "timestamp": "2025-08-22T19:32:14.000Z", "error": {"name": "FieldError", "message": "Invalid field name(s) given in select_related: 'guardian'. Choices are: school", "stack": ["Traceback (most recent call last):", "  File \"C:\\Users\\Rahul\\AppData\\Local\\Programs\\Python\\Python310\\lib\\site-packages\\rest_framework\\views.py\", line 512, in dispatch", "    response = handler(request, *args, **kwargs)", "  File \"C:\\Users\\Rahul\\AppData\\Local\\Programs\\Python\\Python310\\lib\\site-packages\\rest_framework\\generics.py\", line 243, in get", "    return self.list(request, *args, **kwargs)", "  File \"C:\\Users\\Rahul\\AppData\\Local\\Programs\\Python\\Python310\\lib\\site-packages\\rest_framework\\mixins.py\", line 40, in list", "    page = self.paginate_queryset(queryset)", "  File \"C:\\Users\\Rahul\\AppData\\Local\\Programs\\Python\\Python310\\lib\\site-packages\\rest_framework\\generics.py\", line 175, in paginate_queryset", "    return self.paginator.paginate_queryset(queryset, self.request, view=self)", "  File \"C:\\Users\\Rahul\\AppData\\Local\\Programs\\Python\\Python310\\lib\\site-packages\\rest_framework\\pagination.py\", line 222, in paginate_queryset", "    return list(self.page)", "  File \"C:\\Users\\Rahul\\AppData\\Local\\Programs\\Python\\Python310\\lib\\site-packages\\django\\core\\paginator.py\", line 191, in __len__", "    return len(self.object_list)", "  File \"C:\\Users\\Rahul\\AppData\\Local\\Programs\\Python\\Python310\\lib\\site-packages\\django\\db\\models\\query.py\", line 366, in __len__", "    self._fetch_all()", "  File \"C:\\Users\\Rahul\\AppData\\Local\\Programs\\Python\\Python310\\lib\\site-packages\\django\\db\\models\\query.py\", line 1949, in _fetch_all", "    self._result_cache = list(self._iterable_class(self))", "  File \"C:\\Users\\Rahul\\AppData\\Local\\Programs\\Python\\Python310\\lib\\site-packages\\django\\db\\models\\query.py\", line 91, in __iter__", "    results = compiler.execute_sql(", "  File \"C:\\Users\\Rahul\\AppData\\Local\\Programs\\Python\\Python310\\lib\\site-packages\\django\\db\\models\\sql\\compiler.py\", line 1610, in execute_sql", "    sql, params = self.as_sql()", "  File \"C:\\Users\\Rahul\\AppData\\Local\\Programs\\Python\\Python310\\lib\\site-packages\\django\\db\\models\\sql\\compiler.py\", line 766, in as_sql", "    extra_select, order_by, group_by = self.pre_sql_setup(", "  File \"C:\\Users\\Rahul\\AppData\\Local\\Programs\\Python\\Python310\\lib\\site-packages\\django\\db\\models\\sql\\compiler.py\", line 85, in pre_sql_setup", "    self.setup_query(with_col_aliases=with_col_aliases)", "  File \"C:\\Users\\Rahul\\AppData\\Local\\Programs\\Python\\Python310\\lib\\site-packages\\django\\db\\models\\sql\\compiler.py\", line 74, in setup_query", "    self.select, self.klass_info, self.annotation_col_map = self.get_select(", "  File \"C:\\Users\\Rahul\\AppData\\Local\\Programs\\Python\\Python310\\lib\\site-packages\\django\\db\\models\\sql\\compiler.py\", line 299, in get_select", "    related_klass_infos = self.get_related_selections(select, select_mask)", "  File \"C:\\Users\\Rahul\\AppData\\Local\\Programs\\Python\\Python310\\lib\\site-packages\\django\\db\\models\\sql\\compiler.py\", line 1396, in get_related_selections", "    raise FieldError(", "django.core.exceptions.FieldError: Invalid field name(s) given in select_related: 'guardian'. Choices are: school", ""]}, "request": {"method": "GET", "path": "/api/athletes/", "ip": "127.0.0.1", "userAgent": "Mozilla/5.0 (Windows NT 10.0; Win64; x64; rv:142.0) Gecko/20100101 Firefox/142.0", "requestId": "b07023f1-498e-4ffb-9bed-4cdfa45128f5", "userId": 3}, "response": {"statusCode": 500}, "context": {"view": "AthleteListCreateView", "viewMethod": null}, "meta": {"service": "athletiq-django", "environment": "development"}}
Internal Server Error: /api/athletes/
{"level": "error", "message": "Exception: FieldError", "timestamp": "2025-08-22T19:33:31.000Z", "error": {"name": "FieldError", "message": "Invalid field name(s) given in select_related: 'guardian'. Choices are: school", "stack": ["Traceback (most recent call last):", "  File \"C:\\Users\\Rahul\\AppData\\Local\\Programs\\Python\\Python310\\lib\\site-packages\\rest_framework\\views.py\", line 512, in dispatch", "    response = handler(request, *args, **kwargs)", "  File \"C:\\Users\\Rahul\\AppData\\Local\\Programs\\Python\\Python310\\lib\\site-packages\\rest_framework\\generics.py\", line 243, in get", "    return self.list(request, *args, **kwargs)", "  File \"C:\\Users\\Rahul\\AppData\\Local\\Programs\\Python\\Python310\\lib\\site-packages\\rest_framework\\mixins.py\", line 40, in list", "    page = self.paginate_queryset(queryset)", "  File \"C:\\Users\\Rahul\\AppData\\Local\\Programs\\Python\\Python310\\lib\\site-packages\\rest_framework\\generics.py\", line 175, in paginate_queryset", "    return self.paginator.paginate_queryset(queryset, self.request, view=self)", "  File \"C:\\Users\\Rahul\\AppData\\Local\\Programs\\Python\\Python310\\lib\\site-packages\\rest_framework\\pagination.py\", line 222, in paginate_queryset", "    return list(self.page)", "  File \"C:\\Users\\Rahul\\AppData\\Local\\Programs\\Python\\Python310\\lib\\site-packages\\django\\core\\paginator.py\", line 191, in __len__", "    return len(self.object_list)", "  File \"C:\\Users\\Rahul\\AppData\\Local\\Programs\\Python\\Python310\\lib\\site-packages\\django\\db\\models\\query.py\", line 366, in __len__", "    self._fetch_all()", "  File \"C:\\Users\\Rahul\\AppData\\Local\\Programs\\Python\\Python310\\lib\\site-packages\\django\\db\\models\\query.py\", line 1949, in _fetch_all", "    self._result_cache = list(self._iterable_class(self))", "  File \"C:\\Users\\Rahul\\AppData\\Local\\Programs\\Python\\Python310\\lib\\site-packages\\django\\db\\models\\query.py\", line 91, in __iter__", "    results = compiler.execute_sql(", "  File \"C:\\Users\\Rahul\\AppData\\Local\\Programs\\Python\\Python310\\lib\\site-packages\\django\\db\\models\\sql\\compiler.py\", line 1610, in execute_sql", "    sql, params = self.as_sql()", "  File \"C:\\Users\\Rahul\\AppData\\Local\\Programs\\Python\\Python310\\lib\\site-packages\\django\\db\\models\\sql\\compiler.py\", line 766, in as_sql", "    extra_select, order_by, group_by = self.pre_sql_setup(", "  File \"C:\\Users\\Rahul\\AppData\\Local\\Programs\\Python\\Python310\\lib\\site-packages\\django\\db\\models\\sql\\compiler.py\", line 85, in pre_sql_setup", "    self.setup_query(with_col_aliases=with_col_aliases)", "  File \"C:\\Users\\Rahul\\AppData\\Local\\Programs\\Python\\Python310\\lib\\site-packages\\django\\db\\models\\sql\\compiler.py\", line 74, in setup_query", "    self.select, self.klass_info, self.annotation_col_map = self.get_select(", "  File \"C:\\Users\\Rahul\\AppData\\Local\\Programs\\Python\\Python310\\lib\\site-packages\\django\\db\\models\\sql\\compiler.py\", line 299, in get_select", "    related_klass_infos = self.get_related_selections(select, select_mask)", "  File \"C:\\Users\\Rahul\\AppData\\Local\\Programs\\Python\\Python310\\lib\\site-packages\\django\\db\\models\\sql\\compiler.py\", line 1396, in get_related_selections", "    raise FieldError(", "django.core.exceptions.FieldError: Invalid field name(s) given in select_related: 'guardian'. Choices are: school", ""]}, "request": {"method": "GET", "path": "/api/athletes/", "ip": "127.0.0.1", "userAgent": "Mozilla/5.0 (Windows NT 10.0; Win64; x64; rv:142.0) Gecko/20100101 Firefox/142.0", "requestId": "ca64a327-3fa6-4191-b3e8-b7600da64376", "userId": 3}, "response": {"statusCode": 500}, "context": {"view": "AthleteListCreateView", "viewMethod": null}, "meta": {"service": "athletiq-django", "environment": "development"}}
{"level": "error", "message": "Exception: FieldError", "timestamp": "2025-08-22T19:33:31.000Z", "error": {"name": "FieldError", "message": "Invalid field name(s) given in select_related: 'guardian'. Choices are: school", "stack": ["Traceback (most recent call last):", "  File \"C:\\Users\\Rahul\\AppData\\Local\\Programs\\Python\\Python310\\lib\\site-packages\\rest_framework\\views.py\", line 512, in dispatch", "    response = handler(request, *args, **kwargs)", "  File \"C:\\Users\\Rahul\\AppData\\Local\\Programs\\Python\\Python310\\lib\\site-packages\\rest_framework\\generics.py\", line 243, in get", "    return self.list(request, *args, **kwargs)", "  File \"C:\\Users\\Rahul\\AppData\\Local\\Programs\\Python\\Python310\\lib\\site-packages\\rest_framework\\mixins.py\", line 40, in list", "    page = self.paginate_queryset(queryset)", "  File \"C:\\Users\\Rahul\\AppData\\Local\\Programs\\Python\\Python310\\lib\\site-packages\\rest_framework\\generics.py\", line 175, in paginate_queryset", "    return self.paginator.paginate_queryset(queryset, self.request, view=self)", "  File \"C:\\Users\\Rahul\\AppData\\Local\\Programs\\Python\\Python310\\lib\\site-packages\\rest_framework\\pagination.py\", line 222, in paginate_queryset", "    return list(self.page)", "  File \"C:\\Users\\Rahul\\AppData\\Local\\Programs\\Python\\Python310\\lib\\site-packages\\django\\core\\paginator.py\", line 191, in __len__", "    return len(self.object_list)", "  File \"C:\\Users\\Rahul\\AppData\\Local\\Programs\\Python\\Python310\\lib\\site-packages\\django\\db\\models\\query.py\", line 366, in __len__", "    self._fetch_all()", "  File \"C:\\Users\\Rahul\\AppData\\Local\\Programs\\Python\\Python310\\lib\\site-packages\\django\\db\\models\\query.py\", line 1949, in _fetch_all", "    self._result_cache = list(self._iterable_class(self))", "  File \"C:\\Users\\Rahul\\AppData\\Local\\Programs\\Python\\Python310\\lib\\site-packages\\django\\db\\models\\query.py\", line 91, in __iter__", "    results = compiler.execute_sql(", "  File \"C:\\Users\\Rahul\\AppData\\Local\\Programs\\Python\\Python310\\lib\\site-packages\\django\\db\\models\\sql\\compiler.py\", line 1610, in execute_sql", "    sql, params = self.as_sql()", "  File \"C:\\Users\\Rahul\\AppData\\Local\\Programs\\Python\\Python310\\lib\\site-packages\\django\\db\\models\\sql\\compiler.py\", line 766, in as_sql", "    extra_select, order_by, group_by = self.pre_sql_setup(", "  File \"C:\\Users\\Rahul\\AppData\\Local\\Programs\\Python\\Python310\\lib\\site-packages\\django\\db\\models\\sql\\compiler.py\", line 85, in pre_sql_setup", "    self.setup_query(with_col_aliases=with_col_aliases)", "  File \"C:\\Users\\Rahul\\AppData\\Local\\Programs\\Python\\Python310\\lib\\site-packages\\django\\db\\models\\sql\\compiler.py\", line 74, in setup_query", "    self.select, self.klass_info, self.annotation_col_map = self.get_select(", "  File \"C:\\Users\\Rahul\\AppData\\Local\\Programs\\Python\\Python310\\lib\\site-packages\\django\\db\\models\\sql\\compiler.py\", line 299, in get_select", "    related_klass_infos = self.get_related_selections(select, select_mask)", "  File \"C:\\Users\\Rahul\\AppData\\Local\\Programs\\Python\\Python310\\lib\\site-packages\\django\\db\\models\\sql\\compiler.py\", line 1396, in get_related_selections", "    raise FieldError(", "django.core.exceptions.FieldError: Invalid field name(s) given in select_related: 'guardian'. Choices are: school", ""]}, "request": {"method": "GET", "path": "/api/athletes/", "ip": "127.0.0.1", "userAgent": "Mozilla/5.0 (Windows NT 10.0; Win64; x64; rv:142.0) Gecko/20100101 Firefox/142.0", "requestId": "76ca246d-3d75-40b1-a9b2-be7f4dadcc4d", "userId": 3}, "response": {"statusCode": 500}, "context": {"view": "AthleteListCreateView", "viewMethod": null}, "meta": {"service": "athletiq-django", "environment": "development"}}
Internal Server Error: /api/athletes/
Internal Server Error: /api/athletes/
{"level": "error", "message": "Exception: FieldError", "timestamp": "2025-08-22T19:33:36.000Z", "error": {"name": "FieldError", "message": "Invalid field name(s) given in select_related: 'guardian'. Choices are: school", "stack": ["Traceback (most recent call last):", "  File \"C:\\Users\\Rahul\\AppData\\Local\\Programs\\Python\\Python310\\lib\\site-packages\\rest_framework\\views.py\", line 512, in dispatch", "    response = handler(request, *args, **kwargs)", "  File \"C:\\Users\\Rahul\\AppData\\Local\\Programs\\Python\\Python310\\lib\\site-packages\\rest_framework\\generics.py\", line 243, in get", "    return self.list(request, *args, **kwargs)", "  File \"C:\\Users\\Rahul\\AppData\\Local\\Programs\\Python\\Python310\\lib\\site-packages\\rest_framework\\mixins.py\", line 40, in list", "    page = self.paginate_queryset(queryset)", "  File \"C:\\Users\\Rahul\\AppData\\Local\\Programs\\Python\\Python310\\lib\\site-packages\\rest_framework\\generics.py\", line 175, in paginate_queryset", "    return self.paginator.paginate_queryset(queryset, self.request, view=self)", "  File \"C:\\Users\\Rahul\\AppData\\Local\\Programs\\Python\\Python310\\lib\\site-packages\\rest_framework\\pagination.py\", line 222, in paginate_queryset", "    return list(self.page)", "  File \"C:\\Users\\Rahul\\AppData\\Local\\Programs\\Python\\Python310\\lib\\site-packages\\django\\core\\paginator.py\", line 191, in __len__", "    return len(self.object_list)", "  File \"C:\\Users\\Rahul\\AppData\\Local\\Programs\\Python\\Python310\\lib\\site-packages\\django\\db\\models\\query.py\", line 366, in __len__", "    self._fetch_all()", "  File \"C:\\Users\\Rahul\\AppData\\Local\\Programs\\Python\\Python310\\lib\\site-packages\\django\\db\\models\\query.py\", line 1949, in _fetch_all", "    self._result_cache = list(self._iterable_class(self))", "  File \"C:\\Users\\Rahul\\AppData\\Local\\Programs\\Python\\Python310\\lib\\site-packages\\django\\db\\models\\query.py\", line 91, in __iter__", "    results = compiler.execute_sql(", "  File \"C:\\Users\\Rahul\\AppData\\Local\\Programs\\Python\\Python310\\lib\\site-packages\\django\\db\\models\\sql\\compiler.py\", line 1610, in execute_sql", "    sql, params = self.as_sql()", "  File \"C:\\Users\\Rahul\\AppData\\Local\\Programs\\Python\\Python310\\lib\\site-packages\\django\\db\\models\\sql\\compiler.py\", line 766, in as_sql", "    extra_select, order_by, group_by = self.pre_sql_setup(", "  File \"C:\\Users\\Rahul\\AppData\\Local\\Programs\\Python\\Python310\\lib\\site-packages\\django\\db\\models\\sql\\compiler.py\", line 85, in pre_sql_setup", "    self.setup_query(with_col_aliases=with_col_aliases)", "  File \"C:\\Users\\Rahul\\AppData\\Local\\Programs\\Python\\Python310\\lib\\site-packages\\django\\db\\models\\sql\\compiler.py\", line 74, in setup_query", "    self.select, self.klass_info, self.annotation_col_map = self.get_select(", "  File \"C:\\Users\\Rahul\\AppData\\Local\\Programs\\Python\\Python310\\lib\\site-packages\\django\\db\\models\\sql\\compiler.py\", line 299, in get_select", "    related_klass_infos = self.get_related_selections(select, select_mask)", "  File \"C:\\Users\\Rahul\\AppData\\Local\\Programs\\Python\\Python310\\lib\\site-packages\\django\\db\\models\\sql\\compiler.py\", line 1396, in get_related_selections", "    raise FieldError(", "django.core.exceptions.FieldError: Invalid field name(s) given in select_related: 'guardian'. Choices are: school", ""]}, "request": {"method": "GET", "path": "/api/athletes/", "ip": "127.0.0.1", "userAgent": "Mozilla/5.0 (Windows NT 10.0; Win64; x64; rv:142.0) Gecko/20100101 Firefox/142.0", "requestId": "780456ab-edb0-476c-a97f-e6f9b574fa08", "userId": 3}, "response": {"statusCode": 500}, "context": {"view": "AthleteListCreateView", "viewMethod": null}, "meta": {"service": "athletiq-django", "environment": "development"}}
Internal Server Error: /api/athletes/
{"level": "error", "message": "Exception: FieldError", "timestamp": "2025-08-22T19:33:37.000Z", "error": {"name": "FieldError", "message": "Invalid field name(s) given in select_related: 'guardian'. Choices are: school", "stack": ["Traceback (most recent call last):", "  File \"C:\\Users\\Rahul\\AppData\\Local\\Programs\\Python\\Python310\\lib\\site-packages\\rest_framework\\views.py\", line 512, in dispatch", "    response = handler(request, *args, **kwargs)", "  File \"C:\\Users\\Rahul\\AppData\\Local\\Programs\\Python\\Python310\\lib\\site-packages\\rest_framework\\generics.py\", line 243, in get", "    return self.list(request, *args, **kwargs)", "  File \"C:\\Users\\Rahul\\AppData\\Local\\Programs\\Python\\Python310\\lib\\site-packages\\rest_framework\\mixins.py\", line 40, in list", "    page = self.paginate_queryset(queryset)", "  File \"C:\\Users\\Rahul\\AppData\\Local\\Programs\\Python\\Python310\\lib\\site-packages\\rest_framework\\generics.py\", line 175, in paginate_queryset", "    return self.paginator.paginate_queryset(queryset, self.request, view=self)", "  File \"C:\\Users\\Rahul\\AppData\\Local\\Programs\\Python\\Python310\\lib\\site-packages\\rest_framework\\pagination.py\", line 222, in paginate_queryset", "    return list(self.page)", "  File \"C:\\Users\\Rahul\\AppData\\Local\\Programs\\Python\\Python310\\lib\\site-packages\\django\\core\\paginator.py\", line 191, in __len__", "    return len(self.object_list)", "  File \"C:\\Users\\Rahul\\AppData\\Local\\Programs\\Python\\Python310\\lib\\site-packages\\django\\db\\models\\query.py\", line 366, in __len__", "    self._fetch_all()", "  File \"C:\\Users\\Rahul\\AppData\\Local\\Programs\\Python\\Python310\\lib\\site-packages\\django\\db\\models\\query.py\", line 1949, in _fetch_all", "    self._result_cache = list(self._iterable_class(self))", "  File \"C:\\Users\\Rahul\\AppData\\Local\\Programs\\Python\\Python310\\lib\\site-packages\\django\\db\\models\\query.py\", line 91, in __iter__", "    results = compiler.execute_sql(", "  File \"C:\\Users\\Rahul\\AppData\\Local\\Programs\\Python\\Python310\\lib\\site-packages\\django\\db\\models\\sql\\compiler.py\", line 1610, in execute_sql", "    sql, params = self.as_sql()", "  File \"C:\\Users\\Rahul\\AppData\\Local\\Programs\\Python\\Python310\\lib\\site-packages\\django\\db\\models\\sql\\compiler.py\", line 766, in as_sql", "    extra_select, order_by, group_by = self.pre_sql_setup(", "  File \"C:\\Users\\Rahul\\AppData\\Local\\Programs\\Python\\Python310\\lib\\site-packages\\django\\db\\models\\sql\\compiler.py\", line 85, in pre_sql_setup", "    self.setup_query(with_col_aliases=with_col_aliases)", "  File \"C:\\Users\\Rahul\\AppData\\Local\\Programs\\Python\\Python310\\lib\\site-packages\\django\\db\\models\\sql\\compiler.py\", line 74, in setup_query", "    self.select, self.klass_info, self.annotation_col_map = self.get_select(", "  File \"C:\\Users\\Rahul\\AppData\\Local\\Programs\\Python\\Python310\\lib\\site-packages\\django\\db\\models\\sql\\compiler.py\", line 299, in get_select", "    related_klass_infos = self.get_related_selections(select, select_mask)", "  File \"C:\\Users\\Rahul\\AppData\\Local\\Programs\\Python\\Python310\\lib\\site-packages\\django\\db\\models\\sql\\compiler.py\", line 1396, in get_related_selections", "    raise FieldError(", "django.core.exceptions.FieldError: Invalid field name(s) given in select_related: 'guardian'. Choices are: school", ""]}, "request": {"method": "GET", "path": "/api/athletes/", "ip": "127.0.0.1", "userAgent": "Mozilla/5.0 (Windows NT 10.0; Win64; x64; rv:142.0) Gecko/20100101 Firefox/142.0", "requestId": "ea347d79-4c0e-48fe-ad8c-00163e9b72bd", "userId": 3}, "response": {"statusCode": 500}, "context": {"view": "AthleteListCreateView", "viewMethod": null}, "meta": {"service": "athletiq-django", "environment": "development"}}
Internal Server Error: /api/athletes/
{"level": "error", "message": "Exception: FieldError", "timestamp": "2025-08-22T19:33:39.000Z", "error": {"name": "FieldError", "message": "Invalid field name(s) given in select_related: 'guardian'. Choices are: school", "stack": ["Traceback (most recent call last):", "  File \"C:\\Users\\Rahul\\AppData\\Local\\Programs\\Python\\Python310\\lib\\site-packages\\rest_framework\\views.py\", line 512, in dispatch", "    response = handler(request, *args, **kwargs)", "  File \"C:\\Users\\Rahul\\AppData\\Local\\Programs\\Python\\Python310\\lib\\site-packages\\rest_framework\\generics.py\", line 243, in get", "    return self.list(request, *args, **kwargs)", "  File \"C:\\Users\\Rahul\\AppData\\Local\\Programs\\Python\\Python310\\lib\\site-packages\\rest_framework\\mixins.py\", line 40, in list", "    page = self.paginate_queryset(queryset)", "  File \"C:\\Users\\Rahul\\AppData\\Local\\Programs\\Python\\Python310\\lib\\site-packages\\rest_framework\\generics.py\", line 175, in paginate_queryset", "    return self.paginator.paginate_queryset(queryset, self.request, view=self)", "  File \"C:\\Users\\Rahul\\AppData\\Local\\Programs\\Python\\Python310\\lib\\site-packages\\rest_framework\\pagination.py\", line 222, in paginate_queryset", "    return list(self.page)", "  File \"C:\\Users\\Rahul\\AppData\\Local\\Programs\\Python\\Python310\\lib\\site-packages\\django\\core\\paginator.py\", line 191, in __len__", "    return len(self.object_list)", "  File \"C:\\Users\\Rahul\\AppData\\Local\\Programs\\Python\\Python310\\lib\\site-packages\\django\\db\\models\\query.py\", line 366, in __len__", "    self._fetch_all()", "  File \"C:\\Users\\Rahul\\AppData\\Local\\Programs\\Python\\Python310\\lib\\site-packages\\django\\db\\models\\query.py\", line 1949, in _fetch_all", "    self._result_cache = list(self._iterable_class(self))", "  File \"C:\\Users\\Rahul\\AppData\\Local\\Programs\\Python\\Python310\\lib\\site-packages\\django\\db\\models\\query.py\", line 91, in __iter__", "    results = compiler.execute_sql(", "  File \"C:\\Users\\Rahul\\AppData\\Local\\Programs\\Python\\Python310\\lib\\site-packages\\django\\db\\models\\sql\\compiler.py\", line 1610, in execute_sql", "    sql, params = self.as_sql()", "  File \"C:\\Users\\Rahul\\AppData\\Local\\Programs\\Python\\Python310\\lib\\site-packages\\django\\db\\models\\sql\\compiler.py\", line 766, in as_sql", "    extra_select, order_by, group_by = self.pre_sql_setup(", "  File \"C:\\Users\\Rahul\\AppData\\Local\\Programs\\Python\\Python310\\lib\\site-packages\\django\\db\\models\\sql\\compiler.py\", line 85, in pre_sql_setup", "    self.setup_query(with_col_aliases=with_col_aliases)", "  File \"C:\\Users\\Rahul\\AppData\\Local\\Programs\\Python\\Python310\\lib\\site-packages\\django\\db\\models\\sql\\compiler.py\", line 74, in setup_query", "    self.select, self.klass_info, self.annotation_col_map = self.get_select(", "  File \"C:\\Users\\Rahul\\AppData\\Local\\Programs\\Python\\Python310\\lib\\site-packages\\django\\db\\models\\sql\\compiler.py\", line 299, in get_select", "    related_klass_infos = self.get_related_selections(select, select_mask)", "  File \"C:\\Users\\Rahul\\AppData\\Local\\Programs\\Python\\Python310\\lib\\site-packages\\django\\db\\models\\sql\\compiler.py\", line 1396, in get_related_selections", "    raise FieldError(", "django.core.exceptions.FieldError: Invalid field name(s) given in select_related: 'guardian'. Choices are: school", ""]}, "request": {"method": "GET", "path": "/api/athletes/", "ip": "127.0.0.1", "userAgent": "Mozilla/5.0 (Windows NT 10.0; Win64; x64; rv:142.0) Gecko/20100101 Firefox/142.0", "requestId": "90036db8-491d-4fdf-ac13-8a213be4e97b", "userId": 3}, "response": {"statusCode": 500}, "context": {"view": "AthleteListCreateView", "viewMethod": null}, "meta": {"service": "athletiq-django", "environment": "development"}}
Internal Server Error: /api/athletes/
{"level": "error", "message": "Exception: FieldError", "timestamp": "2025-08-22T19:33:41.000Z", "error": {"name": "FieldError", "message": "Invalid field name(s) given in select_related: 'guardian'. Choices are: school", "stack": ["Traceback (most recent call last):", "  File \"C:\\Users\\Rahul\\AppData\\Local\\Programs\\Python\\Python310\\lib\\site-packages\\rest_framework\\views.py\", line 512, in dispatch", "    response = handler(request, *args, **kwargs)", "  File \"C:\\Users\\Rahul\\AppData\\Local\\Programs\\Python\\Python310\\lib\\site-packages\\rest_framework\\generics.py\", line 243, in get", "    return self.list(request, *args, **kwargs)", "  File \"C:\\Users\\Rahul\\AppData\\Local\\Programs\\Python\\Python310\\lib\\site-packages\\rest_framework\\mixins.py\", line 40, in list", "    page = self.paginate_queryset(queryset)", "  File \"C:\\Users\\Rahul\\AppData\\Local\\Programs\\Python\\Python310\\lib\\site-packages\\rest_framework\\generics.py\", line 175, in paginate_queryset", "    return self.paginator.paginate_queryset(queryset, self.request, view=self)", "  File \"C:\\Users\\Rahul\\AppData\\Local\\Programs\\Python\\Python310\\lib\\site-packages\\rest_framework\\pagination.py\", line 222, in paginate_queryset", "    return list(self.page)", "  File \"C:\\Users\\Rahul\\AppData\\Local\\Programs\\Python\\Python310\\lib\\site-packages\\django\\core\\paginator.py\", line 191, in __len__", "    return len(self.object_list)", "  File \"C:\\Users\\Rahul\\AppData\\Local\\Programs\\Python\\Python310\\lib\\site-packages\\django\\db\\models\\query.py\", line 366, in __len__", "    self._fetch_all()", "  File \"C:\\Users\\Rahul\\AppData\\Local\\Programs\\Python\\Python310\\lib\\site-packages\\django\\db\\models\\query.py\", line 1949, in _fetch_all", "    self._result_cache = list(self._iterable_class(self))", "  File \"C:\\Users\\Rahul\\AppData\\Local\\Programs\\Python\\Python310\\lib\\site-packages\\django\\db\\models\\query.py\", line 91, in __iter__", "    results = compiler.execute_sql(", "  File \"C:\\Users\\Rahul\\AppData\\Local\\Programs\\Python\\Python310\\lib\\site-packages\\django\\db\\models\\sql\\compiler.py\", line 1610, in execute_sql", "    sql, params = self.as_sql()", "  File \"C:\\Users\\Rahul\\AppData\\Local\\Programs\\Python\\Python310\\lib\\site-packages\\django\\db\\models\\sql\\compiler.py\", line 766, in as_sql", "    extra_select, order_by, group_by = self.pre_sql_setup(", "  File \"C:\\Users\\Rahul\\AppData\\Local\\Programs\\Python\\Python310\\lib\\site-packages\\django\\db\\models\\sql\\compiler.py\", line 85, in pre_sql_setup", "    self.setup_query(with_col_aliases=with_col_aliases)", "  File \"C:\\Users\\Rahul\\AppData\\Local\\Programs\\Python\\Python310\\lib\\site-packages\\django\\db\\models\\sql\\compiler.py\", line 74, in setup_query", "    self.select, self.klass_info, self.annotation_col_map = self.get_select(", "  File \"C:\\Users\\Rahul\\AppData\\Local\\Programs\\Python\\Python310\\lib\\site-packages\\django\\db\\models\\sql\\compiler.py\", line 299, in get_select", "    related_klass_infos = self.get_related_selections(select, select_mask)", "  File \"C:\\Users\\Rahul\\AppData\\Local\\Programs\\Python\\Python310\\lib\\site-packages\\django\\db\\models\\sql\\compiler.py\", line 1396, in get_related_selections", "    raise FieldError(", "django.core.exceptions.FieldError: Invalid field name(s) given in select_related: 'guardian'. Choices are: school", ""]}, "request": {"method": "GET", "path": "/api/athletes/", "ip": "127.0.0.1", "userAgent": "Mozilla/5.0 (Windows NT 10.0; Win64; x64; rv:142.0) Gecko/20100101 Firefox/142.0", "requestId": "cafa9c6f-d8b5-4e8e-abf3-bbdb4e0b35cc", "userId": 3}, "response": {"statusCode": 500}, "context": {"view": "AthleteListCreateView", "viewMethod": null}, "meta": {"service": "athletiq-django", "environment": "development"}}
Internal Server Error: /api/athletes/
{"level": "error", "message": "Exception: FieldError", "timestamp": "2025-08-22T19:33:43.000Z", "error": {"name": "FieldError", "message": "Invalid field name(s) given in select_related: 'guardian'. Choices are: school", "stack": ["Traceback (most recent call last):", "  File \"C:\\Users\\Rahul\\AppData\\Local\\Programs\\Python\\Python310\\lib\\site-packages\\rest_framework\\views.py\", line 512, in dispatch", "    response = handler(request, *args, **kwargs)", "  File \"C:\\Users\\Rahul\\AppData\\Local\\Programs\\Python\\Python310\\lib\\site-packages\\rest_framework\\generics.py\", line 243, in get", "    return self.list(request, *args, **kwargs)", "  File \"C:\\Users\\Rahul\\AppData\\Local\\Programs\\Python\\Python310\\lib\\site-packages\\rest_framework\\mixins.py\", line 40, in list", "    page = self.paginate_queryset(queryset)", "  File \"C:\\Users\\Rahul\\AppData\\Local\\Programs\\Python\\Python310\\lib\\site-packages\\rest_framework\\generics.py\", line 175, in paginate_queryset", "    return self.paginator.paginate_queryset(queryset, self.request, view=self)", "  File \"C:\\Users\\Rahul\\AppData\\Local\\Programs\\Python\\Python310\\lib\\site-packages\\rest_framework\\pagination.py\", line 222, in paginate_queryset", "    return list(self.page)", "  File \"C:\\Users\\Rahul\\AppData\\Local\\Programs\\Python\\Python310\\lib\\site-packages\\django\\core\\paginator.py\", line 191, in __len__", "    return len(self.object_list)", "  File \"C:\\Users\\Rahul\\AppData\\Local\\Programs\\Python\\Python310\\lib\\site-packages\\django\\db\\models\\query.py\", line 366, in __len__", "    self._fetch_all()", "  File \"C:\\Users\\Rahul\\AppData\\Local\\Programs\\Python\\Python310\\lib\\site-packages\\django\\db\\models\\query.py\", line 1949, in _fetch_all", "    self._result_cache = list(self._iterable_class(self))", "  File \"C:\\Users\\Rahul\\AppData\\Local\\Programs\\Python\\Python310\\lib\\site-packages\\django\\db\\models\\query.py\", line 91, in __iter__", "    results = compiler.execute_sql(", "  File \"C:\\Users\\Rahul\\AppData\\Local\\Programs\\Python\\Python310\\lib\\site-packages\\django\\db\\models\\sql\\compiler.py\", line 1610, in execute_sql", "    sql, params = self.as_sql()", "  File \"C:\\Users\\Rahul\\AppData\\Local\\Programs\\Python\\Python310\\lib\\site-packages\\django\\db\\models\\sql\\compiler.py\", line 766, in as_sql", "    extra_select, order_by, group_by = self.pre_sql_setup(", "  File \"C:\\Users\\Rahul\\AppData\\Local\\Programs\\Python\\Python310\\lib\\site-packages\\django\\db\\models\\sql\\compiler.py\", line 85, in pre_sql_setup", "    self.setup_query(with_col_aliases=with_col_aliases)", "  File \"C:\\Users\\Rahul\\AppData\\Local\\Programs\\Python\\Python310\\lib\\site-packages\\django\\db\\models\\sql\\compiler.py\", line 74, in setup_query", "    self.select, self.klass_info, self.annotation_col_map = self.get_select(", "  File \"C:\\Users\\Rahul\\AppData\\Local\\Programs\\Python\\Python310\\lib\\site-packages\\django\\db\\models\\sql\\compiler.py\", line 299, in get_select", "    related_klass_infos = self.get_related_selections(select, select_mask)", "  File \"C:\\Users\\Rahul\\AppData\\Local\\Programs\\Python\\Python310\\lib\\site-packages\\django\\db\\models\\sql\\compiler.py\", line 1396, in get_related_selections", "    raise FieldError(", "django.core.exceptions.FieldError: Invalid field name(s) given in select_related: 'guardian'. Choices are: school", ""]}, "request": {"method": "GET", "path": "/api/athletes/", "ip": "127.0.0.1", "userAgent": "Mozilla/5.0 (Windows NT 10.0; Win64; x64; rv:142.0) Gecko/20100101 Firefox/142.0", "requestId": "66f23571-d259-494e-9007-c747326f9a72", "userId": 3}, "response": {"statusCode": 500}, "context": {"view": "AthleteListCreateView", "viewMethod": null}, "meta": {"service": "athletiq-django", "environment": "development"}}
{"level": "error", "message": "Exception: FieldError", "timestamp": "2025-08-22T19:33:43.000Z", "error": {"name": "FieldError", "message": "Invalid field name(s) given in select_related: 'guardian'. Choices are: school", "stack": ["Traceback (most recent call last):", "  File \"C:\\Users\\Rahul\\AppData\\Local\\Programs\\Python\\Python310\\lib\\site-packages\\rest_framework\\views.py\", line 512, in dispatch", "    response = handler(request, *args, **kwargs)", "  File \"C:\\Users\\Rahul\\AppData\\Local\\Programs\\Python\\Python310\\lib\\site-packages\\rest_framework\\generics.py\", line 243, in get", "    return self.list(request, *args, **kwargs)", "  File \"C:\\Users\\Rahul\\AppData\\Local\\Programs\\Python\\Python310\\lib\\site-packages\\rest_framework\\mixins.py\", line 40, in list", "    page = self.paginate_queryset(queryset)", "  File \"C:\\Users\\Rahul\\AppData\\Local\\Programs\\Python\\Python310\\lib\\site-packages\\rest_framework\\generics.py\", line 175, in paginate_queryset", "    return self.paginator.paginate_queryset(queryset, self.request, view=self)", "  File \"C:\\Users\\Rahul\\AppData\\Local\\Programs\\Python\\Python310\\lib\\site-packages\\rest_framework\\pagination.py\", line 222, in paginate_queryset", "    return list(self.page)", "  File \"C:\\Users\\Rahul\\AppData\\Local\\Programs\\Python\\Python310\\lib\\site-packages\\django\\core\\paginator.py\", line 191, in __len__", "    return len(self.object_list)", "  File \"C:\\Users\\Rahul\\AppData\\Local\\Programs\\Python\\Python310\\lib\\site-packages\\django\\db\\models\\query.py\", line 366, in __len__", "    self._fetch_all()", "  File \"C:\\Users\\Rahul\\AppData\\Local\\Programs\\Python\\Python310\\lib\\site-packages\\django\\db\\models\\query.py\", line 1949, in _fetch_all", "    self._result_cache = list(self._iterable_class(self))", "  File \"C:\\Users\\Rahul\\AppData\\Local\\Programs\\Python\\Python310\\lib\\site-packages\\django\\db\\models\\query.py\", line 91, in __iter__", "    results = compiler.execute_sql(", "  File \"C:\\Users\\Rahul\\AppData\\Local\\Programs\\Python\\Python310\\lib\\site-packages\\django\\db\\models\\sql\\compiler.py\", line 1610, in execute_sql", "    sql, params = self.as_sql()", "  File \"C:\\Users\\Rahul\\AppData\\Local\\Programs\\Python\\Python310\\lib\\site-packages\\django\\db\\models\\sql\\compiler.py\", line 766, in as_sql", "    extra_select, order_by, group_by = self.pre_sql_setup(", "  File \"C:\\Users\\Rahul\\AppData\\Local\\Programs\\Python\\Python310\\lib\\site-packages\\django\\db\\models\\sql\\compiler.py\", line 85, in pre_sql_setup", "    self.setup_query(with_col_aliases=with_col_aliases)", "  File \"C:\\Users\\Rahul\\AppData\\Local\\Programs\\Python\\Python310\\lib\\site-packages\\django\\db\\models\\sql\\compiler.py\", line 74, in setup_query", "    self.select, self.klass_info, self.annotation_col_map = self.get_select(", "  File \"C:\\Users\\Rahul\\AppData\\Local\\Programs\\Python\\Python310\\lib\\site-packages\\django\\db\\models\\sql\\compiler.py\", line 299, in get_select", "    related_klass_infos = self.get_related_selections(select, select_mask)", "  File \"C:\\Users\\Rahul\\AppData\\Local\\Programs\\Python\\Python310\\lib\\site-packages\\django\\db\\models\\sql\\compiler.py\", line 1396, in get_related_selections", "    raise FieldError(", "django.core.exceptions.FieldError: Invalid field name(s) given in select_related: 'guardian'. Choices are: school", ""]}, "request": {"method": "GET", "path": "/api/athletes/", "ip": "127.0.0.1", "userAgent": "Mozilla/5.0 (Windows NT 10.0; Win64; x64; rv:142.0) Gecko/20100101 Firefox/142.0", "requestId": "6e65d15a-cfd1-43a5-81f8-fab95eb56f94", "userId": 3}, "response": {"statusCode": 500}, "context": {"view": "AthleteListCreateView", "viewMethod": null}, "meta": {"service": "athletiq-django", "environment": "development"}}
Internal Server Error: /api/athletes/
Internal Server Error: /api/athletes/
{"level": "error", "message": "Exception: ImproperlyConfigured", "timestamp": "2025-08-22T19:34:25.000Z", "error": {"name": "ImproperlyConfigured", "message": "Field name `grade` is not valid for model `Athlete` in `apps.athletes.serializers.AthleteListSerializer`.", "stack": ["Traceback (most recent call last):", "  File \"C:\\Users\\Rahul\\AppData\\Local\\Programs\\Python\\Python310\\lib\\site-packages\\rest_framework\\views.py\", line 512, in dispatch", "    response = handler(request, *args, **kwargs)", "  File \"C:\\Users\\Rahul\\AppData\\Local\\Programs\\Python\\Python310\\lib\\site-packages\\rest_framework\\generics.py\", line 243, in get", "    return self.list(request, *args, **kwargs)", "  File \"C:\\Users\\Rahul\\AppData\\Local\\Programs\\Python\\Python310\\lib\\site-packages\\rest_framework\\mixins.py\", line 43, in list", "    return self.get_paginated_response(serializer.data)", "  File \"C:\\Users\\Rahul\\AppData\\Local\\Programs\\Python\\Python310\\lib\\site-packages\\rest_framework\\serializers.py\", line 797, in data", "    ret = super().data", "  File \"C:\\Users\\Rahul\\AppData\\Local\\Programs\\Python\\Python310\\lib\\site-packages\\rest_framework\\serializers.py\", line 251, in data", "    self._data = self.to_representation(self.instance)", "  File \"C:\\Users\\Rahul\\AppData\\Local\\Programs\\Python\\Python310\\lib\\site-packages\\rest_framework\\serializers.py\", line 715, in to_representation", "    return [", "  File \"C:\\Users\\Rahul\\AppData\\Local\\Programs\\Python\\Python310\\lib\\site-packages\\rest_framework\\serializers.py\", line 716, in <listcomp>", "    self.child.to_representation(item) for item in iterable", "  File \"C:\\Users\\Rahul\\AppData\\Local\\Programs\\Python\\Python310\\lib\\site-packages\\rest_framework\\serializers.py\", line 525, in to_representation", "    for field in fields:", "  File \"C:\\Users\\Rahul\\AppData\\Local\\Programs\\Python\\Python310\\lib\\site-packages\\rest_framework\\serializers.py\", line 386, in _readable_fields", "    for field in self.fields.values():", "  File \"C:\\Users\\Rahul\\AppData\\Local\\Programs\\Python\\Python310\\lib\\site-packages\\django\\utils\\functional.py\", line 47, in __get__", "    res = instance.__dict__[self.name] = self.func(instance)", "  File \"C:\\Users\\Rahul\\AppData\\Local\\Programs\\Python\\Python310\\lib\\site-packages\\rest_framework\\serializers.py\", line 374, in fields", "    for key, value in self.get_fields().items():", "  File \"C:\\Users\\Rahul\\AppData\\Local\\Programs\\Python\\Python310\\lib\\site-packages\\rest_framework\\serializers.py\", line 1105, in get_fields", "    field_class, field_kwargs = self.build_field(", "  File \"C:\\Users\\Rahul\\AppData\\Local\\Programs\\Python\\Python310\\lib\\site-packages\\rest_framework\\serializers.py\", line 1251, in build_field", "    return self.build_unknown_field(field_name, model_class)", "  File \"C:\\Users\\Rahul\\AppData\\Local\\Programs\\Python\\Python310\\lib\\site-packages\\rest_framework\\serializers.py\", line 1369, in build_unknown_field", "    raise ImproperlyConfigured(", "django.core.exceptions.ImproperlyConfigured: Field name `grade` is not valid for model `Athlete` in `apps.athletes.serializers.AthleteListSerializer`.", ""]}, "request": {"method": "GET", "path": "/api/athletes/", "ip": "127.0.0.1", "userAgent": "Mozilla/5.0 (Windows NT 10.0; Win64; x64; rv:142.0) Gecko/20100101 Firefox/142.0", "requestId": "38c4c615-d7c8-459a-903c-f93febe1483c", "userId": 3}, "response": {"statusCode": 500}, "context": {"view": "AthleteListCreateView", "viewMethod": null}, "meta": {"service": "athletiq-django", "environment": "development"}}
Internal Server Error: /api/athletes/
{"level": "error", "message": "Exception: ImproperlyConfigured", "timestamp": "2025-08-22T19:34:28.000Z", "error": {"name": "ImproperlyConfigured", "message": "Field name `grade` is not valid for model `Athlete` in `apps.athletes.serializers.AthleteListSerializer`.", "stack": ["Traceback (most recent call last):", "  File \"C:\\Users\\Rahul\\AppData\\Local\\Programs\\Python\\Python310\\lib\\site-packages\\rest_framework\\views.py\", line 512, in dispatch", "    response = handler(request, *args, **kwargs)", "  File \"C:\\Users\\Rahul\\AppData\\Local\\Programs\\Python\\Python310\\lib\\site-packages\\rest_framework\\generics.py\", line 243, in get", "    return self.list(request, *args, **kwargs)", "  File \"C:\\Users\\Rahul\\AppData\\Local\\Programs\\Python\\Python310\\lib\\site-packages\\rest_framework\\mixins.py\", line 43, in list", "    return self.get_paginated_response(serializer.data)", "  File \"C:\\Users\\Rahul\\AppData\\Local\\Programs\\Python\\Python310\\lib\\site-packages\\rest_framework\\serializers.py\", line 797, in data", "    ret = super().data", "  File \"C:\\Users\\Rahul\\AppData\\Local\\Programs\\Python\\Python310\\lib\\site-packages\\rest_framework\\serializers.py\", line 251, in data", "    self._data = self.to_representation(self.instance)", "  File \"C:\\Users\\Rahul\\AppData\\Local\\Programs\\Python\\Python310\\lib\\site-packages\\rest_framework\\serializers.py\", line 715, in to_representation", "    return [", "  File \"C:\\Users\\Rahul\\AppData\\Local\\Programs\\Python\\Python310\\lib\\site-packages\\rest_framework\\serializers.py\", line 716, in <listcomp>", "    self.child.to_representation(item) for item in iterable", "  File \"C:\\Users\\Rahul\\AppData\\Local\\Programs\\Python\\Python310\\lib\\site-packages\\rest_framework\\serializers.py\", line 525, in to_representation", "    for field in fields:", "  File \"C:\\Users\\Rahul\\AppData\\Local\\Programs\\Python\\Python310\\lib\\site-packages\\rest_framework\\serializers.py\", line 386, in _readable_fields", "    for field in self.fields.values():", "  File \"C:\\Users\\Rahul\\AppData\\Local\\Programs\\Python\\Python310\\lib\\site-packages\\django\\utils\\functional.py\", line 47, in __get__", "    res = instance.__dict__[self.name] = self.func(instance)", "  File \"C:\\Users\\Rahul\\AppData\\Local\\Programs\\Python\\Python310\\lib\\site-packages\\rest_framework\\serializers.py\", line 374, in fields", "    for key, value in self.get_fields().items():", "  File \"C:\\Users\\Rahul\\AppData\\Local\\Programs\\Python\\Python310\\lib\\site-packages\\rest_framework\\serializers.py\", line 1105, in get_fields", "    field_class, field_kwargs = self.build_field(", "  File \"C:\\Users\\Rahul\\AppData\\Local\\Programs\\Python\\Python310\\lib\\site-packages\\rest_framework\\serializers.py\", line 1251, in build_field", "    return self.build_unknown_field(field_name, model_class)", "  File \"C:\\Users\\Rahul\\AppData\\Local\\Programs\\Python\\Python310\\lib\\site-packages\\rest_framework\\serializers.py\", line 1369, in build_unknown_field", "    raise ImproperlyConfigured(", "django.core.exceptions.ImproperlyConfigured: Field name `grade` is not valid for model `Athlete` in `apps.athletes.serializers.AthleteListSerializer`.", ""]}, "request": {"method": "GET", "path": "/api/athletes/", "ip": "127.0.0.1", "userAgent": "Mozilla/5.0 (Windows NT 10.0; Win64; x64; rv:142.0) Gecko/20100101 Firefox/142.0", "requestId": "4ac0da79-1ff9-4e6e-abcd-237f4a7465b8", "userId": 3}, "response": {"statusCode": 500}, "context": {"view": "AthleteListCreateView", "viewMethod": null}, "meta": {"service": "athletiq-django", "environment": "development"}}
Internal Server Error: /api/athletes/
{"level": "error", "message": "Exception: ImproperlyConfigured", "timestamp": "2025-08-22T19:34:30.000Z", "error": {"name": "ImproperlyConfigured", "message": "Field name `grade` is not valid for model `Athlete` in `apps.athletes.serializers.AthleteListSerializer`.", "stack": ["Traceback (most recent call last):", "  File \"C:\\Users\\Rahul\\AppData\\Local\\Programs\\Python\\Python310\\lib\\site-packages\\rest_framework\\views.py\", line 512, in dispatch", "    response = handler(request, *args, **kwargs)", "  File \"C:\\Users\\Rahul\\AppData\\Local\\Programs\\Python\\Python310\\lib\\site-packages\\rest_framework\\generics.py\", line 243, in get", "    return self.list(request, *args, **kwargs)", "  File \"C:\\Users\\Rahul\\AppData\\Local\\Programs\\Python\\Python310\\lib\\site-packages\\rest_framework\\mixins.py\", line 43, in list", "    return self.get_paginated_response(serializer.data)", "  File \"C:\\Users\\Rahul\\AppData\\Local\\Programs\\Python\\Python310\\lib\\site-packages\\rest_framework\\serializers.py\", line 797, in data", "    ret = super().data", "  File \"C:\\Users\\Rahul\\AppData\\Local\\Programs\\Python\\Python310\\lib\\site-packages\\rest_framework\\serializers.py\", line 251, in data", "    self._data = self.to_representation(self.instance)", "  File \"C:\\Users\\Rahul\\AppData\\Local\\Programs\\Python\\Python310\\lib\\site-packages\\rest_framework\\serializers.py\", line 715, in to_representation", "    return [", "  File \"C:\\Users\\Rahul\\AppData\\Local\\Programs\\Python\\Python310\\lib\\site-packages\\rest_framework\\serializers.py\", line 716, in <listcomp>", "    self.child.to_representation(item) for item in iterable", "  File \"C:\\Users\\Rahul\\AppData\\Local\\Programs\\Python\\Python310\\lib\\site-packages\\rest_framework\\serializers.py\", line 525, in to_representation", "    for field in fields:", "  File \"C:\\Users\\Rahul\\AppData\\Local\\Programs\\Python\\Python310\\lib\\site-packages\\rest_framework\\serializers.py\", line 386, in _readable_fields", "    for field in self.fields.values():", "  File \"C:\\Users\\Rahul\\AppData\\Local\\Programs\\Python\\Python310\\lib\\site-packages\\django\\utils\\functional.py\", line 47, in __get__", "    res = instance.__dict__[self.name] = self.func(instance)", "  File \"C:\\Users\\Rahul\\AppData\\Local\\Programs\\Python\\Python310\\lib\\site-packages\\rest_framework\\serializers.py\", line 374, in fields", "    for key, value in self.get_fields().items():", "  File \"C:\\Users\\Rahul\\AppData\\Local\\Programs\\Python\\Python310\\lib\\site-packages\\rest_framework\\serializers.py\", line 1105, in get_fields", "    field_class, field_kwargs = self.build_field(", "  File \"C:\\Users\\Rahul\\AppData\\Local\\Programs\\Python\\Python310\\lib\\site-packages\\rest_framework\\serializers.py\", line 1251, in build_field", "    return self.build_unknown_field(field_name, model_class)", "  File \"C:\\Users\\Rahul\\AppData\\Local\\Programs\\Python\\Python310\\lib\\site-packages\\rest_framework\\serializers.py\", line 1369, in build_unknown_field", "    raise ImproperlyConfigured(", "django.core.exceptions.ImproperlyConfigured: Field name `grade` is not valid for model `Athlete` in `apps.athletes.serializers.AthleteListSerializer`.", ""]}, "request": {"method": "GET", "path": "/api/athletes/", "ip": "127.0.0.1", "userAgent": "Mozilla/5.0 (Windows NT 10.0; Win64; x64; rv:142.0) Gecko/20100101 Firefox/142.0", "requestId": "b1f881cb-3a99-42ee-9543-972a98c6a488", "userId": 3}, "response": {"statusCode": 500}, "context": {"view": "AthleteListCreateView", "viewMethod": null}, "meta": {"service": "athletiq-django", "environment": "development"}}
Internal Server Error: /api/athletes/
{"level": "error", "message": "Exception: ImproperlyConfigured", "timestamp": "2025-08-22T19:34:33.000Z", "error": {"name": "ImproperlyConfigured", "message": "Field name `grade` is not valid for model `Athlete` in `apps.athletes.serializers.AthleteListSerializer`.", "stack": ["Traceback (most recent call last):", "  File \"C:\\Users\\Rahul\\AppData\\Local\\Programs\\Python\\Python310\\lib\\site-packages\\rest_framework\\views.py\", line 512, in dispatch", "    response = handler(request, *args, **kwargs)", "  File \"C:\\Users\\Rahul\\AppData\\Local\\Programs\\Python\\Python310\\lib\\site-packages\\rest_framework\\generics.py\", line 243, in get", "    return self.list(request, *args, **kwargs)", "  File \"C:\\Users\\Rahul\\AppData\\Local\\Programs\\Python\\Python310\\lib\\site-packages\\rest_framework\\mixins.py\", line 43, in list", "    return self.get_paginated_response(serializer.data)", "  File \"C:\\Users\\Rahul\\AppData\\Local\\Programs\\Python\\Python310\\lib\\site-packages\\rest_framework\\serializers.py\", line 797, in data", "    ret = super().data", "  File \"C:\\Users\\Rahul\\AppData\\Local\\Programs\\Python\\Python310\\lib\\site-packages\\rest_framework\\serializers.py\", line 251, in data", "    self._data = self.to_representation(self.instance)", "  File \"C:\\Users\\Rahul\\AppData\\Local\\Programs\\Python\\Python310\\lib\\site-packages\\rest_framework\\serializers.py\", line 715, in to_representation", "    return [", "  File \"C:\\Users\\Rahul\\AppData\\Local\\Programs\\Python\\Python310\\lib\\site-packages\\rest_framework\\serializers.py\", line 716, in <listcomp>", "    self.child.to_representation(item) for item in iterable", "  File \"C:\\Users\\Rahul\\AppData\\Local\\Programs\\Python\\Python310\\lib\\site-packages\\rest_framework\\serializers.py\", line 525, in to_representation", "    for field in fields:", "  File \"C:\\Users\\Rahul\\AppData\\Local\\Programs\\Python\\Python310\\lib\\site-packages\\rest_framework\\serializers.py\", line 386, in _readable_fields", "    for field in self.fields.values():", "  File \"C:\\Users\\Rahul\\AppData\\Local\\Programs\\Python\\Python310\\lib\\site-packages\\django\\utils\\functional.py\", line 47, in __get__", "    res = instance.__dict__[self.name] = self.func(instance)", "  File \"C:\\Users\\Rahul\\AppData\\Local\\Programs\\Python\\Python310\\lib\\site-packages\\rest_framework\\serializers.py\", line 374, in fields", "    for key, value in self.get_fields().items():", "  File \"C:\\Users\\Rahul\\AppData\\Local\\Programs\\Python\\Python310\\lib\\site-packages\\rest_framework\\serializers.py\", line 1105, in get_fields", "    field_class, field_kwargs = self.build_field(", "  File \"C:\\Users\\Rahul\\AppData\\Local\\Programs\\Python\\Python310\\lib\\site-packages\\rest_framework\\serializers.py\", line 1251, in build_field", "    return self.build_unknown_field(field_name, model_class)", "  File \"C:\\Users\\Rahul\\AppData\\Local\\Programs\\Python\\Python310\\lib\\site-packages\\rest_framework\\serializers.py\", line 1369, in build_unknown_field", "    raise ImproperlyConfigured(", "django.core.exceptions.ImproperlyConfigured: Field name `grade` is not valid for model `Athlete` in `apps.athletes.serializers.AthleteListSerializer`.", ""]}, "request": {"method": "GET", "path": "/api/athletes/", "ip": "127.0.0.1", "userAgent": "Mozilla/5.0 (Windows NT 10.0; Win64; x64; rv:142.0) Gecko/20100101 Firefox/142.0", "requestId": "12329513-6003-4f93-9bc4-b5b5f83f6255", "userId": 3}, "response": {"statusCode": 500}, "context": {"view": "AthleteListCreateView", "viewMethod": null}, "meta": {"service": "athletiq-django", "environment": "development"}}
Internal Server Error: /api/athletes/
{"level": "error", "message": "Exception: ImproperlyConfigured", "timestamp": "2025-08-22T19:34:42.000Z", "error": {"name": "ImproperlyConfigured", "message": "Field name `grade` is not valid for model `Athlete` in `apps.athletes.serializers.AthleteListSerializer`.", "stack": ["Traceback (most recent call last):", "  File \"C:\\Users\\Rahul\\AppData\\Local\\Programs\\Python\\Python310\\lib\\site-packages\\rest_framework\\views.py\", line 512, in dispatch", "    response = handler(request, *args, **kwargs)", "  File \"C:\\Users\\Rahul\\AppData\\Local\\Programs\\Python\\Python310\\lib\\site-packages\\rest_framework\\generics.py\", line 243, in get", "    return self.list(request, *args, **kwargs)", "  File \"C:\\Users\\Rahul\\AppData\\Local\\Programs\\Python\\Python310\\lib\\site-packages\\rest_framework\\mixins.py\", line 43, in list", "    return self.get_paginated_response(serializer.data)", "  File \"C:\\Users\\Rahul\\AppData\\Local\\Programs\\Python\\Python310\\lib\\site-packages\\rest_framework\\serializers.py\", line 797, in data", "    ret = super().data", "  File \"C:\\Users\\Rahul\\AppData\\Local\\Programs\\Python\\Python310\\lib\\site-packages\\rest_framework\\serializers.py\", line 251, in data", "    self._data = self.to_representation(self.instance)", "  File \"C:\\Users\\Rahul\\AppData\\Local\\Programs\\Python\\Python310\\lib\\site-packages\\rest_framework\\serializers.py\", line 715, in to_representation", "    return [", "  File \"C:\\Users\\Rahul\\AppData\\Local\\Programs\\Python\\Python310\\lib\\site-packages\\rest_framework\\serializers.py\", line 716, in <listcomp>", "    self.child.to_representation(item) for item in iterable", "  File \"C:\\Users\\Rahul\\AppData\\Local\\Programs\\Python\\Python310\\lib\\site-packages\\rest_framework\\serializers.py\", line 525, in to_representation", "    for field in fields:", "  File \"C:\\Users\\Rahul\\AppData\\Local\\Programs\\Python\\Python310\\lib\\site-packages\\rest_framework\\serializers.py\", line 386, in _readable_fields", "    for field in self.fields.values():", "  File \"C:\\Users\\Rahul\\AppData\\Local\\Programs\\Python\\Python310\\lib\\site-packages\\django\\utils\\functional.py\", line 47, in __get__", "    res = instance.__dict__[self.name] = self.func(instance)", "  File \"C:\\Users\\Rahul\\AppData\\Local\\Programs\\Python\\Python310\\lib\\site-packages\\rest_framework\\serializers.py\", line 374, in fields", "    for key, value in self.get_fields().items():", "  File \"C:\\Users\\Rahul\\AppData\\Local\\Programs\\Python\\Python310\\lib\\site-packages\\rest_framework\\serializers.py\", line 1105, in get_fields", "    field_class, field_kwargs = self.build_field(", "  File \"C:\\Users\\Rahul\\AppData\\Local\\Programs\\Python\\Python310\\lib\\site-packages\\rest_framework\\serializers.py\", line 1251, in build_field", "    return self.build_unknown_field(field_name, model_class)", "  File \"C:\\Users\\Rahul\\AppData\\Local\\Programs\\Python\\Python310\\lib\\site-packages\\rest_framework\\serializers.py\", line 1369, in build_unknown_field", "    raise ImproperlyConfigured(", "django.core.exceptions.ImproperlyConfigured: Field name `grade` is not valid for model `Athlete` in `apps.athletes.serializers.AthleteListSerializer`.", ""]}, "request": {"method": "GET", "path": "/api/athletes/", "ip": "127.0.0.1", "userAgent": "Mozilla/5.0 (Windows NT 10.0; Win64; x64; rv:142.0) Gecko/20100101 Firefox/142.0", "requestId": "5d353f75-c9d3-4152-b19a-05c935507ff7", "userId": 3}, "response": {"statusCode": 500}, "context": {"view": "AthleteListCreateView", "viewMethod": null}, "meta": {"service": "athletiq-django", "environment": "development"}}
Internal Server Error: /api/athletes/
{"level": "error", "message": "Exception: ImproperlyConfigured", "timestamp": "2025-08-22T19:34:44.000Z", "error": {"name": "ImproperlyConfigured", "message": "Field name `grade` is not valid for model `Athlete` in `apps.athletes.serializers.AthleteListSerializer`.", "stack": ["Traceback (most recent call last):", "  File \"C:\\Users\\Rahul\\AppData\\Local\\Programs\\Python\\Python310\\lib\\site-packages\\rest_framework\\views.py\", line 512, in dispatch", "    response = handler(request, *args, **kwargs)", "  File \"C:\\Users\\Rahul\\AppData\\Local\\Programs\\Python\\Python310\\lib\\site-packages\\rest_framework\\generics.py\", line 243, in get", "    return self.list(request, *args, **kwargs)", "  File \"C:\\Users\\Rahul\\AppData\\Local\\Programs\\Python\\Python310\\lib\\site-packages\\rest_framework\\mixins.py\", line 43, in list", "    return self.get_paginated_response(serializer.data)", "  File \"C:\\Users\\Rahul\\AppData\\Local\\Programs\\Python\\Python310\\lib\\site-packages\\rest_framework\\serializers.py\", line 797, in data", "    ret = super().data", "  File \"C:\\Users\\Rahul\\AppData\\Local\\Programs\\Python\\Python310\\lib\\site-packages\\rest_framework\\serializers.py\", line 251, in data", "    self._data = self.to_representation(self.instance)", "  File \"C:\\Users\\Rahul\\AppData\\Local\\Programs\\Python\\Python310\\lib\\site-packages\\rest_framework\\serializers.py\", line 715, in to_representation", "    return [", "  File \"C:\\Users\\Rahul\\AppData\\Local\\Programs\\Python\\Python310\\lib\\site-packages\\rest_framework\\serializers.py\", line 716, in <listcomp>", "    self.child.to_representation(item) for item in iterable", "  File \"C:\\Users\\Rahul\\AppData\\Local\\Programs\\Python\\Python310\\lib\\site-packages\\rest_framework\\serializers.py\", line 525, in to_representation", "    for field in fields:", "  File \"C:\\Users\\Rahul\\AppData\\Local\\Programs\\Python\\Python310\\lib\\site-packages\\rest_framework\\serializers.py\", line 386, in _readable_fields", "    for field in self.fields.values():", "  File \"C:\\Users\\Rahul\\AppData\\Local\\Programs\\Python\\Python310\\lib\\site-packages\\django\\utils\\functional.py\", line 47, in __get__", "    res = instance.__dict__[self.name] = self.func(instance)", "  File \"C:\\Users\\Rahul\\AppData\\Local\\Programs\\Python\\Python310\\lib\\site-packages\\rest_framework\\serializers.py\", line 374, in fields", "    for key, value in self.get_fields().items():", "  File \"C:\\Users\\Rahul\\AppData\\Local\\Programs\\Python\\Python310\\lib\\site-packages\\rest_framework\\serializers.py\", line 1105, in get_fields", "    field_class, field_kwargs = self.build_field(", "  File \"C:\\Users\\Rahul\\AppData\\Local\\Programs\\Python\\Python310\\lib\\site-packages\\rest_framework\\serializers.py\", line 1251, in build_field", "    return self.build_unknown_field(field_name, model_class)", "  File \"C:\\Users\\Rahul\\AppData\\Local\\Programs\\Python\\Python310\\lib\\site-packages\\rest_framework\\serializers.py\", line 1369, in build_unknown_field", "    raise ImproperlyConfigured(", "django.core.exceptions.ImproperlyConfigured: Field name `grade` is not valid for model `Athlete` in `apps.athletes.serializers.AthleteListSerializer`.", ""]}, "request": {"method": "GET", "path": "/api/athletes/", "ip": "127.0.0.1", "userAgent": "Mozilla/5.0 (Windows NT 10.0; Win64; x64; rv:142.0) Gecko/20100101 Firefox/142.0", "requestId": "0eedec27-077e-4715-9d03-76aed579360d", "userId": 3}, "response": {"statusCode": 500}, "context": {"view": "AthleteListCreateView", "viewMethod": null}, "meta": {"service": "athletiq-django", "environment": "development"}}
Internal Server Error: /api/athletes/
{"level": "error", "message": "Exception: ImproperlyConfigured", "timestamp": "2025-08-22T19:34:46.000Z", "error": {"name": "ImproperlyConfigured", "message": "Field name `grade` is not valid for model `Athlete` in `apps.athletes.serializers.AthleteListSerializer`.", "stack": ["Traceback (most recent call last):", "  File \"C:\\Users\\Rahul\\AppData\\Local\\Programs\\Python\\Python310\\lib\\site-packages\\rest_framework\\views.py\", line 512, in dispatch", "    response = handler(request, *args, **kwargs)", "  File \"C:\\Users\\Rahul\\AppData\\Local\\Programs\\Python\\Python310\\lib\\site-packages\\rest_framework\\generics.py\", line 243, in get", "    return self.list(request, *args, **kwargs)", "  File \"C:\\Users\\Rahul\\AppData\\Local\\Programs\\Python\\Python310\\lib\\site-packages\\rest_framework\\mixins.py\", line 43, in list", "    return self.get_paginated_response(serializer.data)", "  File \"C:\\Users\\Rahul\\AppData\\Local\\Programs\\Python\\Python310\\lib\\site-packages\\rest_framework\\serializers.py\", line 797, in data", "    ret = super().data", "  File \"C:\\Users\\Rahul\\AppData\\Local\\Programs\\Python\\Python310\\lib\\site-packages\\rest_framework\\serializers.py\", line 251, in data", "    self._data = self.to_representation(self.instance)", "  File \"C:\\Users\\Rahul\\AppData\\Local\\Programs\\Python\\Python310\\lib\\site-packages\\rest_framework\\serializers.py\", line 715, in to_representation", "    return [", "  File \"C:\\Users\\Rahul\\AppData\\Local\\Programs\\Python\\Python310\\lib\\site-packages\\rest_framework\\serializers.py\", line 716, in <listcomp>", "    self.child.to_representation(item) for item in iterable", "  File \"C:\\Users\\Rahul\\AppData\\Local\\Programs\\Python\\Python310\\lib\\site-packages\\rest_framework\\serializers.py\", line 525, in to_representation", "    for field in fields:", "  File \"C:\\Users\\Rahul\\AppData\\Local\\Programs\\Python\\Python310\\lib\\site-packages\\rest_framework\\serializers.py\", line 386, in _readable_fields", "    for field in self.fields.values():", "  File \"C:\\Users\\Rahul\\AppData\\Local\\Programs\\Python\\Python310\\lib\\site-packages\\django\\utils\\functional.py\", line 47, in __get__", "    res = instance.__dict__[self.name] = self.func(instance)", "  File \"C:\\Users\\Rahul\\AppData\\Local\\Programs\\Python\\Python310\\lib\\site-packages\\rest_framework\\serializers.py\", line 374, in fields", "    for key, value in self.get_fields().items():", "  File \"C:\\Users\\Rahul\\AppData\\Local\\Programs\\Python\\Python310\\lib\\site-packages\\rest_framework\\serializers.py\", line 1105, in get_fields", "    field_class, field_kwargs = self.build_field(", "  File \"C:\\Users\\Rahul\\AppData\\Local\\Programs\\Python\\Python310\\lib\\site-packages\\rest_framework\\serializers.py\", line 1251, in build_field", "    return self.build_unknown_field(field_name, model_class)", "  File \"C:\\Users\\Rahul\\AppData\\Local\\Programs\\Python\\Python310\\lib\\site-packages\\rest_framework\\serializers.py\", line 1369, in build_unknown_field", "    raise ImproperlyConfigured(", "django.core.exceptions.ImproperlyConfigured: Field name `grade` is not valid for model `Athlete` in `apps.athletes.serializers.AthleteListSerializer`.", ""]}, "request": {"method": "GET", "path": "/api/athletes/", "ip": "127.0.0.1", "userAgent": "Mozilla/5.0 (Windows NT 10.0; Win64; x64; rv:142.0) Gecko/20100101 Firefox/142.0", "requestId": "7c951365-16c5-47f8-807b-17bd4a3b42b0", "userId": 3}, "response": {"statusCode": 500}, "context": {"view": "AthleteListCreateView", "viewMethod": null}, "meta": {"service": "athletiq-django", "environment": "development"}}
Internal Server Error: /api/athletes/
{"level": "error", "message": "Exception: ImproperlyConfigured", "timestamp": "2025-08-22T19:34:48.000Z", "error": {"name": "ImproperlyConfigured", "message": "Field name `grade` is not valid for model `Athlete` in `apps.athletes.serializers.AthleteListSerializer`.", "stack": ["Traceback (most recent call last):", "  File \"C:\\Users\\Rahul\\AppData\\Local\\Programs\\Python\\Python310\\lib\\site-packages\\rest_framework\\views.py\", line 512, in dispatch", "    response = handler(request, *args, **kwargs)", "  File \"C:\\Users\\Rahul\\AppData\\Local\\Programs\\Python\\Python310\\lib\\site-packages\\rest_framework\\generics.py\", line 243, in get", "    return self.list(request, *args, **kwargs)", "  File \"C:\\Users\\Rahul\\AppData\\Local\\Programs\\Python\\Python310\\lib\\site-packages\\rest_framework\\mixins.py\", line 43, in list", "    return self.get_paginated_response(serializer.data)", "  File \"C:\\Users\\Rahul\\AppData\\Local\\Programs\\Python\\Python310\\lib\\site-packages\\rest_framework\\serializers.py\", line 797, in data", "    ret = super().data", "  File \"C:\\Users\\Rahul\\AppData\\Local\\Programs\\Python\\Python310\\lib\\site-packages\\rest_framework\\serializers.py\", line 251, in data", "    self._data = self.to_representation(self.instance)", "  File \"C:\\Users\\Rahul\\AppData\\Local\\Programs\\Python\\Python310\\lib\\site-packages\\rest_framework\\serializers.py\", line 715, in to_representation", "    return [", "  File \"C:\\Users\\Rahul\\AppData\\Local\\Programs\\Python\\Python310\\lib\\site-packages\\rest_framework\\serializers.py\", line 716, in <listcomp>", "    self.child.to_representation(item) for item in iterable", "  File \"C:\\Users\\Rahul\\AppData\\Local\\Programs\\Python\\Python310\\lib\\site-packages\\rest_framework\\serializers.py\", line 525, in to_representation", "    for field in fields:", "  File \"C:\\Users\\Rahul\\AppData\\Local\\Programs\\Python\\Python310\\lib\\site-packages\\rest_framework\\serializers.py\", line 386, in _readable_fields", "    for field in self.fields.values():", "  File \"C:\\Users\\Rahul\\AppData\\Local\\Programs\\Python\\Python310\\lib\\site-packages\\django\\utils\\functional.py\", line 47, in __get__", "    res = instance.__dict__[self.name] = self.func(instance)", "  File \"C:\\Users\\Rahul\\AppData\\Local\\Programs\\Python\\Python310\\lib\\site-packages\\rest_framework\\serializers.py\", line 374, in fields", "    for key, value in self.get_fields().items():", "  File \"C:\\Users\\Rahul\\AppData\\Local\\Programs\\Python\\Python310\\lib\\site-packages\\rest_framework\\serializers.py\", line 1105, in get_fields", "    field_class, field_kwargs = self.build_field(", "  File \"C:\\Users\\Rahul\\AppData\\Local\\Programs\\Python\\Python310\\lib\\site-packages\\rest_framework\\serializers.py\", line 1251, in build_field", "    return self.build_unknown_field(field_name, model_class)", "  File \"C:\\Users\\Rahul\\AppData\\Local\\Programs\\Python\\Python310\\lib\\site-packages\\rest_framework\\serializers.py\", line 1369, in build_unknown_field", "    raise ImproperlyConfigured(", "django.core.exceptions.ImproperlyConfigured: Field name `grade` is not valid for model `Athlete` in `apps.athletes.serializers.AthleteListSerializer`.", ""]}, "request": {"method": "GET", "path": "/api/athletes/", "ip": "127.0.0.1", "userAgent": "Mozilla/5.0 (Windows NT 10.0; Win64; x64; rv:142.0) Gecko/20100101 Firefox/142.0", "requestId": "1e5b9b37-7e5a-469d-abc7-2742611c996b", "userId": 3}, "response": {"statusCode": 500}, "context": {"view": "AthleteListCreateView", "viewMethod": null}, "meta": {"service": "athletiq-django", "environment": "development"}}
Internal Server Error: /api/athletes/
{"level": "error", "message": "Exception: ImproperlyConfigured", "timestamp": "2025-08-22T19:36:18.000Z", "error": {"name": "ImproperlyConfigured", "message": "Field name `registration_status` is not valid for model `Athlete` in `apps.athletes.serializers.AthleteListSerializer`.", "stack": ["Traceback (most recent call last):", "  File \"C:\\Users\\Rahul\\AppData\\Local\\Programs\\Python\\Python310\\lib\\site-packages\\rest_framework\\views.py\", line 512, in dispatch", "    response = handler(request, *args, **kwargs)", "  File \"C:\\Users\\Rahul\\AppData\\Local\\Programs\\Python\\Python310\\lib\\site-packages\\rest_framework\\generics.py\", line 243, in get", "    return self.list(request, *args, **kwargs)", "  File \"C:\\Users\\Rahul\\AppData\\Local\\Programs\\Python\\Python310\\lib\\site-packages\\rest_framework\\mixins.py\", line 43, in list", "    return self.get_paginated_response(serializer.data)", "  File \"C:\\Users\\Rahul\\AppData\\Local\\Programs\\Python\\Python310\\lib\\site-packages\\rest_framework\\serializers.py\", line 797, in data", "    ret = super().data", "  File \"C:\\Users\\Rahul\\AppData\\Local\\Programs\\Python\\Python310\\lib\\site-packages\\rest_framework\\serializers.py\", line 251, in data", "    self._data = self.to_representation(self.instance)", "  File \"C:\\Users\\Rahul\\AppData\\Local\\Programs\\Python\\Python310\\lib\\site-packages\\rest_framework\\serializers.py\", line 715, in to_representation", "    return [", "  File \"C:\\Users\\Rahul\\AppData\\Local\\Programs\\Python\\Python310\\lib\\site-packages\\rest_framework\\serializers.py\", line 716, in <listcomp>", "    self.child.to_representation(item) for item in iterable", "  File \"C:\\Users\\Rahul\\AppData\\Local\\Programs\\Python\\Python310\\lib\\site-packages\\rest_framework\\serializers.py\", line 525, in to_representation", "    for field in fields:", "  File \"C:\\Users\\Rahul\\AppData\\Local\\Programs\\Python\\Python310\\lib\\site-packages\\rest_framework\\serializers.py\", line 386, in _readable_fields", "    for field in self.fields.values():", "  File \"C:\\Users\\Rahul\\AppData\\Local\\Programs\\Python\\Python310\\lib\\site-packages\\django\\utils\\functional.py\", line 47, in __get__", "    res = instance.__dict__[self.name] = self.func(instance)", "  File \"C:\\Users\\Rahul\\AppData\\Local\\Programs\\Python\\Python310\\lib\\site-packages\\rest_framework\\serializers.py\", line 374, in fields", "    for key, value in self.get_fields().items():", "  File \"C:\\Users\\Rahul\\AppData\\Local\\Programs\\Python\\Python310\\lib\\site-packages\\rest_framework\\serializers.py\", line 1105, in get_fields", "    field_class, field_kwargs = self.build_field(", "  File \"C:\\Users\\Rahul\\AppData\\Local\\Programs\\Python\\Python310\\lib\\site-packages\\rest_framework\\serializers.py\", line 1251, in build_field", "    return self.build_unknown_field(field_name, model_class)", "  File \"C:\\Users\\Rahul\\AppData\\Local\\Programs\\Python\\Python310\\lib\\site-packages\\rest_framework\\serializers.py\", line 1369, in build_unknown_field", "    raise ImproperlyConfigured(", "django.core.exceptions.ImproperlyConfigured: Field name `registration_status` is not valid for model `Athlete` in `apps.athletes.serializers.AthleteListSerializer`.", ""]}, "request": {"method": "GET", "path": "/api/athletes/", "ip": "127.0.0.1", "userAgent": "Mozilla/5.0 (Windows NT 10.0; Win64; x64; rv:142.0) Gecko/20100101 Firefox/142.0", "requestId": "4943de5d-35c0-477e-8c05-6c1d5e061d49", "userId": 3}, "response": {"statusCode": 500}, "context": {"view": "AthleteListCreateView", "viewMethod": null}, "meta": {"service": "athletiq-django", "environment": "development"}}
Internal Server Error: /api/athletes/
{"level": "error", "message": "Exception: ImproperlyConfigured", "timestamp": "2025-08-22T19:36:19.000Z", "error": {"name": "ImproperlyConfigured", "message": "Field name `registration_status` is not valid for model `Athlete` in `apps.athletes.serializers.AthleteListSerializer`.", "stack": ["Traceback (most recent call last):", "  File \"C:\\Users\\Rahul\\AppData\\Local\\Programs\\Python\\Python310\\lib\\site-packages\\rest_framework\\views.py\", line 512, in dispatch", "    response = handler(request, *args, **kwargs)", "  File \"C:\\Users\\Rahul\\AppData\\Local\\Programs\\Python\\Python310\\lib\\site-packages\\rest_framework\\generics.py\", line 243, in get", "    return self.list(request, *args, **kwargs)", "  File \"C:\\Users\\Rahul\\AppData\\Local\\Programs\\Python\\Python310\\lib\\site-packages\\rest_framework\\mixins.py\", line 43, in list", "    return self.get_paginated_response(serializer.data)", "  File \"C:\\Users\\Rahul\\AppData\\Local\\Programs\\Python\\Python310\\lib\\site-packages\\rest_framework\\serializers.py\", line 797, in data", "    ret = super().data", "  File \"C:\\Users\\Rahul\\AppData\\Local\\Programs\\Python\\Python310\\lib\\site-packages\\rest_framework\\serializers.py\", line 251, in data", "    self._data = self.to_representation(self.instance)", "  File \"C:\\Users\\Rahul\\AppData\\Local\\Programs\\Python\\Python310\\lib\\site-packages\\rest_framework\\serializers.py\", line 715, in to_representation", "    return [", "  File \"C:\\Users\\Rahul\\AppData\\Local\\Programs\\Python\\Python310\\lib\\site-packages\\rest_framework\\serializers.py\", line 716, in <listcomp>", "    self.child.to_representation(item) for item in iterable", "  File \"C:\\Users\\Rahul\\AppData\\Local\\Programs\\Python\\Python310\\lib\\site-packages\\rest_framework\\serializers.py\", line 525, in to_representation", "    for field in fields:", "  File \"C:\\Users\\Rahul\\AppData\\Local\\Programs\\Python\\Python310\\lib\\site-packages\\rest_framework\\serializers.py\", line 386, in _readable_fields", "    for field in self.fields.values():", "  File \"C:\\Users\\Rahul\\AppData\\Local\\Programs\\Python\\Python310\\lib\\site-packages\\django\\utils\\functional.py\", line 47, in __get__", "    res = instance.__dict__[self.name] = self.func(instance)", "  File \"C:\\Users\\Rahul\\AppData\\Local\\Programs\\Python\\Python310\\lib\\site-packages\\rest_framework\\serializers.py\", line 374, in fields", "    for key, value in self.get_fields().items():", "  File \"C:\\Users\\Rahul\\AppData\\Local\\Programs\\Python\\Python310\\lib\\site-packages\\rest_framework\\serializers.py\", line 1105, in get_fields", "    field_class, field_kwargs = self.build_field(", "  File \"C:\\Users\\Rahul\\AppData\\Local\\Programs\\Python\\Python310\\lib\\site-packages\\rest_framework\\serializers.py\", line 1251, in build_field", "    return self.build_unknown_field(field_name, model_class)", "  File \"C:\\Users\\Rahul\\AppData\\Local\\Programs\\Python\\Python310\\lib\\site-packages\\rest_framework\\serializers.py\", line 1369, in build_unknown_field", "    raise ImproperlyConfigured(", "django.core.exceptions.ImproperlyConfigured: Field name `registration_status` is not valid for model `Athlete` in `apps.athletes.serializers.AthleteListSerializer`.", ""]}, "request": {"method": "GET", "path": "/api/athletes/", "ip": "127.0.0.1", "userAgent": "Mozilla/5.0 (Windows NT 10.0; Win64; x64; rv:142.0) Gecko/20100101 Firefox/142.0", "requestId": "4de2d837-b4ad-4631-ab56-1debe43cbc7d", "userId": 3}, "response": {"statusCode": 500}, "context": {"view": "AthleteListCreateView", "viewMethod": null}, "meta": {"service": "athletiq-django", "environment": "development"}}
Internal Server Error: /api/athletes/
{"level": "error", "message": "Exception: ImproperlyConfigured", "timestamp": "2025-08-22T19:36:21.000Z", "error": {"name": "ImproperlyConfigured", "message": "Field name `registration_status` is not valid for model `Athlete` in `apps.athletes.serializers.AthleteListSerializer`.", "stack": ["Traceback (most recent call last):", "  File \"C:\\Users\\Rahul\\AppData\\Local\\Programs\\Python\\Python310\\lib\\site-packages\\rest_framework\\views.py\", line 512, in dispatch", "    response = handler(request, *args, **kwargs)", "  File \"C:\\Users\\Rahul\\AppData\\Local\\Programs\\Python\\Python310\\lib\\site-packages\\rest_framework\\generics.py\", line 243, in get", "    return self.list(request, *args, **kwargs)", "  File \"C:\\Users\\Rahul\\AppData\\Local\\Programs\\Python\\Python310\\lib\\site-packages\\rest_framework\\mixins.py\", line 43, in list", "    return self.get_paginated_response(serializer.data)", "  File \"C:\\Users\\Rahul\\AppData\\Local\\Programs\\Python\\Python310\\lib\\site-packages\\rest_framework\\serializers.py\", line 797, in data", "    ret = super().data", "  File \"C:\\Users\\Rahul\\AppData\\Local\\Programs\\Python\\Python310\\lib\\site-packages\\rest_framework\\serializers.py\", line 251, in data", "    self._data = self.to_representation(self.instance)", "  File \"C:\\Users\\Rahul\\AppData\\Local\\Programs\\Python\\Python310\\lib\\site-packages\\rest_framework\\serializers.py\", line 715, in to_representation", "    return [", "  File \"C:\\Users\\Rahul\\AppData\\Local\\Programs\\Python\\Python310\\lib\\site-packages\\rest_framework\\serializers.py\", line 716, in <listcomp>", "    self.child.to_representation(item) for item in iterable", "  File \"C:\\Users\\Rahul\\AppData\\Local\\Programs\\Python\\Python310\\lib\\site-packages\\rest_framework\\serializers.py\", line 525, in to_representation", "    for field in fields:", "  File \"C:\\Users\\Rahul\\AppData\\Local\\Programs\\Python\\Python310\\lib\\site-packages\\rest_framework\\serializers.py\", line 386, in _readable_fields", "    for field in self.fields.values():", "  File \"C:\\Users\\Rahul\\AppData\\Local\\Programs\\Python\\Python310\\lib\\site-packages\\django\\utils\\functional.py\", line 47, in __get__", "    res = instance.__dict__[self.name] = self.func(instance)", "  File \"C:\\Users\\Rahul\\AppData\\Local\\Programs\\Python\\Python310\\lib\\site-packages\\rest_framework\\serializers.py\", line 374, in fields", "    for key, value in self.get_fields().items():", "  File \"C:\\Users\\Rahul\\AppData\\Local\\Programs\\Python\\Python310\\lib\\site-packages\\rest_framework\\serializers.py\", line 1105, in get_fields", "    field_class, field_kwargs = self.build_field(", "  File \"C:\\Users\\Rahul\\AppData\\Local\\Programs\\Python\\Python310\\lib\\site-packages\\rest_framework\\serializers.py\", line 1251, in build_field", "    return self.build_unknown_field(field_name, model_class)", "  File \"C:\\Users\\Rahul\\AppData\\Local\\Programs\\Python\\Python310\\lib\\site-packages\\rest_framework\\serializers.py\", line 1369, in build_unknown_field", "    raise ImproperlyConfigured(", "django.core.exceptions.ImproperlyConfigured: Field name `registration_status` is not valid for model `Athlete` in `apps.athletes.serializers.AthleteListSerializer`.", ""]}, "request": {"method": "GET", "path": "/api/athletes/", "ip": "127.0.0.1", "userAgent": "Mozilla/5.0 (Windows NT 10.0; Win64; x64; rv:142.0) Gecko/20100101 Firefox/142.0", "requestId": "cc172ce1-64ff-49b0-806a-aeb8c9ef1fa7", "userId": 3}, "response": {"statusCode": 500}, "context": {"view": "AthleteListCreateView", "viewMethod": null}, "meta": {"service": "athletiq-django", "environment": "development"}}
Internal Server Error: /api/athletes/
{"level": "error", "message": "Exception: ImproperlyConfigured", "timestamp": "2025-08-22T19:36:23.000Z", "error": {"name": "ImproperlyConfigured", "message": "Field name `registration_status` is not valid for model `Athlete` in `apps.athletes.serializers.AthleteListSerializer`.", "stack": ["Traceback (most recent call last):", "  File \"C:\\Users\\Rahul\\AppData\\Local\\Programs\\Python\\Python310\\lib\\site-packages\\rest_framework\\views.py\", line 512, in dispatch", "    response = handler(request, *args, **kwargs)", "  File \"C:\\Users\\Rahul\\AppData\\Local\\Programs\\Python\\Python310\\lib\\site-packages\\rest_framework\\generics.py\", line 243, in get", "    return self.list(request, *args, **kwargs)", "  File \"C:\\Users\\Rahul\\AppData\\Local\\Programs\\Python\\Python310\\lib\\site-packages\\rest_framework\\mixins.py\", line 43, in list", "    return self.get_paginated_response(serializer.data)", "  File \"C:\\Users\\Rahul\\AppData\\Local\\Programs\\Python\\Python310\\lib\\site-packages\\rest_framework\\serializers.py\", line 797, in data", "    ret = super().data", "  File \"C:\\Users\\Rahul\\AppData\\Local\\Programs\\Python\\Python310\\lib\\site-packages\\rest_framework\\serializers.py\", line 251, in data", "    self._data = self.to_representation(self.instance)", "  File \"C:\\Users\\Rahul\\AppData\\Local\\Programs\\Python\\Python310\\lib\\site-packages\\rest_framework\\serializers.py\", line 715, in to_representation", "    return [", "  File \"C:\\Users\\Rahul\\AppData\\Local\\Programs\\Python\\Python310\\lib\\site-packages\\rest_framework\\serializers.py\", line 716, in <listcomp>", "    self.child.to_representation(item) for item in iterable", "  File \"C:\\Users\\Rahul\\AppData\\Local\\Programs\\Python\\Python310\\lib\\site-packages\\rest_framework\\serializers.py\", line 525, in to_representation", "    for field in fields:", "  File \"C:\\Users\\Rahul\\AppData\\Local\\Programs\\Python\\Python310\\lib\\site-packages\\rest_framework\\serializers.py\", line 386, in _readable_fields", "    for field in self.fields.values():", "  File \"C:\\Users\\Rahul\\AppData\\Local\\Programs\\Python\\Python310\\lib\\site-packages\\django\\utils\\functional.py\", line 47, in __get__", "    res = instance.__dict__[self.name] = self.func(instance)", "  File \"C:\\Users\\Rahul\\AppData\\Local\\Programs\\Python\\Python310\\lib\\site-packages\\rest_framework\\serializers.py\", line 374, in fields", "    for key, value in self.get_fields().items():", "  File \"C:\\Users\\Rahul\\AppData\\Local\\Programs\\Python\\Python310\\lib\\site-packages\\rest_framework\\serializers.py\", line 1105, in get_fields", "    field_class, field_kwargs = self.build_field(", "  File \"C:\\Users\\Rahul\\AppData\\Local\\Programs\\Python\\Python310\\lib\\site-packages\\rest_framework\\serializers.py\", line 1251, in build_field", "    return self.build_unknown_field(field_name, model_class)", "  File \"C:\\Users\\Rahul\\AppData\\Local\\Programs\\Python\\Python310\\lib\\site-packages\\rest_framework\\serializers.py\", line 1369, in build_unknown_field", "    raise ImproperlyConfigured(", "django.core.exceptions.ImproperlyConfigured: Field name `registration_status` is not valid for model `Athlete` in `apps.athletes.serializers.AthleteListSerializer`.", ""]}, "request": {"method": "GET", "path": "/api/athletes/", "ip": "127.0.0.1", "userAgent": "Mozilla/5.0 (Windows NT 10.0; Win64; x64; rv:142.0) Gecko/20100101 Firefox/142.0", "requestId": "9022e3a6-8fc6-465c-9dfd-ea614c68da0f", "userId": 3}, "response": {"statusCode": 500}, "context": {"view": "AthleteListCreateView", "viewMethod": null}, "meta": {"service": "athletiq-django", "environment": "development"}}
Internal Server Error: /api/athletes/
{"level": "error", "message": "Exception: ImproperlyConfigured", "timestamp": "2025-08-22T19:37:28.000Z", "error": {"name": "ImproperlyConfigured", "message": "Field name `registration_status` is not valid for model `Athlete` in `apps.athletes.serializers.AthleteListSerializer`.", "stack": ["Traceback (most recent call last):", "  File \"C:\\Users\\Rahul\\AppData\\Local\\Programs\\Python\\Python310\\lib\\site-packages\\rest_framework\\views.py\", line 512, in dispatch", "    response = handler(request, *args, **kwargs)", "  File \"C:\\Users\\Rahul\\AppData\\Local\\Programs\\Python\\Python310\\lib\\site-packages\\rest_framework\\generics.py\", line 243, in get", "    return self.list(request, *args, **kwargs)", "  File \"C:\\Users\\Rahul\\AppData\\Local\\Programs\\Python\\Python310\\lib\\site-packages\\rest_framework\\mixins.py\", line 43, in list", "    return self.get_paginated_response(serializer.data)", "  File \"C:\\Users\\Rahul\\AppData\\Local\\Programs\\Python\\Python310\\lib\\site-packages\\rest_framework\\serializers.py\", line 797, in data", "    ret = super().data", "  File \"C:\\Users\\Rahul\\AppData\\Local\\Programs\\Python\\Python310\\lib\\site-packages\\rest_framework\\serializers.py\", line 251, in data", "    self._data = self.to_representation(self.instance)", "  File \"C:\\Users\\Rahul\\AppData\\Local\\Programs\\Python\\Python310\\lib\\site-packages\\rest_framework\\serializers.py\", line 715, in to_representation", "    return [", "  File \"C:\\Users\\Rahul\\AppData\\Local\\Programs\\Python\\Python310\\lib\\site-packages\\rest_framework\\serializers.py\", line 716, in <listcomp>", "    self.child.to_representation(item) for item in iterable", "  File \"C:\\Users\\Rahul\\AppData\\Local\\Programs\\Python\\Python310\\lib\\site-packages\\rest_framework\\serializers.py\", line 525, in to_representation", "    for field in fields:", "  File \"C:\\Users\\Rahul\\AppData\\Local\\Programs\\Python\\Python310\\lib\\site-packages\\rest_framework\\serializers.py\", line 386, in _readable_fields", "    for field in self.fields.values():", "  File \"C:\\Users\\Rahul\\AppData\\Local\\Programs\\Python\\Python310\\lib\\site-packages\\django\\utils\\functional.py\", line 47, in __get__", "    res = instance.__dict__[self.name] = self.func(instance)", "  File \"C:\\Users\\Rahul\\AppData\\Local\\Programs\\Python\\Python310\\lib\\site-packages\\rest_framework\\serializers.py\", line 374, in fields", "    for key, value in self.get_fields().items():", "  File \"C:\\Users\\Rahul\\AppData\\Local\\Programs\\Python\\Python310\\lib\\site-packages\\rest_framework\\serializers.py\", line 1105, in get_fields", "    field_class, field_kwargs = self.build_field(", "  File \"C:\\Users\\Rahul\\AppData\\Local\\Programs\\Python\\Python310\\lib\\site-packages\\rest_framework\\serializers.py\", line 1251, in build_field", "    return self.build_unknown_field(field_name, model_class)", "  File \"C:\\Users\\Rahul\\AppData\\Local\\Programs\\Python\\Python310\\lib\\site-packages\\rest_framework\\serializers.py\", line 1369, in build_unknown_field", "    raise ImproperlyConfigured(", "django.core.exceptions.ImproperlyConfigured: Field name `registration_status` is not valid for model `Athlete` in `apps.athletes.serializers.AthleteListSerializer`.", ""]}, "request": {"method": "GET", "path": "/api/athletes/", "ip": "127.0.0.1", "userAgent": "Mozilla/5.0 (Windows NT 10.0; Win64; x64; rv:142.0) Gecko/20100101 Firefox/142.0", "requestId": "bd098129-4de1-4875-aab0-b60309b45f88", "userId": 3}, "response": {"statusCode": 500}, "context": {"view": "AthleteListCreateView", "viewMethod": null}, "meta": {"service": "athletiq-django", "environment": "development"}}
Internal Server Error: /api/athletes/
{"level": "error", "message": "Exception: ImproperlyConfigured", "timestamp": "2025-08-22T19:37:30.000Z", "error": {"name": "ImproperlyConfigured", "message": "Field name `registration_status` is not valid for model `Athlete` in `apps.athletes.serializers.AthleteListSerializer`.", "stack": ["Traceback (most recent call last):", "  File \"C:\\Users\\Rahul\\AppData\\Local\\Programs\\Python\\Python310\\lib\\site-packages\\rest_framework\\views.py\", line 512, in dispatch", "    response = handler(request, *args, **kwargs)", "  File \"C:\\Users\\Rahul\\AppData\\Local\\Programs\\Python\\Python310\\lib\\site-packages\\rest_framework\\generics.py\", line 243, in get", "    return self.list(request, *args, **kwargs)", "  File \"C:\\Users\\Rahul\\AppData\\Local\\Programs\\Python\\Python310\\lib\\site-packages\\rest_framework\\mixins.py\", line 43, in list", "    return self.get_paginated_response(serializer.data)", "  File \"C:\\Users\\Rahul\\AppData\\Local\\Programs\\Python\\Python310\\lib\\site-packages\\rest_framework\\serializers.py\", line 797, in data", "    ret = super().data", "  File \"C:\\Users\\Rahul\\AppData\\Local\\Programs\\Python\\Python310\\lib\\site-packages\\rest_framework\\serializers.py\", line 251, in data", "    self._data = self.to_representation(self.instance)", "  File \"C:\\Users\\Rahul\\AppData\\Local\\Programs\\Python\\Python310\\lib\\site-packages\\rest_framework\\serializers.py\", line 715, in to_representation", "    return [", "  File \"C:\\Users\\Rahul\\AppData\\Local\\Programs\\Python\\Python310\\lib\\site-packages\\rest_framework\\serializers.py\", line 716, in <listcomp>", "    self.child.to_representation(item) for item in iterable", "  File \"C:\\Users\\Rahul\\AppData\\Local\\Programs\\Python\\Python310\\lib\\site-packages\\rest_framework\\serializers.py\", line 525, in to_representation", "    for field in fields:", "  File \"C:\\Users\\Rahul\\AppData\\Local\\Programs\\Python\\Python310\\lib\\site-packages\\rest_framework\\serializers.py\", line 386, in _readable_fields", "    for field in self.fields.values():", "  File \"C:\\Users\\Rahul\\AppData\\Local\\Programs\\Python\\Python310\\lib\\site-packages\\django\\utils\\functional.py\", line 47, in __get__", "    res = instance.__dict__[self.name] = self.func(instance)", "  File \"C:\\Users\\Rahul\\AppData\\Local\\Programs\\Python\\Python310\\lib\\site-packages\\rest_framework\\serializers.py\", line 374, in fields", "    for key, value in self.get_fields().items():", "  File \"C:\\Users\\Rahul\\AppData\\Local\\Programs\\Python\\Python310\\lib\\site-packages\\rest_framework\\serializers.py\", line 1105, in get_fields", "    field_class, field_kwargs = self.build_field(", "  File \"C:\\Users\\Rahul\\AppData\\Local\\Programs\\Python\\Python310\\lib\\site-packages\\rest_framework\\serializers.py\", line 1251, in build_field", "    return self.build_unknown_field(field_name, model_class)", "  File \"C:\\Users\\Rahul\\AppData\\Local\\Programs\\Python\\Python310\\lib\\site-packages\\rest_framework\\serializers.py\", line 1369, in build_unknown_field", "    raise ImproperlyConfigured(", "django.core.exceptions.ImproperlyConfigured: Field name `registration_status` is not valid for model `Athlete` in `apps.athletes.serializers.AthleteListSerializer`.", ""]}, "request": {"method": "GET", "path": "/api/athletes/", "ip": "127.0.0.1", "userAgent": "Mozilla/5.0 (Windows NT 10.0; Win64; x64; rv:142.0) Gecko/20100101 Firefox/142.0", "requestId": "124034a6-f538-4770-b7d6-e4c3076416c0", "userId": 3}, "response": {"statusCode": 500}, "context": {"view": "AthleteListCreateView", "viewMethod": null}, "meta": {"service": "athletiq-django", "environment": "development"}}
Internal Server Error: /api/athletes/
{"level": "error", "message": "Exception: ImproperlyConfigured", "timestamp": "2025-08-22T19:37:32.000Z", "error": {"name": "ImproperlyConfigured", "message": "Field name `registration_status` is not valid for model `Athlete` in `apps.athletes.serializers.AthleteListSerializer`.", "stack": ["Traceback (most recent call last):", "  File \"C:\\Users\\Rahul\\AppData\\Local\\Programs\\Python\\Python310\\lib\\site-packages\\rest_framework\\views.py\", line 512, in dispatch", "    response = handler(request, *args, **kwargs)", "  File \"C:\\Users\\Rahul\\AppData\\Local\\Programs\\Python\\Python310\\lib\\site-packages\\rest_framework\\generics.py\", line 243, in get", "    return self.list(request, *args, **kwargs)", "  File \"C:\\Users\\Rahul\\AppData\\Local\\Programs\\Python\\Python310\\lib\\site-packages\\rest_framework\\mixins.py\", line 43, in list", "    return self.get_paginated_response(serializer.data)", "  File \"C:\\Users\\Rahul\\AppData\\Local\\Programs\\Python\\Python310\\lib\\site-packages\\rest_framework\\serializers.py\", line 797, in data", "    ret = super().data", "  File \"C:\\Users\\Rahul\\AppData\\Local\\Programs\\Python\\Python310\\lib\\site-packages\\rest_framework\\serializers.py\", line 251, in data", "    self._data = self.to_representation(self.instance)", "  File \"C:\\Users\\Rahul\\AppData\\Local\\Programs\\Python\\Python310\\lib\\site-packages\\rest_framework\\serializers.py\", line 715, in to_representation", "    return [", "  File \"C:\\Users\\Rahul\\AppData\\Local\\Programs\\Python\\Python310\\lib\\site-packages\\rest_framework\\serializers.py\", line 716, in <listcomp>", "    self.child.to_representation(item) for item in iterable", "  File \"C:\\Users\\Rahul\\AppData\\Local\\Programs\\Python\\Python310\\lib\\site-packages\\rest_framework\\serializers.py\", line 525, in to_representation", "    for field in fields:", "  File \"C:\\Users\\Rahul\\AppData\\Local\\Programs\\Python\\Python310\\lib\\site-packages\\rest_framework\\serializers.py\", line 386, in _readable_fields", "    for field in self.fields.values():", "  File \"C:\\Users\\Rahul\\AppData\\Local\\Programs\\Python\\Python310\\lib\\site-packages\\django\\utils\\functional.py\", line 47, in __get__", "    res = instance.__dict__[self.name] = self.func(instance)", "  File \"C:\\Users\\Rahul\\AppData\\Local\\Programs\\Python\\Python310\\lib\\site-packages\\rest_framework\\serializers.py\", line 374, in fields", "    for key, value in self.get_fields().items():", "  File \"C:\\Users\\Rahul\\AppData\\Local\\Programs\\Python\\Python310\\lib\\site-packages\\rest_framework\\serializers.py\", line 1105, in get_fields", "    field_class, field_kwargs = self.build_field(", "  File \"C:\\Users\\Rahul\\AppData\\Local\\Programs\\Python\\Python310\\lib\\site-packages\\rest_framework\\serializers.py\", line 1251, in build_field", "    return self.build_unknown_field(field_name, model_class)", "  File \"C:\\Users\\Rahul\\AppData\\Local\\Programs\\Python\\Python310\\lib\\site-packages\\rest_framework\\serializers.py\", line 1369, in build_unknown_field", "    raise ImproperlyConfigured(", "django.core.exceptions.ImproperlyConfigured: Field name `registration_status` is not valid for model `Athlete` in `apps.athletes.serializers.AthleteListSerializer`.", ""]}, "request": {"method": "GET", "path": "/api/athletes/", "ip": "127.0.0.1", "userAgent": "Mozilla/5.0 (Windows NT 10.0; Win64; x64; rv:142.0) Gecko/20100101 Firefox/142.0", "requestId": "1e907064-deb5-479c-84aa-bb975736b8ca", "userId": 3}, "response": {"statusCode": 500}, "context": {"view": "AthleteListCreateView", "viewMethod": null}, "meta": {"service": "athletiq-django", "environment": "development"}}
{"level": "error", "message": "Exception: ImproperlyConfigured", "timestamp": "2025-08-22T19:37:39.000Z", "error": {"name": "ImproperlyConfigured", "message": "Field name `verification_status` is not valid for model `Athlete` in `apps.athletes.serializers.AthleteListSerializer`.", "stack": ["Traceback (most recent call last):", "  File \"C:\\Users\\Rahul\\AppData\\Local\\Programs\\Python\\Python310\\lib\\site-packages\\rest_framework\\views.py\", line 512, in dispatch", "    response = handler(request, *args, **kwargs)", "  File \"C:\\Users\\Rahul\\AppData\\Local\\Programs\\Python\\Python310\\lib\\site-packages\\rest_framework\\generics.py\", line 243, in get", "    return self.list(request, *args, **kwargs)", "  File \"C:\\Users\\Rahul\\AppData\\Local\\Programs\\Python\\Python310\\lib\\site-packages\\rest_framework\\mixins.py\", line 43, in list", "    return self.get_paginated_response(serializer.data)", "  File \"C:\\Users\\Rahul\\AppData\\Local\\Programs\\Python\\Python310\\lib\\site-packages\\rest_framework\\serializers.py\", line 797, in data", "    ret = super().data", "  File \"C:\\Users\\Rahul\\AppData\\Local\\Programs\\Python\\Python310\\lib\\site-packages\\rest_framework\\serializers.py\", line 251, in data", "    self._data = self.to_representation(self.instance)", "  File \"C:\\Users\\Rahul\\AppData\\Local\\Programs\\Python\\Python310\\lib\\site-packages\\rest_framework\\serializers.py\", line 715, in to_representation", "    return [", "  File \"C:\\Users\\Rahul\\AppData\\Local\\Programs\\Python\\Python310\\lib\\site-packages\\rest_framework\\serializers.py\", line 716, in <listcomp>", "    self.child.to_representation(item) for item in iterable", "  File \"C:\\Users\\Rahul\\AppData\\Local\\Programs\\Python\\Python310\\lib\\site-packages\\rest_framework\\serializers.py\", line 525, in to_representation", "    for field in fields:", "  File \"C:\\Users\\Rahul\\AppData\\Local\\Programs\\Python\\Python310\\lib\\site-packages\\rest_framework\\serializers.py\", line 386, in _readable_fields", "    for field in self.fields.values():", "  File \"C:\\Users\\Rahul\\AppData\\Local\\Programs\\Python\\Python310\\lib\\site-packages\\django\\utils\\functional.py\", line 47, in __get__", "    res = instance.__dict__[self.name] = self.func(instance)", "  File \"C:\\Users\\Rahul\\AppData\\Local\\Programs\\Python\\Python310\\lib\\site-packages\\rest_framework\\serializers.py\", line 374, in fields", "    for key, value in self.get_fields().items():", "  File \"C:\\Users\\Rahul\\AppData\\Local\\Programs\\Python\\Python310\\lib\\site-packages\\rest_framework\\serializers.py\", line 1105, in get_fields", "    field_class, field_kwargs = self.build_field(", "  File \"C:\\Users\\Rahul\\AppData\\Local\\Programs\\Python\\Python310\\lib\\site-packages\\rest_framework\\serializers.py\", line 1251, in build_field", "    return self.build_unknown_field(field_name, model_class)", "  File \"C:\\Users\\Rahul\\AppData\\Local\\Programs\\Python\\Python310\\lib\\site-packages\\rest_framework\\serializers.py\", line 1369, in build_unknown_field", "    raise ImproperlyConfigured(", "django.core.exceptions.ImproperlyConfigured: Field name `verification_status` is not valid for model `Athlete` in `apps.athletes.serializers.AthleteListSerializer`.", ""]}, "request": {"method": "GET", "path": "/api/athletes/", "ip": "127.0.0.1", "userAgent": "Mozilla/5.0 (Windows NT 10.0; Win64; x64; rv:142.0) Gecko/20100101 Firefox/142.0", "requestId": "9d44a1f6-7bed-4e3a-90e9-70b855aea0eb", "userId": 3}, "response": {"statusCode": 500}, "context": {"view": "AthleteListCreateView", "viewMethod": null}, "meta": {"service": "athletiq-django", "environment": "development"}}
Internal Server Error: /api/athletes/
{"level": "error", "message": "Exception: ImproperlyConfigured", "timestamp": "2025-08-22T19:38:03.000Z", "error": {"name": "ImproperlyConfigured", "message": "Field name `verification_status` is not valid for model `Athlete` in `apps.athletes.serializers.AthleteListSerializer`.", "stack": ["Traceback (most recent call last):", "  File \"C:\\Users\\Rahul\\AppData\\Local\\Programs\\Python\\Python310\\lib\\site-packages\\rest_framework\\views.py\", line 512, in dispatch", "    response = handler(request, *args, **kwargs)", "  File \"C:\\Users\\Rahul\\AppData\\Local\\Programs\\Python\\Python310\\lib\\site-packages\\rest_framework\\generics.py\", line 243, in get", "    return self.list(request, *args, **kwargs)", "  File \"C:\\Users\\Rahul\\AppData\\Local\\Programs\\Python\\Python310\\lib\\site-packages\\rest_framework\\mixins.py\", line 43, in list", "    return self.get_paginated_response(serializer.data)", "  File \"C:\\Users\\Rahul\\AppData\\Local\\Programs\\Python\\Python310\\lib\\site-packages\\rest_framework\\serializers.py\", line 797, in data", "    ret = super().data", "  File \"C:\\Users\\Rahul\\AppData\\Local\\Programs\\Python\\Python310\\lib\\site-packages\\rest_framework\\serializers.py\", line 251, in data", "    self._data = self.to_representation(self.instance)", "  File \"C:\\Users\\Rahul\\AppData\\Local\\Programs\\Python\\Python310\\lib\\site-packages\\rest_framework\\serializers.py\", line 715, in to_representation", "    return [", "  File \"C:\\Users\\Rahul\\AppData\\Local\\Programs\\Python\\Python310\\lib\\site-packages\\rest_framework\\serializers.py\", line 716, in <listcomp>", "    self.child.to_representation(item) for item in iterable", "  File \"C:\\Users\\Rahul\\AppData\\Local\\Programs\\Python\\Python310\\lib\\site-packages\\rest_framework\\serializers.py\", line 525, in to_representation", "    for field in fields:", "  File \"C:\\Users\\Rahul\\AppData\\Local\\Programs\\Python\\Python310\\lib\\site-packages\\rest_framework\\serializers.py\", line 386, in _readable_fields", "    for field in self.fields.values():", "  File \"C:\\Users\\Rahul\\AppData\\Local\\Programs\\Python\\Python310\\lib\\site-packages\\django\\utils\\functional.py\", line 47, in __get__", "    res = instance.__dict__[self.name] = self.func(instance)", "  File \"C:\\Users\\Rahul\\AppData\\Local\\Programs\\Python\\Python310\\lib\\site-packages\\rest_framework\\serializers.py\", line 374, in fields", "    for key, value in self.get_fields().items():", "  File \"C:\\Users\\Rahul\\AppData\\Local\\Programs\\Python\\Python310\\lib\\site-packages\\rest_framework\\serializers.py\", line 1105, in get_fields", "    field_class, field_kwargs = self.build_field(", "  File \"C:\\Users\\Rahul\\AppData\\Local\\Programs\\Python\\Python310\\lib\\site-packages\\rest_framework\\serializers.py\", line 1251, in build_field", "    return self.build_unknown_field(field_name, model_class)", "  File \"C:\\Users\\Rahul\\AppData\\Local\\Programs\\Python\\Python310\\lib\\site-packages\\rest_framework\\serializers.py\", line 1369, in build_unknown_field", "    raise ImproperlyConfigured(", "django.core.exceptions.ImproperlyConfigured: Field name `verification_status` is not valid for model `Athlete` in `apps.athletes.serializers.AthleteListSerializer`.", ""]}, "request": {"method": "GET", "path": "/api/athletes/", "ip": "127.0.0.1", "userAgent": "Mozilla/5.0 (Windows NT 10.0; Win64; x64; rv:142.0) Gecko/20100101 Firefox/142.0", "requestId": "b167b599-04b1-4aa8-b71e-527c527765f8", "userId": 3}, "response": {"statusCode": 500}, "context": {"view": "AthleteListCreateView", "viewMethod": null}, "meta": {"service": "athletiq-django", "environment": "development"}}
Internal Server Error: /api/athletes/
{"level": "error", "message": "Exception: ImproperlyConfigured", "timestamp": "2025-08-22T19:38:05.000Z", "error": {"name": "ImproperlyConfigured", "message": "Field name `verification_status` is not valid for model `Athlete` in `apps.athletes.serializers.AthleteListSerializer`.", "stack": ["Traceback (most recent call last):", "  File \"C:\\Users\\Rahul\\AppData\\Local\\Programs\\Python\\Python310\\lib\\site-packages\\rest_framework\\views.py\", line 512, in dispatch", "    response = handler(request, *args, **kwargs)", "  File \"C:\\Users\\Rahul\\AppData\\Local\\Programs\\Python\\Python310\\lib\\site-packages\\rest_framework\\generics.py\", line 243, in get", "    return self.list(request, *args, **kwargs)", "  File \"C:\\Users\\Rahul\\AppData\\Local\\Programs\\Python\\Python310\\lib\\site-packages\\rest_framework\\mixins.py\", line 43, in list", "    return self.get_paginated_response(serializer.data)", "  File \"C:\\Users\\Rahul\\AppData\\Local\\Programs\\Python\\Python310\\lib\\site-packages\\rest_framework\\serializers.py\", line 797, in data", "    ret = super().data", "  File \"C:\\Users\\Rahul\\AppData\\Local\\Programs\\Python\\Python310\\lib\\site-packages\\rest_framework\\serializers.py\", line 251, in data", "    self._data = self.to_representation(self.instance)", "  File \"C:\\Users\\Rahul\\AppData\\Local\\Programs\\Python\\Python310\\lib\\site-packages\\rest_framework\\serializers.py\", line 715, in to_representation", "    return [", "  File \"C:\\Users\\Rahul\\AppData\\Local\\Programs\\Python\\Python310\\lib\\site-packages\\rest_framework\\serializers.py\", line 716, in <listcomp>", "    self.child.to_representation(item) for item in iterable", "  File \"C:\\Users\\Rahul\\AppData\\Local\\Programs\\Python\\Python310\\lib\\site-packages\\rest_framework\\serializers.py\", line 525, in to_representation", "    for field in fields:", "  File \"C:\\Users\\Rahul\\AppData\\Local\\Programs\\Python\\Python310\\lib\\site-packages\\rest_framework\\serializers.py\", line 386, in _readable_fields", "    for field in self.fields.values():", "  File \"C:\\Users\\Rahul\\AppData\\Local\\Programs\\Python\\Python310\\lib\\site-packages\\django\\utils\\functional.py\", line 47, in __get__", "    res = instance.__dict__[self.name] = self.func(instance)", "  File \"C:\\Users\\Rahul\\AppData\\Local\\Programs\\Python\\Python310\\lib\\site-packages\\rest_framework\\serializers.py\", line 374, in fields", "    for key, value in self.get_fields().items():", "  File \"C:\\Users\\Rahul\\AppData\\Local\\Programs\\Python\\Python310\\lib\\site-packages\\rest_framework\\serializers.py\", line 1105, in get_fields", "    field_class, field_kwargs = self.build_field(", "  File \"C:\\Users\\Rahul\\AppData\\Local\\Programs\\Python\\Python310\\lib\\site-packages\\rest_framework\\serializers.py\", line 1251, in build_field", "    return self.build_unknown_field(field_name, model_class)", "  File \"C:\\Users\\Rahul\\AppData\\Local\\Programs\\Python\\Python310\\lib\\site-packages\\rest_framework\\serializers.py\", line 1369, in build_unknown_field", "    raise ImproperlyConfigured(", "django.core.exceptions.ImproperlyConfigured: Field name `verification_status` is not valid for model `Athlete` in `apps.athletes.serializers.AthleteListSerializer`.", ""]}, "request": {"method": "GET", "path": "/api/athletes/", "ip": "127.0.0.1", "userAgent": "Mozilla/5.0 (Windows NT 10.0; Win64; x64; rv:142.0) Gecko/20100101 Firefox/142.0", "requestId": "06c8dd4f-6804-43c0-aa4e-33c5aaa0d7ca", "userId": 3}, "response": {"statusCode": 500}, "context": {"view": "AthleteListCreateView", "viewMethod": null}, "meta": {"service": "athletiq-django", "environment": "development"}}
Internal Server Error: /api/athletes/
{"level": "error", "message": "Exception: ImproperlyConfigured", "timestamp": "2025-08-22T19:38:06.000Z", "error": {"name": "ImproperlyConfigured", "message": "Field name `verification_status` is not valid for model `Athlete` in `apps.athletes.serializers.AthleteListSerializer`.", "stack": ["Traceback (most recent call last):", "  File \"C:\\Users\\Rahul\\AppData\\Local\\Programs\\Python\\Python310\\lib\\site-packages\\rest_framework\\views.py\", line 512, in dispatch", "    response = handler(request, *args, **kwargs)", "  File \"C:\\Users\\Rahul\\AppData\\Local\\Programs\\Python\\Python310\\lib\\site-packages\\rest_framework\\generics.py\", line 243, in get", "    return self.list(request, *args, **kwargs)", "  File \"C:\\Users\\Rahul\\AppData\\Local\\Programs\\Python\\Python310\\lib\\site-packages\\rest_framework\\mixins.py\", line 43, in list", "    return self.get_paginated_response(serializer.data)", "  File \"C:\\Users\\Rahul\\AppData\\Local\\Programs\\Python\\Python310\\lib\\site-packages\\rest_framework\\serializers.py\", line 797, in data", "    ret = super().data", "  File \"C:\\Users\\Rahul\\AppData\\Local\\Programs\\Python\\Python310\\lib\\site-packages\\rest_framework\\serializers.py\", line 251, in data", "    self._data = self.to_representation(self.instance)", "  File \"C:\\Users\\Rahul\\AppData\\Local\\Programs\\Python\\Python310\\lib\\site-packages\\rest_framework\\serializers.py\", line 715, in to_representation", "    return [", "  File \"C:\\Users\\Rahul\\AppData\\Local\\Programs\\Python\\Python310\\lib\\site-packages\\rest_framework\\serializers.py\", line 716, in <listcomp>", "    self.child.to_representation(item) for item in iterable", "  File \"C:\\Users\\Rahul\\AppData\\Local\\Programs\\Python\\Python310\\lib\\site-packages\\rest_framework\\serializers.py\", line 525, in to_representation", "    for field in fields:", "  File \"C:\\Users\\Rahul\\AppData\\Local\\Programs\\Python\\Python310\\lib\\site-packages\\rest_framework\\serializers.py\", line 386, in _readable_fields", "    for field in self.fields.values():", "  File \"C:\\Users\\Rahul\\AppData\\Local\\Programs\\Python\\Python310\\lib\\site-packages\\django\\utils\\functional.py\", line 47, in __get__", "    res = instance.__dict__[self.name] = self.func(instance)", "  File \"C:\\Users\\Rahul\\AppData\\Local\\Programs\\Python\\Python310\\lib\\site-packages\\rest_framework\\serializers.py\", line 374, in fields", "    for key, value in self.get_fields().items():", "  File \"C:\\Users\\Rahul\\AppData\\Local\\Programs\\Python\\Python310\\lib\\site-packages\\rest_framework\\serializers.py\", line 1105, in get_fields", "    field_class, field_kwargs = self.build_field(", "  File \"C:\\Users\\Rahul\\AppData\\Local\\Programs\\Python\\Python310\\lib\\site-packages\\rest_framework\\serializers.py\", line 1251, in build_field", "    return self.build_unknown_field(field_name, model_class)", "  File \"C:\\Users\\Rahul\\AppData\\Local\\Programs\\Python\\Python310\\lib\\site-packages\\rest_framework\\serializers.py\", line 1369, in build_unknown_field", "    raise ImproperlyConfigured(", "django.core.exceptions.ImproperlyConfigured: Field name `verification_status` is not valid for model `Athlete` in `apps.athletes.serializers.AthleteListSerializer`.", ""]}, "request": {"method": "GET", "path": "/api/athletes/", "ip": "127.0.0.1", "userAgent": "Mozilla/5.0 (Windows NT 10.0; Win64; x64; rv:142.0) Gecko/20100101 Firefox/142.0", "requestId": "85a36daf-968f-4a1b-9e74-fa597255613f", "userId": 3}, "response": {"statusCode": 500}, "context": {"view": "AthleteListCreateView", "viewMethod": null}, "meta": {"service": "athletiq-django", "environment": "development"}}
Internal Server Error: /api/athletes/
{"level": "error", "message": "Exception: ImproperlyConfigured", "timestamp": "2025-08-22T19:38:09.000Z", "error": {"name": "ImproperlyConfigured", "message": "Field name `verification_status` is not valid for model `Athlete` in `apps.athletes.serializers.AthleteListSerializer`.", "stack": ["Traceback (most recent call last):", "  File \"C:\\Users\\Rahul\\AppData\\Local\\Programs\\Python\\Python310\\lib\\site-packages\\rest_framework\\views.py\", line 512, in dispatch", "    response = handler(request, *args, **kwargs)", "  File \"C:\\Users\\Rahul\\AppData\\Local\\Programs\\Python\\Python310\\lib\\site-packages\\rest_framework\\generics.py\", line 243, in get", "    return self.list(request, *args, **kwargs)", "  File \"C:\\Users\\Rahul\\AppData\\Local\\Programs\\Python\\Python310\\lib\\site-packages\\rest_framework\\mixins.py\", line 43, in list", "    return self.get_paginated_response(serializer.data)", "  File \"C:\\Users\\Rahul\\AppData\\Local\\Programs\\Python\\Python310\\lib\\site-packages\\rest_framework\\serializers.py\", line 797, in data", "    ret = super().data", "  File \"C:\\Users\\Rahul\\AppData\\Local\\Programs\\Python\\Python310\\lib\\site-packages\\rest_framework\\serializers.py\", line 251, in data", "    self._data = self.to_representation(self.instance)", "  File \"C:\\Users\\Rahul\\AppData\\Local\\Programs\\Python\\Python310\\lib\\site-packages\\rest_framework\\serializers.py\", line 715, in to_representation", "    return [", "  File \"C:\\Users\\Rahul\\AppData\\Local\\Programs\\Python\\Python310\\lib\\site-packages\\rest_framework\\serializers.py\", line 716, in <listcomp>", "    self.child.to_representation(item) for item in iterable", "  File \"C:\\Users\\Rahul\\AppData\\Local\\Programs\\Python\\Python310\\lib\\site-packages\\rest_framework\\serializers.py\", line 525, in to_representation", "    for field in fields:", "  File \"C:\\Users\\Rahul\\AppData\\Local\\Programs\\Python\\Python310\\lib\\site-packages\\rest_framework\\serializers.py\", line 386, in _readable_fields", "    for field in self.fields.values():", "  File \"C:\\Users\\Rahul\\AppData\\Local\\Programs\\Python\\Python310\\lib\\site-packages\\django\\utils\\functional.py\", line 47, in __get__", "    res = instance.__dict__[self.name] = self.func(instance)", "  File \"C:\\Users\\Rahul\\AppData\\Local\\Programs\\Python\\Python310\\lib\\site-packages\\rest_framework\\serializers.py\", line 374, in fields", "    for key, value in self.get_fields().items():", "  File \"C:\\Users\\Rahul\\AppData\\Local\\Programs\\Python\\Python310\\lib\\site-packages\\rest_framework\\serializers.py\", line 1105, in get_fields", "    field_class, field_kwargs = self.build_field(", "  File \"C:\\Users\\Rahul\\AppData\\Local\\Programs\\Python\\Python310\\lib\\site-packages\\rest_framework\\serializers.py\", line 1251, in build_field", "    return self.build_unknown_field(field_name, model_class)", "  File \"C:\\Users\\Rahul\\AppData\\Local\\Programs\\Python\\Python310\\lib\\site-packages\\rest_framework\\serializers.py\", line 1369, in build_unknown_field", "    raise ImproperlyConfigured(", "django.core.exceptions.ImproperlyConfigured: Field name `verification_status` is not valid for model `Athlete` in `apps.athletes.serializers.AthleteListSerializer`.", ""]}, "request": {"method": "GET", "path": "/api/athletes/", "ip": "127.0.0.1", "userAgent": "Mozilla/5.0 (Windows NT 10.0; Win64; x64; rv:142.0) Gecko/20100101 Firefox/142.0", "requestId": "c615a1dc-150b-4cfc-ba28-aaf4462281bb", "userId": 3}, "response": {"statusCode": 500}, "context": {"view": "AthleteListCreateView", "viewMethod": null}, "meta": {"service": "athletiq-django", "environment": "development"}}
Internal Server Error: /api/athletes/
{"level": "error", "message": "Exception: ImproperlyConfigured", "timestamp": "2025-08-22T19:38:30.000Z", "error": {"name": "ImproperlyConfigured", "message": "Field name `profile_completion` is not valid for model `Athlete` in `apps.athletes.serializers.AthleteListSerializer`.", "stack": ["Traceback (most recent call last):", "  File \"C:\\Users\\Rahul\\AppData\\Local\\Programs\\Python\\Python310\\lib\\site-packages\\rest_framework\\views.py\", line 512, in dispatch", "    response = handler(request, *args, **kwargs)", "  File \"C:\\Users\\Rahul\\AppData\\Local\\Programs\\Python\\Python310\\lib\\site-packages\\rest_framework\\generics.py\", line 243, in get", "    return self.list(request, *args, **kwargs)", "  File \"C:\\Users\\Rahul\\AppData\\Local\\Programs\\Python\\Python310\\lib\\site-packages\\rest_framework\\mixins.py\", line 43, in list", "    return self.get_paginated_response(serializer.data)", "  File \"C:\\Users\\Rahul\\AppData\\Local\\Programs\\Python\\Python310\\lib\\site-packages\\rest_framework\\serializers.py\", line 797, in data", "    ret = super().data", "  File \"C:\\Users\\Rahul\\AppData\\Local\\Programs\\Python\\Python310\\lib\\site-packages\\rest_framework\\serializers.py\", line 251, in data", "    self._data = self.to_representation(self.instance)", "  File \"C:\\Users\\Rahul\\AppData\\Local\\Programs\\Python\\Python310\\lib\\site-packages\\rest_framework\\serializers.py\", line 715, in to_representation", "    return [", "  File \"C:\\Users\\Rahul\\AppData\\Local\\Programs\\Python\\Python310\\lib\\site-packages\\rest_framework\\serializers.py\", line 716, in <listcomp>", "    self.child.to_representation(item) for item in iterable", "  File \"C:\\Users\\Rahul\\AppData\\Local\\Programs\\Python\\Python310\\lib\\site-packages\\rest_framework\\serializers.py\", line 525, in to_representation", "    for field in fields:", "  File \"C:\\Users\\Rahul\\AppData\\Local\\Programs\\Python\\Python310\\lib\\site-packages\\rest_framework\\serializers.py\", line 386, in _readable_fields", "    for field in self.fields.values():", "  File \"C:\\Users\\Rahul\\AppData\\Local\\Programs\\Python\\Python310\\lib\\site-packages\\django\\utils\\functional.py\", line 47, in __get__", "    res = instance.__dict__[self.name] = self.func(instance)", "  File \"C:\\Users\\Rahul\\AppData\\Local\\Programs\\Python\\Python310\\lib\\site-packages\\rest_framework\\serializers.py\", line 374, in fields", "    for key, value in self.get_fields().items():", "  File \"C:\\Users\\Rahul\\AppData\\Local\\Programs\\Python\\Python310\\lib\\site-packages\\rest_framework\\serializers.py\", line 1105, in get_fields", "    field_class, field_kwargs = self.build_field(", "  File \"C:\\Users\\Rahul\\AppData\\Local\\Programs\\Python\\Python310\\lib\\site-packages\\rest_framework\\serializers.py\", line 1251, in build_field", "    return self.build_unknown_field(field_name, model_class)", "  File \"C:\\Users\\Rahul\\AppData\\Local\\Programs\\Python\\Python310\\lib\\site-packages\\rest_framework\\serializers.py\", line 1369, in build_unknown_field", "    raise ImproperlyConfigured(", "django.core.exceptions.ImproperlyConfigured: Field name `profile_completion` is not valid for model `Athlete` in `apps.athletes.serializers.AthleteListSerializer`.", ""]}, "request": {"method": "GET", "path": "/api/athletes/", "ip": "127.0.0.1", "userAgent": "Mozilla/5.0 (Windows NT 10.0; Win64; x64; rv:142.0) Gecko/20100101 Firefox/142.0", "requestId": "59862973-cc40-4670-91b5-18a79e395010", "userId": 3}, "response": {"statusCode": 500}, "context": {"view": "AthleteListCreateView", "viewMethod": null}, "meta": {"service": "athletiq-django", "environment": "development"}}
Internal Server Error: /api/athletes/
{"level": "error", "message": "Exception: ImproperlyConfigured", "timestamp": "2025-08-22T19:38:32.000Z", "error": {"name": "ImproperlyConfigured", "message": "Field name `profile_completion` is not valid for model `Athlete` in `apps.athletes.serializers.AthleteListSerializer`.", "stack": ["Traceback (most recent call last):", "  File \"C:\\Users\\Rahul\\AppData\\Local\\Programs\\Python\\Python310\\lib\\site-packages\\rest_framework\\views.py\", line 512, in dispatch", "    response = handler(request, *args, **kwargs)", "  File \"C:\\Users\\Rahul\\AppData\\Local\\Programs\\Python\\Python310\\lib\\site-packages\\rest_framework\\generics.py\", line 243, in get", "    return self.list(request, *args, **kwargs)", "  File \"C:\\Users\\Rahul\\AppData\\Local\\Programs\\Python\\Python310\\lib\\site-packages\\rest_framework\\mixins.py\", line 43, in list", "    return self.get_paginated_response(serializer.data)", "  File \"C:\\Users\\Rahul\\AppData\\Local\\Programs\\Python\\Python310\\lib\\site-packages\\rest_framework\\serializers.py\", line 797, in data", "    ret = super().data", "  File \"C:\\Users\\Rahul\\AppData\\Local\\Programs\\Python\\Python310\\lib\\site-packages\\rest_framework\\serializers.py\", line 251, in data", "    self._data = self.to_representation(self.instance)", "  File \"C:\\Users\\Rahul\\AppData\\Local\\Programs\\Python\\Python310\\lib\\site-packages\\rest_framework\\serializers.py\", line 715, in to_representation", "    return [", "  File \"C:\\Users\\Rahul\\AppData\\Local\\Programs\\Python\\Python310\\lib\\site-packages\\rest_framework\\serializers.py\", line 716, in <listcomp>", "    self.child.to_representation(item) for item in iterable", "  File \"C:\\Users\\Rahul\\AppData\\Local\\Programs\\Python\\Python310\\lib\\site-packages\\rest_framework\\serializers.py\", line 525, in to_representation", "    for field in fields:", "  File \"C:\\Users\\Rahul\\AppData\\Local\\Programs\\Python\\Python310\\lib\\site-packages\\rest_framework\\serializers.py\", line 386, in _readable_fields", "    for field in self.fields.values():", "  File \"C:\\Users\\Rahul\\AppData\\Local\\Programs\\Python\\Python310\\lib\\site-packages\\django\\utils\\functional.py\", line 47, in __get__", "    res = instance.__dict__[self.name] = self.func(instance)", "  File \"C:\\Users\\Rahul\\AppData\\Local\\Programs\\Python\\Python310\\lib\\site-packages\\rest_framework\\serializers.py\", line 374, in fields", "    for key, value in self.get_fields().items():", "  File \"C:\\Users\\Rahul\\AppData\\Local\\Programs\\Python\\Python310\\lib\\site-packages\\rest_framework\\serializers.py\", line 1105, in get_fields", "    field_class, field_kwargs = self.build_field(", "  File \"C:\\Users\\Rahul\\AppData\\Local\\Programs\\Python\\Python310\\lib\\site-packages\\rest_framework\\serializers.py\", line 1251, in build_field", "    return self.build_unknown_field(field_name, model_class)", "  File \"C:\\Users\\Rahul\\AppData\\Local\\Programs\\Python\\Python310\\lib\\site-packages\\rest_framework\\serializers.py\", line 1369, in build_unknown_field", "    raise ImproperlyConfigured(", "django.core.exceptions.ImproperlyConfigured: Field name `profile_completion` is not valid for model `Athlete` in `apps.athletes.serializers.AthleteListSerializer`.", ""]}, "request": {"method": "GET", "path": "/api/athletes/", "ip": "127.0.0.1", "userAgent": "Mozilla/5.0 (Windows NT 10.0; Win64; x64; rv:142.0) Gecko/20100101 Firefox/142.0", "requestId": "b4fd870b-34d2-47e1-af4a-ea9c31991a46", "userId": 3}, "response": {"statusCode": 500}, "context": {"view": "AthleteListCreateView", "viewMethod": null}, "meta": {"service": "athletiq-django", "environment": "development"}}
Internal Server Error: /api/athletes/
{"level": "error", "message": "Exception: ImproperlyConfigured", "timestamp": "2025-08-22T19:38:35.000Z", "error": {"name": "ImproperlyConfigured", "message": "Field name `profile_completion` is not valid for model `Athlete` in `apps.athletes.serializers.AthleteListSerializer`.", "stack": ["Traceback (most recent call last):", "  File \"C:\\Users\\Rahul\\AppData\\Local\\Programs\\Python\\Python310\\lib\\site-packages\\rest_framework\\views.py\", line 512, in dispatch", "    response = handler(request, *args, **kwargs)", "  File \"C:\\Users\\Rahul\\AppData\\Local\\Programs\\Python\\Python310\\lib\\site-packages\\rest_framework\\generics.py\", line 243, in get", "    return self.list(request, *args, **kwargs)", "  File \"C:\\Users\\Rahul\\AppData\\Local\\Programs\\Python\\Python310\\lib\\site-packages\\rest_framework\\mixins.py\", line 43, in list", "    return self.get_paginated_response(serializer.data)", "  File \"C:\\Users\\Rahul\\AppData\\Local\\Programs\\Python\\Python310\\lib\\site-packages\\rest_framework\\serializers.py\", line 797, in data", "    ret = super().data", "  File \"C:\\Users\\Rahul\\AppData\\Local\\Programs\\Python\\Python310\\lib\\site-packages\\rest_framework\\serializers.py\", line 251, in data", "    self._data = self.to_representation(self.instance)", "  File \"C:\\Users\\Rahul\\AppData\\Local\\Programs\\Python\\Python310\\lib\\site-packages\\rest_framework\\serializers.py\", line 715, in to_representation", "    return [", "  File \"C:\\Users\\Rahul\\AppData\\Local\\Programs\\Python\\Python310\\lib\\site-packages\\rest_framework\\serializers.py\", line 716, in <listcomp>", "    self.child.to_representation(item) for item in iterable", "  File \"C:\\Users\\Rahul\\AppData\\Local\\Programs\\Python\\Python310\\lib\\site-packages\\rest_framework\\serializers.py\", line 525, in to_representation", "    for field in fields:", "  File \"C:\\Users\\Rahul\\AppData\\Local\\Programs\\Python\\Python310\\lib\\site-packages\\rest_framework\\serializers.py\", line 386, in _readable_fields", "    for field in self.fields.values():", "  File \"C:\\Users\\Rahul\\AppData\\Local\\Programs\\Python\\Python310\\lib\\site-packages\\django\\utils\\functional.py\", line 47, in __get__", "    res = instance.__dict__[self.name] = self.func(instance)", "  File \"C:\\Users\\Rahul\\AppData\\Local\\Programs\\Python\\Python310\\lib\\site-packages\\rest_framework\\serializers.py\", line 374, in fields", "    for key, value in self.get_fields().items():", "  File \"C:\\Users\\Rahul\\AppData\\Local\\Programs\\Python\\Python310\\lib\\site-packages\\rest_framework\\serializers.py\", line 1105, in get_fields", "    field_class, field_kwargs = self.build_field(", "  File \"C:\\Users\\Rahul\\AppData\\Local\\Programs\\Python\\Python310\\lib\\site-packages\\rest_framework\\serializers.py\", line 1251, in build_field", "    return self.build_unknown_field(field_name, model_class)", "  File \"C:\\Users\\Rahul\\AppData\\Local\\Programs\\Python\\Python310\\lib\\site-packages\\rest_framework\\serializers.py\", line 1369, in build_unknown_field", "    raise ImproperlyConfigured(", "django.core.exceptions.ImproperlyConfigured: Field name `profile_completion` is not valid for model `Athlete` in `apps.athletes.serializers.AthleteListSerializer`.", ""]}, "request": {"method": "GET", "path": "/api/athletes/", "ip": "127.0.0.1", "userAgent": "Mozilla/5.0 (Windows NT 10.0; Win64; x64; rv:142.0) Gecko/20100101 Firefox/142.0", "requestId": "996c8ba1-a4fc-4ee1-a30b-adc598b318d4", "userId": 3}, "response": {"statusCode": 500}, "context": {"view": "AthleteListCreateView", "viewMethod": null}, "meta": {"service": "athletiq-django", "environment": "development"}}
Internal Server Error: /api/athletes/
{"level": "error", "message": "Exception: ImproperlyConfigured", "timestamp": "2025-08-22T19:38:38.000Z", "error": {"name": "ImproperlyConfigured", "message": "Field name `profile_completion` is not valid for model `Athlete` in `apps.athletes.serializers.AthleteListSerializer`.", "stack": ["Traceback (most recent call last):", "  File \"C:\\Users\\Rahul\\AppData\\Local\\Programs\\Python\\Python310\\lib\\site-packages\\rest_framework\\views.py\", line 512, in dispatch", "    response = handler(request, *args, **kwargs)", "  File \"C:\\Users\\Rahul\\AppData\\Local\\Programs\\Python\\Python310\\lib\\site-packages\\rest_framework\\generics.py\", line 243, in get", "    return self.list(request, *args, **kwargs)", "  File \"C:\\Users\\Rahul\\AppData\\Local\\Programs\\Python\\Python310\\lib\\site-packages\\rest_framework\\mixins.py\", line 43, in list", "    return self.get_paginated_response(serializer.data)", "  File \"C:\\Users\\Rahul\\AppData\\Local\\Programs\\Python\\Python310\\lib\\site-packages\\rest_framework\\serializers.py\", line 797, in data", "    ret = super().data", "  File \"C:\\Users\\Rahul\\AppData\\Local\\Programs\\Python\\Python310\\lib\\site-packages\\rest_framework\\serializers.py\", line 251, in data", "    self._data = self.to_representation(self.instance)", "  File \"C:\\Users\\Rahul\\AppData\\Local\\Programs\\Python\\Python310\\lib\\site-packages\\rest_framework\\serializers.py\", line 715, in to_representation", "    return [", "  File \"C:\\Users\\Rahul\\AppData\\Local\\Programs\\Python\\Python310\\lib\\site-packages\\rest_framework\\serializers.py\", line 716, in <listcomp>", "    self.child.to_representation(item) for item in iterable", "  File \"C:\\Users\\Rahul\\AppData\\Local\\Programs\\Python\\Python310\\lib\\site-packages\\rest_framework\\serializers.py\", line 525, in to_representation", "    for field in fields:", "  File \"C:\\Users\\Rahul\\AppData\\Local\\Programs\\Python\\Python310\\lib\\site-packages\\rest_framework\\serializers.py\", line 386, in _readable_fields", "    for field in self.fields.values():", "  File \"C:\\Users\\Rahul\\AppData\\Local\\Programs\\Python\\Python310\\lib\\site-packages\\django\\utils\\functional.py\", line 47, in __get__", "    res = instance.__dict__[self.name] = self.func(instance)", "  File \"C:\\Users\\Rahul\\AppData\\Local\\Programs\\Python\\Python310\\lib\\site-packages\\rest_framework\\serializers.py\", line 374, in fields", "    for key, value in self.get_fields().items():", "  File \"C:\\Users\\Rahul\\AppData\\Local\\Programs\\Python\\Python310\\lib\\site-packages\\rest_framework\\serializers.py\", line 1105, in get_fields", "    field_class, field_kwargs = self.build_field(", "  File \"C:\\Users\\Rahul\\AppData\\Local\\Programs\\Python\\Python310\\lib\\site-packages\\rest_framework\\serializers.py\", line 1251, in build_field", "    return self.build_unknown_field(field_name, model_class)", "  File \"C:\\Users\\Rahul\\AppData\\Local\\Programs\\Python\\Python310\\lib\\site-packages\\rest_framework\\serializers.py\", line 1369, in build_unknown_field", "    raise ImproperlyConfigured(", "django.core.exceptions.ImproperlyConfigured: Field name `profile_completion` is not valid for model `Athlete` in `apps.athletes.serializers.AthleteListSerializer`.", ""]}, "request": {"method": "GET", "path": "/api/athletes/", "ip": "127.0.0.1", "userAgent": "Mozilla/5.0 (Windows NT 10.0; Win64; x64; rv:142.0) Gecko/20100101 Firefox/142.0", "requestId": "ac0f6eb4-3078-44d4-a595-51b14cf6e667", "userId": 3}, "response": {"statusCode": 500}, "context": {"view": "AthleteListCreateView", "viewMethod": null}, "meta": {"service": "athletiq-django", "environment": "development"}}
Internal Server Error: /api/athletes/
{"level": "error", "message": "Exception: AssertionError", "timestamp": "2025-08-22T19:39:01.000Z", "error": {"name": "AssertionError", "message": "The field 'display_name' was declared on serializer AthleteListSerializer, but has not been included in the 'fields' option.", "stack": ["Traceback (most recent call last):", "  File \"C:\\Users\\Rahul\\AppData\\Local\\Programs\\Python\\Python310\\lib\\site-packages\\rest_framework\\views.py\", line 512, in dispatch", "    response = handler(request, *args, **kwargs)", "  File \"C:\\Users\\Rahul\\AppData\\Local\\Programs\\Python\\Python310\\lib\\site-packages\\rest_framework\\generics.py\", line 243, in get", "    return self.list(request, *args, **kwargs)", "  File \"C:\\Users\\Rahul\\AppData\\Local\\Programs\\Python\\Python310\\lib\\site-packages\\rest_framework\\mixins.py\", line 43, in list", "    return self.get_paginated_response(serializer.data)", "  File \"C:\\Users\\Rahul\\AppData\\Local\\Programs\\Python\\Python310\\lib\\site-packages\\rest_framework\\serializers.py\", line 797, in data", "    ret = super().data", "  File \"C:\\Users\\Rahul\\AppData\\Local\\Programs\\Python\\Python310\\lib\\site-packages\\rest_framework\\serializers.py\", line 251, in data", "    self._data = self.to_representation(self.instance)", "  File \"C:\\Users\\Rahul\\AppData\\Local\\Programs\\Python\\Python310\\lib\\site-packages\\rest_framework\\serializers.py\", line 715, in to_representation", "    return [", "  File \"C:\\Users\\Rahul\\AppData\\Local\\Programs\\Python\\Python310\\lib\\site-packages\\rest_framework\\serializers.py\", line 716, in <listcomp>", "    self.child.to_representation(item) for item in iterable", "  File \"C:\\Users\\Rahul\\AppData\\Local\\Programs\\Python\\Python310\\lib\\site-packages\\rest_framework\\serializers.py\", line 525, in to_representation", "    for field in fields:", "  File \"C:\\Users\\Rahul\\AppData\\Local\\Programs\\Python\\Python310\\lib\\site-packages\\rest_framework\\serializers.py\", line 386, in _readable_fields", "    for field in self.fields.values():", "  File \"C:\\Users\\Rahul\\AppData\\Local\\Programs\\Python\\Python310\\lib\\site-packages\\django\\utils\\functional.py\", line 47, in __get__", "    res = instance.__dict__[self.name] = self.func(instance)", "  File \"C:\\Users\\Rahul\\AppData\\Local\\Programs\\Python\\Python310\\lib\\site-packages\\rest_framework\\serializers.py\", line 374, in fields", "    for key, value in self.get_fields().items():", "  File \"C:\\Users\\Rahul\\AppData\\Local\\Programs\\Python\\Python310\\lib\\site-packages\\rest_framework\\serializers.py\", line 1081, in get_fields", "    field_names = self.get_field_names(declared_fields, info)", "  File \"C:\\Users\\Rahul\\AppData\\Local\\Programs\\Python\\Python310\\lib\\site-packages\\rest_framework\\serializers.py\", line 1177, in get_field_names", "    assert field_name in fields, (", "AssertionError: The field 'display_name' was declared on serializer AthleteListSerializer, but has not been included in the 'fields' option.", ""]}, "request": {"method": "GET", "path": "/api/athletes/", "ip": "127.0.0.1", "userAgent": "Mozilla/5.0 (Windows NT 10.0; Win64; x64; rv:142.0) Gecko/20100101 Firefox/142.0", "requestId": "a4260618-0b7c-48da-ae2c-2b698c236f2f", "userId": 3}, "response": {"statusCode": 500}, "context": {"view": "AthleteListCreateView", "viewMethod": null}, "meta": {"service": "athletiq-django", "environment": "development"}}
Internal Server Error: /api/athletes/
{"level": "error", "message": "Exception: AssertionError", "timestamp": "2025-08-22T19:39:03.000Z", "error": {"name": "AssertionError", "message": "The field 'display_name' was declared on serializer AthleteListSerializer, but has not been included in the 'fields' option.", "stack": ["Traceback (most recent call last):", "  File \"C:\\Users\\Rahul\\AppData\\Local\\Programs\\Python\\Python310\\lib\\site-packages\\rest_framework\\views.py\", line 512, in dispatch", "    response = handler(request, *args, **kwargs)", "  File \"C:\\Users\\Rahul\\AppData\\Local\\Programs\\Python\\Python310\\lib\\site-packages\\rest_framework\\generics.py\", line 243, in get", "    return self.list(request, *args, **kwargs)", "  File \"C:\\Users\\Rahul\\AppData\\Local\\Programs\\Python\\Python310\\lib\\site-packages\\rest_framework\\mixins.py\", line 43, in list", "    return self.get_paginated_response(serializer.data)", "  File \"C:\\Users\\Rahul\\AppData\\Local\\Programs\\Python\\Python310\\lib\\site-packages\\rest_framework\\serializers.py\", line 797, in data", "    ret = super().data", "  File \"C:\\Users\\Rahul\\AppData\\Local\\Programs\\Python\\Python310\\lib\\site-packages\\rest_framework\\serializers.py\", line 251, in data", "    self._data = self.to_representation(self.instance)", "  File \"C:\\Users\\Rahul\\AppData\\Local\\Programs\\Python\\Python310\\lib\\site-packages\\rest_framework\\serializers.py\", line 715, in to_representation", "    return [", "  File \"C:\\Users\\Rahul\\AppData\\Local\\Programs\\Python\\Python310\\lib\\site-packages\\rest_framework\\serializers.py\", line 716, in <listcomp>", "    self.child.to_representation(item) for item in iterable", "  File \"C:\\Users\\Rahul\\AppData\\Local\\Programs\\Python\\Python310\\lib\\site-packages\\rest_framework\\serializers.py\", line 525, in to_representation", "    for field in fields:", "  File \"C:\\Users\\Rahul\\AppData\\Local\\Programs\\Python\\Python310\\lib\\site-packages\\rest_framework\\serializers.py\", line 386, in _readable_fields", "    for field in self.fields.values():", "  File \"C:\\Users\\Rahul\\AppData\\Local\\Programs\\Python\\Python310\\lib\\site-packages\\django\\utils\\functional.py\", line 47, in __get__", "    res = instance.__dict__[self.name] = self.func(instance)", "  File \"C:\\Users\\Rahul\\AppData\\Local\\Programs\\Python\\Python310\\lib\\site-packages\\rest_framework\\serializers.py\", line 374, in fields", "    for key, value in self.get_fields().items():", "  File \"C:\\Users\\Rahul\\AppData\\Local\\Programs\\Python\\Python310\\lib\\site-packages\\rest_framework\\serializers.py\", line 1081, in get_fields", "    field_names = self.get_field_names(declared_fields, info)", "  File \"C:\\Users\\Rahul\\AppData\\Local\\Programs\\Python\\Python310\\lib\\site-packages\\rest_framework\\serializers.py\", line 1177, in get_field_names", "    assert field_name in fields, (", "AssertionError: The field 'display_name' was declared on serializer AthleteListSerializer, but has not been included in the 'fields' option.", ""]}, "request": {"method": "GET", "path": "/api/athletes/", "ip": "127.0.0.1", "userAgent": "Mozilla/5.0 (Windows NT 10.0; Win64; x64; rv:142.0) Gecko/20100101 Firefox/142.0", "requestId": "c1358ec4-0d88-496c-8f6b-5e60b448c197", "userId": 3}, "response": {"statusCode": 500}, "context": {"view": "AthleteListCreateView", "viewMethod": null}, "meta": {"service": "athletiq-django", "environment": "development"}}
Internal Server Error: /api/athletes/
{"level": "error", "message": "Exception: AssertionError", "timestamp": "2025-08-22T19:39:04.000Z", "error": {"name": "AssertionError", "message": "The field 'display_name' was declared on serializer AthleteListSerializer, but has not been included in the 'fields' option.", "stack": ["Traceback (most recent call last):", "  File \"C:\\Users\\Rahul\\AppData\\Local\\Programs\\Python\\Python310\\lib\\site-packages\\rest_framework\\views.py\", line 512, in dispatch", "    response = handler(request, *args, **kwargs)", "  File \"C:\\Users\\Rahul\\AppData\\Local\\Programs\\Python\\Python310\\lib\\site-packages\\rest_framework\\generics.py\", line 243, in get", "    return self.list(request, *args, **kwargs)", "  File \"C:\\Users\\Rahul\\AppData\\Local\\Programs\\Python\\Python310\\lib\\site-packages\\rest_framework\\mixins.py\", line 43, in list", "    return self.get_paginated_response(serializer.data)", "  File \"C:\\Users\\Rahul\\AppData\\Local\\Programs\\Python\\Python310\\lib\\site-packages\\rest_framework\\serializers.py\", line 797, in data", "    ret = super().data", "  File \"C:\\Users\\Rahul\\AppData\\Local\\Programs\\Python\\Python310\\lib\\site-packages\\rest_framework\\serializers.py\", line 251, in data", "    self._data = self.to_representation(self.instance)", "  File \"C:\\Users\\Rahul\\AppData\\Local\\Programs\\Python\\Python310\\lib\\site-packages\\rest_framework\\serializers.py\", line 715, in to_representation", "    return [", "  File \"C:\\Users\\Rahul\\AppData\\Local\\Programs\\Python\\Python310\\lib\\site-packages\\rest_framework\\serializers.py\", line 716, in <listcomp>", "    self.child.to_representation(item) for item in iterable", "  File \"C:\\Users\\Rahul\\AppData\\Local\\Programs\\Python\\Python310\\lib\\site-packages\\rest_framework\\serializers.py\", line 525, in to_representation", "    for field in fields:", "  File \"C:\\Users\\Rahul\\AppData\\Local\\Programs\\Python\\Python310\\lib\\site-packages\\rest_framework\\serializers.py\", line 386, in _readable_fields", "    for field in self.fields.values():", "  File \"C:\\Users\\Rahul\\AppData\\Local\\Programs\\Python\\Python310\\lib\\site-packages\\django\\utils\\functional.py\", line 47, in __get__", "    res = instance.__dict__[self.name] = self.func(instance)", "  File \"C:\\Users\\Rahul\\AppData\\Local\\Programs\\Python\\Python310\\lib\\site-packages\\rest_framework\\serializers.py\", line 374, in fields", "    for key, value in self.get_fields().items():", "  File \"C:\\Users\\Rahul\\AppData\\Local\\Programs\\Python\\Python310\\lib\\site-packages\\rest_framework\\serializers.py\", line 1081, in get_fields", "    field_names = self.get_field_names(declared_fields, info)", "  File \"C:\\Users\\Rahul\\AppData\\Local\\Programs\\Python\\Python310\\lib\\site-packages\\rest_framework\\serializers.py\", line 1177, in get_field_names", "    assert field_name in fields, (", "AssertionError: The field 'display_name' was declared on serializer AthleteListSerializer, but has not been included in the 'fields' option.", ""]}, "request": {"method": "GET", "path": "/api/athletes/", "ip": "127.0.0.1", "userAgent": "Mozilla/5.0 (Windows NT 10.0; Win64; x64; rv:142.0) Gecko/20100101 Firefox/142.0", "requestId": "67c8430b-ed7e-4da8-92e6-7f313791faf5", "userId": 3}, "response": {"statusCode": 500}, "context": {"view": "AthleteListCreateView", "viewMethod": null}, "meta": {"service": "athletiq-django", "environment": "development"}}
Internal Server Error: /api/athletes/
{"level": "error", "message": "Exception: AssertionError", "timestamp": "2025-08-22T19:39:07.000Z", "error": {"name": "AssertionError", "message": "The field 'display_name' was declared on serializer AthleteListSerializer, but has not been included in the 'fields' option.", "stack": ["Traceback (most recent call last):", "  File \"C:\\Users\\Rahul\\AppData\\Local\\Programs\\Python\\Python310\\lib\\site-packages\\rest_framework\\views.py\", line 512, in dispatch", "    response = handler(request, *args, **kwargs)", "  File \"C:\\Users\\Rahul\\AppData\\Local\\Programs\\Python\\Python310\\lib\\site-packages\\rest_framework\\generics.py\", line 243, in get", "    return self.list(request, *args, **kwargs)", "  File \"C:\\Users\\Rahul\\AppData\\Local\\Programs\\Python\\Python310\\lib\\site-packages\\rest_framework\\mixins.py\", line 43, in list", "    return self.get_paginated_response(serializer.data)", "  File \"C:\\Users\\Rahul\\AppData\\Local\\Programs\\Python\\Python310\\lib\\site-packages\\rest_framework\\serializers.py\", line 797, in data", "    ret = super().data", "  File \"C:\\Users\\Rahul\\AppData\\Local\\Programs\\Python\\Python310\\lib\\site-packages\\rest_framework\\serializers.py\", line 251, in data", "    self._data = self.to_representation(self.instance)", "  File \"C:\\Users\\Rahul\\AppData\\Local\\Programs\\Python\\Python310\\lib\\site-packages\\rest_framework\\serializers.py\", line 715, in to_representation", "    return [", "  File \"C:\\Users\\Rahul\\AppData\\Local\\Programs\\Python\\Python310\\lib\\site-packages\\rest_framework\\serializers.py\", line 716, in <listcomp>", "    self.child.to_representation(item) for item in iterable", "  File \"C:\\Users\\Rahul\\AppData\\Local\\Programs\\Python\\Python310\\lib\\site-packages\\rest_framework\\serializers.py\", line 525, in to_representation", "    for field in fields:", "  File \"C:\\Users\\Rahul\\AppData\\Local\\Programs\\Python\\Python310\\lib\\site-packages\\rest_framework\\serializers.py\", line 386, in _readable_fields", "    for field in self.fields.values():", "  File \"C:\\Users\\Rahul\\AppData\\Local\\Programs\\Python\\Python310\\lib\\site-packages\\django\\utils\\functional.py\", line 47, in __get__", "    res = instance.__dict__[self.name] = self.func(instance)", "  File \"C:\\Users\\Rahul\\AppData\\Local\\Programs\\Python\\Python310\\lib\\site-packages\\rest_framework\\serializers.py\", line 374, in fields", "    for key, value in self.get_fields().items():", "  File \"C:\\Users\\Rahul\\AppData\\Local\\Programs\\Python\\Python310\\lib\\site-packages\\rest_framework\\serializers.py\", line 1081, in get_fields", "    field_names = self.get_field_names(declared_fields, info)", "  File \"C:\\Users\\Rahul\\AppData\\Local\\Programs\\Python\\Python310\\lib\\site-packages\\rest_framework\\serializers.py\", line 1177, in get_field_names", "    assert field_name in fields, (", "AssertionError: The field 'display_name' was declared on serializer AthleteListSerializer, but has not been included in the 'fields' option.", ""]}, "request": {"method": "GET", "path": "/api/athletes/", "ip": "127.0.0.1", "userAgent": "Mozilla/5.0 (Windows NT 10.0; Win64; x64; rv:142.0) Gecko/20100101 Firefox/142.0", "requestId": "dc90c5da-2f24-4308-b6f3-176c56354495", "userId": 3}, "response": {"statusCode": 500}, "context": {"view": "AthleteListCreateView", "viewMethod": null}, "meta": {"service": "athletiq-django", "environment": "development"}}
Internal Server Error: /api/athletes/
{"level": "error", "message": "Exception: FieldError", "timestamp": "2025-08-22T19:43:17.000Z", "error": {"name": "FieldError", "message": "Cannot resolve keyword 'id' into field. Choices are: address, admin_user, admin_user_id, athletes, city, country, created_at, district, document, email, houses, is_active, name, notifications, onboarding_status, phone, principal_name, province, school_code, school_id, staff, updated_at, ward, website", "stack": ["Traceback (most recent call last):", "  File \"C:\\Users\\Rahul\\AppData\\Local\\Programs\\Python\\Python310\\lib\\site-packages\\rest_framework\\views.py\", line 512, in dispatch", "    response = handler(request, *args, **kwargs)", "  File \"C:\\Users\\Rahul\\AppData\\Local\\Programs\\Python\\Python310\\lib\\site-packages\\rest_framework\\decorators.py\", line 50, in handler", "    return func(*args, **kwargs)", "  File \"C:\\Users\\Rahul\\OneDrive\\Desktop\\atheletiq\\Athletiq\\athletiq_django\\apps\\common\\views.py\", line 49, in health_stats_view", "    'schools_by_region': dict(School.objects.values_list('district').annotate(count=Count('id'))),", "  File \"C:\\Users\\Rahul\\AppData\\Local\\Programs\\Python\\Python310\\lib\\site-packages\\django\\db\\models\\query.py\", line 1649, in annotate", "    return self._annotate(args, kwargs, select=True)", "  File \"C:\\Users\\Rahul\\AppData\\Local\\Programs\\Python\\Python310\\lib\\site-packages\\django\\db\\models\\query.py\", line 1701, in _annotate", "    clone.query.add_annotation(", "  File \"C:\\Users\\Rahul\\AppData\\Local\\Programs\\Python\\Python310\\lib\\site-packages\\django\\db\\models\\sql\\query.py\", line 1218, in add_annotation", "    annotation = annotation.resolve_expression(self, allow_joins=True, reuse=None)", "  File \"C:\\Users\\Rahul\\AppData\\Local\\Programs\\Python\\Python310\\lib\\site-packages\\django\\db\\models\\aggregates.py\", line 176, in resolve_expression", "    result = super().resolve_expression(*args, **kwargs)", "  File \"C:\\Users\\Rahul\\AppData\\Local\\Programs\\Python\\Python310\\lib\\site-packages\\django\\db\\models\\aggregates.py\", line 63, in resolve_expression", "    c = super().resolve_expression(query, allow_joins, reuse, summarize)", "  File \"C:\\Users\\Rahul\\AppData\\Local\\Programs\\Python\\Python310\\lib\\site-packages\\django\\db\\models\\expressions.py\", line 298, in resolve_expression", "    source_expressions = [", "  File \"C:\\Users\\Rahul\\AppData\\Local\\Programs\\Python\\Python310\\lib\\site-packages\\django\\db\\models\\expressions.py\", line 300, in <listcomp>", "    expr.resolve_expression(query, allow_joins, reuse, summarize, for_save)", "  File \"C:\\Users\\Rahul\\AppData\\Local\\Programs\\Python\\Python310\\lib\\site-packages\\django\\db\\models\\expressions.py\", line 902, in resolve_expression", "    return query.resolve_ref(self.name, allow_joins, reuse, summarize)", "  File \"C:\\Users\\Rahul\\AppData\\Local\\Programs\\Python\\Python310\\lib\\site-packages\\django\\db\\models\\sql\\query.py\", line 2049, in resolve_ref", "    join_info = self.setup_joins(", "  File \"C:\\Users\\Rahul\\AppData\\Local\\Programs\\Python\\Python310\\lib\\site-packages\\django\\db\\models\\sql\\query.py\", line 1900, in setup_joins", "    path, final_field, targets, rest = self.names_to_path(", "  File \"C:\\Users\\Rahul\\AppData\\Local\\Programs\\Python\\Python310\\lib\\site-packages\\django\\db\\models\\sql\\query.py\", line 1805, in names_to_path", "    raise FieldError(", "django.core.exceptions.FieldError: Cannot resolve keyword 'id' into field. Choices are: address, admin_user, admin_user_id, athletes, city, country, created_at, district, document, email, houses, is_active, name, notifications, onboarding_status, phone, principal_name, province, school_code, school_id, staff, updated_at, ward, website", ""]}, "request": {"method": "GET", "path": "/api/health/stats/", "ip": "127.0.0.1", "userAgent": "Mozilla/5.0 (Windows NT 10.0; Win64; x64; rv:142.0) Gecko/20100101 Firefox/142.0", "requestId": "d8339948-9f93-4fd6-ab0f-3b50bb40a04d", "userId": 3}, "response": {"statusCode": 500}, "context": {"view": "health_stats_view", "viewMethod": null}, "meta": {"service": "athletiq-django", "environment": "development"}}
Internal Server Error: /api/health/stats/
{"level": "error", "message": "Exception: FieldError", "timestamp": "2025-08-22T19:43:19.000Z", "error": {"name": "FieldError", "message": "Cannot resolve keyword 'id' into field. Choices are: address, admin_user, admin_user_id, athletes, city, country, created_at, district, document, email, houses, is_active, name, notifications, onboarding_status, phone, principal_name, province, school_code, school_id, staff, updated_at, ward, website", "stack": ["Traceback (most recent call last):", "  File \"C:\\Users\\Rahul\\AppData\\Local\\Programs\\Python\\Python310\\lib\\site-packages\\rest_framework\\views.py\", line 512, in dispatch", "    response = handler(request, *args, **kwargs)", "  File \"C:\\Users\\Rahul\\AppData\\Local\\Programs\\Python\\Python310\\lib\\site-packages\\rest_framework\\decorators.py\", line 50, in handler", "    return func(*args, **kwargs)", "  File \"C:\\Users\\Rahul\\OneDrive\\Desktop\\atheletiq\\Athletiq\\athletiq_django\\apps\\common\\views.py\", line 49, in health_stats_view", "    'schools_by_region': dict(School.objects.values_list('district').annotate(count=Count('id'))),", "  File \"C:\\Users\\Rahul\\AppData\\Local\\Programs\\Python\\Python310\\lib\\site-packages\\django\\db\\models\\query.py\", line 1649, in annotate", "    return self._annotate(args, kwargs, select=True)", "  File \"C:\\Users\\Rahul\\AppData\\Local\\Programs\\Python\\Python310\\lib\\site-packages\\django\\db\\models\\query.py\", line 1701, in _annotate", "    clone.query.add_annotation(", "  File \"C:\\Users\\Rahul\\AppData\\Local\\Programs\\Python\\Python310\\lib\\site-packages\\django\\db\\models\\sql\\query.py\", line 1218, in add_annotation", "    annotation = annotation.resolve_expression(self, allow_joins=True, reuse=None)", "  File \"C:\\Users\\Rahul\\AppData\\Local\\Programs\\Python\\Python310\\lib\\site-packages\\django\\db\\models\\aggregates.py\", line 176, in resolve_expression", "    result = super().resolve_expression(*args, **kwargs)", "  File \"C:\\Users\\Rahul\\AppData\\Local\\Programs\\Python\\Python310\\lib\\site-packages\\django\\db\\models\\aggregates.py\", line 63, in resolve_expression", "    c = super().resolve_expression(query, allow_joins, reuse, summarize)", "  File \"C:\\Users\\Rahul\\AppData\\Local\\Programs\\Python\\Python310\\lib\\site-packages\\django\\db\\models\\expressions.py\", line 298, in resolve_expression", "    source_expressions = [", "  File \"C:\\Users\\Rahul\\AppData\\Local\\Programs\\Python\\Python310\\lib\\site-packages\\django\\db\\models\\expressions.py\", line 300, in <listcomp>", "    expr.resolve_expression(query, allow_joins, reuse, summarize, for_save)", "  File \"C:\\Users\\Rahul\\AppData\\Local\\Programs\\Python\\Python310\\lib\\site-packages\\django\\db\\models\\expressions.py\", line 902, in resolve_expression", "    return query.resolve_ref(self.name, allow_joins, reuse, summarize)", "  File \"C:\\Users\\Rahul\\AppData\\Local\\Programs\\Python\\Python310\\lib\\site-packages\\django\\db\\models\\sql\\query.py\", line 2049, in resolve_ref", "    join_info = self.setup_joins(", "  File \"C:\\Users\\Rahul\\AppData\\Local\\Programs\\Python\\Python310\\lib\\site-packages\\django\\db\\models\\sql\\query.py\", line 1900, in setup_joins", "    path, final_field, targets, rest = self.names_to_path(", "  File \"C:\\Users\\Rahul\\AppData\\Local\\Programs\\Python\\Python310\\lib\\site-packages\\django\\db\\models\\sql\\query.py\", line 1805, in names_to_path", "    raise FieldError(", "django.core.exceptions.FieldError: Cannot resolve keyword 'id' into field. Choices are: address, admin_user, admin_user_id, athletes, city, country, created_at, district, document, email, houses, is_active, name, notifications, onboarding_status, phone, principal_name, province, school_code, school_id, staff, updated_at, ward, website", ""]}, "request": {"method": "GET", "path": "/api/health/stats/", "ip": "127.0.0.1", "userAgent": "Mozilla/5.0 (Windows NT 10.0; Win64; x64; rv:142.0) Gecko/20100101 Firefox/142.0", "requestId": "f604a8ad-a55a-4fb6-8918-5f617b051aea", "userId": 3}, "response": {"statusCode": 500}, "context": {"view": "health_stats_view", "viewMethod": null}, "meta": {"service": "athletiq-django", "environment": "development"}}
Internal Server Error: /api/health/stats/
{"level": "error", "message": "Exception: FieldError", "timestamp": "2025-08-22T19:43:20.000Z", "error": {"name": "FieldError", "message": "Cannot resolve keyword 'id' into field. Choices are: address, admin_user, admin_user_id, athletes, city, country, created_at, district, document, email, houses, is_active, name, notifications, onboarding_status, phone, principal_name, province, school_code, school_id, staff, updated_at, ward, website", "stack": ["Traceback (most recent call last):", "  File \"C:\\Users\\Rahul\\AppData\\Local\\Programs\\Python\\Python310\\lib\\site-packages\\rest_framework\\views.py\", line 512, in dispatch", "    response = handler(request, *args, **kwargs)", "  File \"C:\\Users\\Rahul\\AppData\\Local\\Programs\\Python\\Python310\\lib\\site-packages\\rest_framework\\decorators.py\", line 50, in handler", "    return func(*args, **kwargs)", "  File \"C:\\Users\\Rahul\\OneDrive\\Desktop\\atheletiq\\Athletiq\\athletiq_django\\apps\\common\\views.py\", line 49, in health_stats_view", "    'schools_by_region': dict(School.objects.values_list('district').annotate(count=Count('id'))),", "  File \"C:\\Users\\Rahul\\AppData\\Local\\Programs\\Python\\Python310\\lib\\site-packages\\django\\db\\models\\query.py\", line 1649, in annotate", "    return self._annotate(args, kwargs, select=True)", "  File \"C:\\Users\\Rahul\\AppData\\Local\\Programs\\Python\\Python310\\lib\\site-packages\\django\\db\\models\\query.py\", line 1701, in _annotate", "    clone.query.add_annotation(", "  File \"C:\\Users\\Rahul\\AppData\\Local\\Programs\\Python\\Python310\\lib\\site-packages\\django\\db\\models\\sql\\query.py\", line 1218, in add_annotation", "    annotation = annotation.resolve_expression(self, allow_joins=True, reuse=None)", "  File \"C:\\Users\\Rahul\\AppData\\Local\\Programs\\Python\\Python310\\lib\\site-packages\\django\\db\\models\\aggregates.py\", line 176, in resolve_expression", "    result = super().resolve_expression(*args, **kwargs)", "  File \"C:\\Users\\Rahul\\AppData\\Local\\Programs\\Python\\Python310\\lib\\site-packages\\django\\db\\models\\aggregates.py\", line 63, in resolve_expression", "    c = super().resolve_expression(query, allow_joins, reuse, summarize)", "  File \"C:\\Users\\Rahul\\AppData\\Local\\Programs\\Python\\Python310\\lib\\site-packages\\django\\db\\models\\expressions.py\", line 298, in resolve_expression", "    source_expressions = [", "  File \"C:\\Users\\Rahul\\AppData\\Local\\Programs\\Python\\Python310\\lib\\site-packages\\django\\db\\models\\expressions.py\", line 300, in <listcomp>", "    expr.resolve_expression(query, allow_joins, reuse, summarize, for_save)", "  File \"C:\\Users\\Rahul\\AppData\\Local\\Programs\\Python\\Python310\\lib\\site-packages\\django\\db\\models\\expressions.py\", line 902, in resolve_expression", "    return query.resolve_ref(self.name, allow_joins, reuse, summarize)", "  File \"C:\\Users\\Rahul\\AppData\\Local\\Programs\\Python\\Python310\\lib\\site-packages\\django\\db\\models\\sql\\query.py\", line 2049, in resolve_ref", "    join_info = self.setup_joins(", "  File \"C:\\Users\\Rahul\\AppData\\Local\\Programs\\Python\\Python310\\lib\\site-packages\\django\\db\\models\\sql\\query.py\", line 1900, in setup_joins", "    path, final_field, targets, rest = self.names_to_path(", "  File \"C:\\Users\\Rahul\\AppData\\Local\\Programs\\Python\\Python310\\lib\\site-packages\\django\\db\\models\\sql\\query.py\", line 1805, in names_to_path", "    raise FieldError(", "django.core.exceptions.FieldError: Cannot resolve keyword 'id' into field. Choices are: address, admin_user, admin_user_id, athletes, city, country, created_at, district, document, email, houses, is_active, name, notifications, onboarding_status, phone, principal_name, province, school_code, school_id, staff, updated_at, ward, website", ""]}, "request": {"method": "GET", "path": "/api/health/stats/", "ip": "127.0.0.1", "userAgent": "Mozilla/5.0 (Windows NT 10.0; Win64; x64; rv:142.0) Gecko/20100101 Firefox/142.0", "requestId": "c78b4bf3-f98d-46a6-ac03-04e74460e5cc", "userId": 3}, "response": {"statusCode": 500}, "context": {"view": "health_stats_view", "viewMethod": null}, "meta": {"service": "athletiq-django", "environment": "development"}}
Internal Server Error: /api/health/stats/
{"level": "error", "message": "Exception: FieldError", "timestamp": "2025-08-22T19:43:22.000Z", "error": {"name": "FieldError", "message": "Cannot resolve keyword 'id' into field. Choices are: address, admin_user, admin_user_id, athletes, city, country, created_at, district, document, email, houses, is_active, name, notifications, onboarding_status, phone, principal_name, province, school_code, school_id, staff, updated_at, ward, website", "stack": ["Traceback (most recent call last):", "  File \"C:\\Users\\Rahul\\AppData\\Local\\Programs\\Python\\Python310\\lib\\site-packages\\rest_framework\\views.py\", line 512, in dispatch", "    response = handler(request, *args, **kwargs)", "  File \"C:\\Users\\Rahul\\AppData\\Local\\Programs\\Python\\Python310\\lib\\site-packages\\rest_framework\\decorators.py\", line 50, in handler", "    return func(*args, **kwargs)", "  File \"C:\\Users\\Rahul\\OneDrive\\Desktop\\atheletiq\\Athletiq\\athletiq_django\\apps\\common\\views.py\", line 49, in health_stats_view", "    'schools_by_region': dict(School.objects.values_list('district').annotate(count=Count('id'))),", "  File \"C:\\Users\\Rahul\\AppData\\Local\\Programs\\Python\\Python310\\lib\\site-packages\\django\\db\\models\\query.py\", line 1649, in annotate", "    return self._annotate(args, kwargs, select=True)", "  File \"C:\\Users\\Rahul\\AppData\\Local\\Programs\\Python\\Python310\\lib\\site-packages\\django\\db\\models\\query.py\", line 1701, in _annotate", "    clone.query.add_annotation(", "  File \"C:\\Users\\Rahul\\AppData\\Local\\Programs\\Python\\Python310\\lib\\site-packages\\django\\db\\models\\sql\\query.py\", line 1218, in add_annotation", "    annotation = annotation.resolve_expression(self, allow_joins=True, reuse=None)", "  File \"C:\\Users\\Rahul\\AppData\\Local\\Programs\\Python\\Python310\\lib\\site-packages\\django\\db\\models\\aggregates.py\", line 176, in resolve_expression", "    result = super().resolve_expression(*args, **kwargs)", "  File \"C:\\Users\\Rahul\\AppData\\Local\\Programs\\Python\\Python310\\lib\\site-packages\\django\\db\\models\\aggregates.py\", line 63, in resolve_expression", "    c = super().resolve_expression(query, allow_joins, reuse, summarize)", "  File \"C:\\Users\\Rahul\\AppData\\Local\\Programs\\Python\\Python310\\lib\\site-packages\\django\\db\\models\\expressions.py\", line 298, in resolve_expression", "    source_expressions = [", "  File \"C:\\Users\\Rahul\\AppData\\Local\\Programs\\Python\\Python310\\lib\\site-packages\\django\\db\\models\\expressions.py\", line 300, in <listcomp>", "    expr.resolve_expression(query, allow_joins, reuse, summarize, for_save)", "  File \"C:\\Users\\Rahul\\AppData\\Local\\Programs\\Python\\Python310\\lib\\site-packages\\django\\db\\models\\expressions.py\", line 902, in resolve_expression", "    return query.resolve_ref(self.name, allow_joins, reuse, summarize)", "  File \"C:\\Users\\Rahul\\AppData\\Local\\Programs\\Python\\Python310\\lib\\site-packages\\django\\db\\models\\sql\\query.py\", line 2049, in resolve_ref", "    join_info = self.setup_joins(", "  File \"C:\\Users\\Rahul\\AppData\\Local\\Programs\\Python\\Python310\\lib\\site-packages\\django\\db\\models\\sql\\query.py\", line 1900, in setup_joins", "    path, final_field, targets, rest = self.names_to_path(", "  File \"C:\\Users\\Rahul\\AppData\\Local\\Programs\\Python\\Python310\\lib\\site-packages\\django\\db\\models\\sql\\query.py\", line 1805, in names_to_path", "    raise FieldError(", "django.core.exceptions.FieldError: Cannot resolve keyword 'id' into field. Choices are: address, admin_user, admin_user_id, athletes, city, country, created_at, district, document, email, houses, is_active, name, notifications, onboarding_status, phone, principal_name, province, school_code, school_id, staff, updated_at, ward, website", ""]}, "request": {"method": "GET", "path": "/api/health/stats/", "ip": "127.0.0.1", "userAgent": "Mozilla/5.0 (Windows NT 10.0; Win64; x64; rv:142.0) Gecko/20100101 Firefox/142.0", "requestId": "6e07e36b-3f6c-4f84-8579-aa0a99f275f6", "userId": 3}, "response": {"statusCode": 500}, "context": {"view": "health_stats_view", "viewMethod": null}, "meta": {"service": "athletiq-django", "environment": "development"}}
Internal Server Error: /api/health/stats/
{"level": "error", "message": "Exception: FieldError", "timestamp": "2025-08-22T19:43:29.000Z", "error": {"name": "FieldError", "message": "Cannot resolve keyword 'id' into field. Choices are: address, admin_user, admin_user_id, athletes, city, country, created_at, district, document, email, houses, is_active, name, notifications, onboarding_status, phone, principal_name, province, school_code, school_id, staff, updated_at, ward, website", "stack": ["Traceback (most recent call last):", "  File \"C:\\Users\\Rahul\\AppData\\Local\\Programs\\Python\\Python310\\lib\\site-packages\\rest_framework\\views.py\", line 512, in dispatch", "    response = handler(request, *args, **kwargs)", "  File \"C:\\Users\\Rahul\\AppData\\Local\\Programs\\Python\\Python310\\lib\\site-packages\\rest_framework\\decorators.py\", line 50, in handler", "    return func(*args, **kwargs)", "  File \"C:\\Users\\Rahul\\OneDrive\\Desktop\\atheletiq\\Athletiq\\athletiq_django\\apps\\common\\views.py\", line 49, in health_stats_view", "    'schools_by_region': dict(School.objects.values_list('district').annotate(count=Count('id'))),", "  File \"C:\\Users\\Rahul\\AppData\\Local\\Programs\\Python\\Python310\\lib\\site-packages\\django\\db\\models\\query.py\", line 1649, in annotate", "    return self._annotate(args, kwargs, select=True)", "  File \"C:\\Users\\Rahul\\AppData\\Local\\Programs\\Python\\Python310\\lib\\site-packages\\django\\db\\models\\query.py\", line 1701, in _annotate", "    clone.query.add_annotation(", "  File \"C:\\Users\\Rahul\\AppData\\Local\\Programs\\Python\\Python310\\lib\\site-packages\\django\\db\\models\\sql\\query.py\", line 1218, in add_annotation", "    annotation = annotation.resolve_expression(self, allow_joins=True, reuse=None)", "  File \"C:\\Users\\Rahul\\AppData\\Local\\Programs\\Python\\Python310\\lib\\site-packages\\django\\db\\models\\aggregates.py\", line 176, in resolve_expression", "    result = super().resolve_expression(*args, **kwargs)", "  File \"C:\\Users\\Rahul\\AppData\\Local\\Programs\\Python\\Python310\\lib\\site-packages\\django\\db\\models\\aggregates.py\", line 63, in resolve_expression", "    c = super().resolve_expression(query, allow_joins, reuse, summarize)", "  File \"C:\\Users\\Rahul\\AppData\\Local\\Programs\\Python\\Python310\\lib\\site-packages\\django\\db\\models\\expressions.py\", line 298, in resolve_expression", "    source_expressions = [", "  File \"C:\\Users\\Rahul\\AppData\\Local\\Programs\\Python\\Python310\\lib\\site-packages\\django\\db\\models\\expressions.py\", line 300, in <listcomp>", "    expr.resolve_expression(query, allow_joins, reuse, summarize, for_save)", "  File \"C:\\Users\\Rahul\\AppData\\Local\\Programs\\Python\\Python310\\lib\\site-packages\\django\\db\\models\\expressions.py\", line 902, in resolve_expression", "    return query.resolve_ref(self.name, allow_joins, reuse, summarize)", "  File \"C:\\Users\\Rahul\\AppData\\Local\\Programs\\Python\\Python310\\lib\\site-packages\\django\\db\\models\\sql\\query.py\", line 2049, in resolve_ref", "    join_info = self.setup_joins(", "  File \"C:\\Users\\Rahul\\AppData\\Local\\Programs\\Python\\Python310\\lib\\site-packages\\django\\db\\models\\sql\\query.py\", line 1900, in setup_joins", "    path, final_field, targets, rest = self.names_to_path(", "  File \"C:\\Users\\Rahul\\AppData\\Local\\Programs\\Python\\Python310\\lib\\site-packages\\django\\db\\models\\sql\\query.py\", line 1805, in names_to_path", "    raise FieldError(", "django.core.exceptions.FieldError: Cannot resolve keyword 'id' into field. Choices are: address, admin_user, admin_user_id, athletes, city, country, created_at, district, document, email, houses, is_active, name, notifications, onboarding_status, phone, principal_name, province, school_code, school_id, staff, updated_at, ward, website", ""]}, "request": {"method": "GET", "path": "/api/health/stats/", "ip": "127.0.0.1", "userAgent": "Mozilla/5.0 (Windows NT 10.0; Win64; x64; rv:142.0) Gecko/20100101 Firefox/142.0", "requestId": "fdd2c2d6-f108-4e06-b4df-1ce2a3ab9f08", "userId": 3}, "response": {"statusCode": 500}, "context": {"view": "health_stats_view", "viewMethod": null}, "meta": {"service": "athletiq-django", "environment": "development"}}
Internal Server Error: /api/health/stats/
{"level": "error", "message": "Exception: FieldError", "timestamp": "2025-08-22T19:43:30.000Z", "error": {"name": "FieldError", "message": "Cannot resolve keyword 'id' into field. Choices are: address, admin_user, admin_user_id, athletes, city, country, created_at, district, document, email, houses, is_active, name, notifications, onboarding_status, phone, principal_name, province, school_code, school_id, staff, updated_at, ward, website", "stack": ["Traceback (most recent call last):", "  File \"C:\\Users\\Rahul\\AppData\\Local\\Programs\\Python\\Python310\\lib\\site-packages\\rest_framework\\views.py\", line 512, in dispatch", "    response = handler(request, *args, **kwargs)", "  File \"C:\\Users\\Rahul\\AppData\\Local\\Programs\\Python\\Python310\\lib\\site-packages\\rest_framework\\decorators.py\", line 50, in handler", "    return func(*args, **kwargs)", "  File \"C:\\Users\\Rahul\\OneDrive\\Desktop\\atheletiq\\Athletiq\\athletiq_django\\apps\\common\\views.py\", line 49, in health_stats_view", "    'schools_by_region': dict(School.objects.values_list('district').annotate(count=Count('id'))),", "  File \"C:\\Users\\Rahul\\AppData\\Local\\Programs\\Python\\Python310\\lib\\site-packages\\django\\db\\models\\query.py\", line 1649, in annotate", "    return self._annotate(args, kwargs, select=True)", "  File \"C:\\Users\\Rahul\\AppData\\Local\\Programs\\Python\\Python310\\lib\\site-packages\\django\\db\\models\\query.py\", line 1701, in _annotate", "    clone.query.add_annotation(", "  File \"C:\\Users\\Rahul\\AppData\\Local\\Programs\\Python\\Python310\\lib\\site-packages\\django\\db\\models\\sql\\query.py\", line 1218, in add_annotation", "    annotation = annotation.resolve_expression(self, allow_joins=True, reuse=None)", "  File \"C:\\Users\\Rahul\\AppData\\Local\\Programs\\Python\\Python310\\lib\\site-packages\\django\\db\\models\\aggregates.py\", line 176, in resolve_expression", "    result = super().resolve_expression(*args, **kwargs)", "  File \"C:\\Users\\Rahul\\AppData\\Local\\Programs\\Python\\Python310\\lib\\site-packages\\django\\db\\models\\aggregates.py\", line 63, in resolve_expression", "    c = super().resolve_expression(query, allow_joins, reuse, summarize)", "  File \"C:\\Users\\Rahul\\AppData\\Local\\Programs\\Python\\Python310\\lib\\site-packages\\django\\db\\models\\expressions.py\", line 298, in resolve_expression", "    source_expressions = [", "  File \"C:\\Users\\Rahul\\AppData\\Local\\Programs\\Python\\Python310\\lib\\site-packages\\django\\db\\models\\expressions.py\", line 300, in <listcomp>", "    expr.resolve_expression(query, allow_joins, reuse, summarize, for_save)", "  File \"C:\\Users\\Rahul\\AppData\\Local\\Programs\\Python\\Python310\\lib\\site-packages\\django\\db\\models\\expressions.py\", line 902, in resolve_expression", "    return query.resolve_ref(self.name, allow_joins, reuse, summarize)", "  File \"C:\\Users\\Rahul\\AppData\\Local\\Programs\\Python\\Python310\\lib\\site-packages\\django\\db\\models\\sql\\query.py\", line 2049, in resolve_ref", "    join_info = self.setup_joins(", "  File \"C:\\Users\\Rahul\\AppData\\Local\\Programs\\Python\\Python310\\lib\\site-packages\\django\\db\\models\\sql\\query.py\", line 1900, in setup_joins", "    path, final_field, targets, rest = self.names_to_path(", "  File \"C:\\Users\\Rahul\\AppData\\Local\\Programs\\Python\\Python310\\lib\\site-packages\\django\\db\\models\\sql\\query.py\", line 1805, in names_to_path", "    raise FieldError(", "django.core.exceptions.FieldError: Cannot resolve keyword 'id' into field. Choices are: address, admin_user, admin_user_id, athletes, city, country, created_at, district, document, email, houses, is_active, name, notifications, onboarding_status, phone, principal_name, province, school_code, school_id, staff, updated_at, ward, website", ""]}, "request": {"method": "GET", "path": "/api/health/stats/", "ip": "127.0.0.1", "userAgent": "Mozilla/5.0 (Windows NT 10.0; Win64; x64; rv:142.0) Gecko/20100101 Firefox/142.0", "requestId": "db25a5df-ebf1-434b-ad42-dd14ac2a0d50", "userId": 3}, "response": {"statusCode": 500}, "context": {"view": "health_stats_view", "viewMethod": null}, "meta": {"service": "athletiq-django", "environment": "development"}}
Internal Server Error: /api/health/stats/
{"level": "error", "message": "Exception: FieldError", "timestamp": "2025-08-22T19:43:31.000Z", "error": {"name": "FieldError", "message": "Cannot resolve keyword 'id' into field. Choices are: address, admin_user, admin_user_id, athletes, city, country, created_at, district, document, email, houses, is_active, name, notifications, onboarding_status, phone, principal_name, province, school_code, school_id, staff, updated_at, ward, website", "stack": ["Traceback (most recent call last):", "  File \"C:\\Users\\Rahul\\AppData\\Local\\Programs\\Python\\Python310\\lib\\site-packages\\rest_framework\\views.py\", line 512, in dispatch", "    response = handler(request, *args, **kwargs)", "  File \"C:\\Users\\Rahul\\AppData\\Local\\Programs\\Python\\Python310\\lib\\site-packages\\rest_framework\\decorators.py\", line 50, in handler", "    return func(*args, **kwargs)", "  File \"C:\\Users\\Rahul\\OneDrive\\Desktop\\atheletiq\\Athletiq\\athletiq_django\\apps\\common\\views.py\", line 49, in health_stats_view", "    'schools_by_region': dict(School.objects.values_list('district').annotate(count=Count('id'))),", "  File \"C:\\Users\\Rahul\\AppData\\Local\\Programs\\Python\\Python310\\lib\\site-packages\\django\\db\\models\\query.py\", line 1649, in annotate", "    return self._annotate(args, kwargs, select=True)", "  File \"C:\\Users\\Rahul\\AppData\\Local\\Programs\\Python\\Python310\\lib\\site-packages\\django\\db\\models\\query.py\", line 1701, in _annotate", "    clone.query.add_annotation(", "  File \"C:\\Users\\Rahul\\AppData\\Local\\Programs\\Python\\Python310\\lib\\site-packages\\django\\db\\models\\sql\\query.py\", line 1218, in add_annotation", "    annotation = annotation.resolve_expression(self, allow_joins=True, reuse=None)", "  File \"C:\\Users\\Rahul\\AppData\\Local\\Programs\\Python\\Python310\\lib\\site-packages\\django\\db\\models\\aggregates.py\", line 176, in resolve_expression", "    result = super().resolve_expression(*args, **kwargs)", "  File \"C:\\Users\\Rahul\\AppData\\Local\\Programs\\Python\\Python310\\lib\\site-packages\\django\\db\\models\\aggregates.py\", line 63, in resolve_expression", "    c = super().resolve_expression(query, allow_joins, reuse, summarize)", "  File \"C:\\Users\\Rahul\\AppData\\Local\\Programs\\Python\\Python310\\lib\\site-packages\\django\\db\\models\\expressions.py\", line 298, in resolve_expression", "    source_expressions = [", "  File \"C:\\Users\\Rahul\\AppData\\Local\\Programs\\Python\\Python310\\lib\\site-packages\\django\\db\\models\\expressions.py\", line 300, in <listcomp>", "    expr.resolve_expression(query, allow_joins, reuse, summarize, for_save)", "  File \"C:\\Users\\Rahul\\AppData\\Local\\Programs\\Python\\Python310\\lib\\site-packages\\django\\db\\models\\expressions.py\", line 902, in resolve_expression", "    return query.resolve_ref(self.name, allow_joins, reuse, summarize)", "  File \"C:\\Users\\Rahul\\AppData\\Local\\Programs\\Python\\Python310\\lib\\site-packages\\django\\db\\models\\sql\\query.py\", line 2049, in resolve_ref", "    join_info = self.setup_joins(", "  File \"C:\\Users\\Rahul\\AppData\\Local\\Programs\\Python\\Python310\\lib\\site-packages\\django\\db\\models\\sql\\query.py\", line 1900, in setup_joins", "    path, final_field, targets, rest = self.names_to_path(", "  File \"C:\\Users\\Rahul\\AppData\\Local\\Programs\\Python\\Python310\\lib\\site-packages\\django\\db\\models\\sql\\query.py\", line 1805, in names_to_path", "    raise FieldError(", "django.core.exceptions.FieldError: Cannot resolve keyword 'id' into field. Choices are: address, admin_user, admin_user_id, athletes, city, country, created_at, district, document, email, houses, is_active, name, notifications, onboarding_status, phone, principal_name, province, school_code, school_id, staff, updated_at, ward, website", ""]}, "request": {"method": "GET", "path": "/api/health/stats/", "ip": "127.0.0.1", "userAgent": "Mozilla/5.0 (Windows NT 10.0; Win64; x64; rv:142.0) Gecko/20100101 Firefox/142.0", "requestId": "6f45eb71-9347-4a90-a9b6-70e7756239ab", "userId": 3}, "response": {"statusCode": 500}, "context": {"view": "health_stats_view", "viewMethod": null}, "meta": {"service": "athletiq-django", "environment": "development"}}
Internal Server Error: /api/health/stats/
{"level": "error", "message": "Exception: FieldError", "timestamp": "2025-08-22T19:43:32.000Z", "error": {"name": "FieldError", "message": "Cannot resolve keyword 'id' into field. Choices are: address, admin_user, admin_user_id, athletes, city, country, created_at, district, document, email, houses, is_active, name, notifications, onboarding_status, phone, principal_name, province, school_code, school_id, staff, updated_at, ward, website", "stack": ["Traceback (most recent call last):", "  File \"C:\\Users\\Rahul\\AppData\\Local\\Programs\\Python\\Python310\\lib\\site-packages\\rest_framework\\views.py\", line 512, in dispatch", "    response = handler(request, *args, **kwargs)", "  File \"C:\\Users\\Rahul\\AppData\\Local\\Programs\\Python\\Python310\\lib\\site-packages\\rest_framework\\decorators.py\", line 50, in handler", "    return func(*args, **kwargs)", "  File \"C:\\Users\\Rahul\\OneDrive\\Desktop\\atheletiq\\Athletiq\\athletiq_django\\apps\\common\\views.py\", line 49, in health_stats_view", "    'schools_by_region': dict(School.objects.values_list('district').annotate(count=Count('id'))),", "  File \"C:\\Users\\Rahul\\AppData\\Local\\Programs\\Python\\Python310\\lib\\site-packages\\django\\db\\models\\query.py\", line 1649, in annotate", "    return self._annotate(args, kwargs, select=True)", "  File \"C:\\Users\\Rahul\\AppData\\Local\\Programs\\Python\\Python310\\lib\\site-packages\\django\\db\\models\\query.py\", line 1701, in _annotate", "    clone.query.add_annotation(", "  File \"C:\\Users\\Rahul\\AppData\\Local\\Programs\\Python\\Python310\\lib\\site-packages\\django\\db\\models\\sql\\query.py\", line 1218, in add_annotation", "    annotation = annotation.resolve_expression(self, allow_joins=True, reuse=None)", "  File \"C:\\Users\\Rahul\\AppData\\Local\\Programs\\Python\\Python310\\lib\\site-packages\\django\\db\\models\\aggregates.py\", line 176, in resolve_expression", "    result = super().resolve_expression(*args, **kwargs)", "  File \"C:\\Users\\Rahul\\AppData\\Local\\Programs\\Python\\Python310\\lib\\site-packages\\django\\db\\models\\aggregates.py\", line 63, in resolve_expression", "    c = super().resolve_expression(query, allow_joins, reuse, summarize)", "  File \"C:\\Users\\Rahul\\AppData\\Local\\Programs\\Python\\Python310\\lib\\site-packages\\django\\db\\models\\expressions.py\", line 298, in resolve_expression", "    source_expressions = [", "  File \"C:\\Users\\Rahul\\AppData\\Local\\Programs\\Python\\Python310\\lib\\site-packages\\django\\db\\models\\expressions.py\", line 300, in <listcomp>", "    expr.resolve_expression(query, allow_joins, reuse, summarize, for_save)", "  File \"C:\\Users\\Rahul\\AppData\\Local\\Programs\\Python\\Python310\\lib\\site-packages\\django\\db\\models\\expressions.py\", line 902, in resolve_expression", "    return query.resolve_ref(self.name, allow_joins, reuse, summarize)", "  File \"C:\\Users\\Rahul\\AppData\\Local\\Programs\\Python\\Python310\\lib\\site-packages\\django\\db\\models\\sql\\query.py\", line 2049, in resolve_ref", "    join_info = self.setup_joins(", "  File \"C:\\Users\\Rahul\\AppData\\Local\\Programs\\Python\\Python310\\lib\\site-packages\\django\\db\\models\\sql\\query.py\", line 1900, in setup_joins", "    path, final_field, targets, rest = self.names_to_path(", "  File \"C:\\Users\\Rahul\\AppData\\Local\\Programs\\Python\\Python310\\lib\\site-packages\\django\\db\\models\\sql\\query.py\", line 1805, in names_to_path", "    raise FieldError(", "django.core.exceptions.FieldError: Cannot resolve keyword 'id' into field. Choices are: address, admin_user, admin_user_id, athletes, city, country, created_at, district, document, email, houses, is_active, name, notifications, onboarding_status, phone, principal_name, province, school_code, school_id, staff, updated_at, ward, website", ""]}, "request": {"method": "GET", "path": "/api/health/stats/", "ip": "127.0.0.1", "userAgent": "Mozilla/5.0 (Windows NT 10.0; Win64; x64; rv:142.0) Gecko/20100101 Firefox/142.0", "requestId": "25aaa34d-5ef8-45fb-a404-30baa17c99ea", "userId": 3}, "response": {"statusCode": 500}, "context": {"view": "health_stats_view", "viewMethod": null}, "meta": {"service": "athletiq-django", "environment": "development"}}
Internal Server Error: /api/health/stats/
Internal Server Error: /api/guardian/auth/register
Internal Server Error: /api/guardian/auth/register
Internal Server Error: /api/guardian/auth/register
{"level": "error", "message": "Exception: OSError", "timestamp": "2025-08-23T16:59:42.000Z", "error": {"name": "OSError", "message": "[Errno 22] Invalid argument", "stack": ["Traceback (most recent call last):", "  File \"C:\\Users\\Rahul\\AppData\\Local\\Programs\\Python\\Python310\\lib\\site-packages\\rest_framework\\views.py\", line 503, in dispatch", "    self.initial(request, *args, **kwargs)", "  File \"C:\\Users\\Rahul\\AppData\\Local\\Programs\\Python\\Python310\\lib\\site-packages\\rest_framework\\views.py\", line 421, in initial", "    self.check_permissions(request)", "  File \"C:\\Users\\Rahul\\OneDrive\\Desktop\\atheletiq\\Athletiq\\athletiq_django\\apps\\schools\\views.py\", line 59, in check_permissions", "    print(\"\\n=== DEBUG: SchoolListView Permission Check ===\")", "OSError: [Errno 22] Invalid argument", ""]}, "request": {"method": "GET", "path": "/api/schools/", "ip": "127.0.0.1", "userAgent": "Mozilla/5.0 (Windows NT 10.0; Win64; x64; rv:142.0) Gecko/20100101 Firefox/142.0", "requestId": "61df2084-b1cb-4ead-92b4-8ef7d56ea2be", "userId": 2}, "response": {"statusCode": 500}, "context": {"view": "SchoolListView", "viewMethod": null}, "meta": {"service": "athletiq-django", "environment": "development"}}
Internal Server Error: /api/schools/
Internal Server Error: /api/tournaments/
Internal Server Error: /api/tournaments/
Internal Server Error: /api/tournaments/
